date,Usage_kWh,WeekStatus,Day_of_week,Load_Type,Lagging_Current_Reactive.Power_kVarh,Leading_Current_Reactive_Power_kVarh
29/04/2018 07:15,2.88,Weekend,Sunday,Light_Load,3.82,0.00
04/10/2018 12:00,60.77,Weekday,Thursday,Maximum_Load,48.02,0.00
26/01/2018 11:30,120.42,Weekday,Friday,Maximum_Load,59.65,0.00
02/06/2018 14:30,3.13,Weekend,Saturday,Light_Load,0.00,16.60
07/12/2018 15:00,58.86,Weekday,Friday,Medium_Load,20.99,0.00
26/03/2018 06:00,3.10,Weekday,Monday,Light_Load,3.49,0.00
18/12/2018 13:00,9.40,Weekday,Tuesday,Medium_Load,0.00,20.52
18/04/2018 00:45,3.60,Weekday,Wednesday,Light_Load,3.35,0.00
23/11/2018 23:30,4.61,Weekday,Friday,Light_Load,2.20,0.07
08/12/2018 00:00,3.78,Weekend,Saturday,Light_Load,3.13,0.11
15/07/2018 04:30,2.84,Weekend,Sunday,Light_Load,5.26,0.00
23/05/2018 06:00,3.02,Weekday,Wednesday,Light_Load,5.26,0.00
26/07/2018 23:15,2.84,Weekday,Thursday,Light_Load,5.36,0.00
08/11/2018 17:15,64.84,Weekday,Thursday,Maximum_Load,51.37,0.00
28/10/2018 01:30,2.81,Weekend,Sunday,Light_Load,5.18,0.00
05/01/2018 14:30,87.05,Weekday,Friday,Medium_Load,36.65,0.00
24/11/2018 04:30,3.64,Weekend,Saturday,Light_Load,3.20,0.00
15/10/2018 16:15,111.20,Weekday,Monday,Maximum_Load,52.49,0.00
14/08/2018 12:00,72.86,Weekday,Tuesday,Maximum_Load,56.99,0.00
25/05/2018 19:45,37.80,Weekday,Friday,Medium_Load,2.20,0.40
19/01/2018 01:00,53.93,Weekday,Friday,Light_Load,32.47,0.00
18/05/2018 15:45,58.93,Weekday,Friday,Maximum_Load,30.38,0.00
26/09/2018 04:45,2.59,Weekday,Wednesday,Light_Load,5.36,0.00
19/05/2018 19:45,3.71,Weekend,Saturday,Medium_Load,0.00,20.16
13/06/2018 16:45,3.42,Weekday,Wednesday,Maximum_Load,0.00,19.48
14/06/2018 03:00,2.88,Weekday,Thursday,Light_Load,4.14,0.00
28/12/2018 11:30,64.94,Weekday,Friday,Maximum_Load,29.56,0.00
18/01/2018 09:15,97.13,Weekday,Thursday,Medium_Load,43.92,0.00
24/12/2018 16:30,69.55,Weekday,Monday,Medium_Load,29.77,0.00
24/06/2018 03:15,2.59,Weekend,Sunday,Light_Load,3.38,0.00
25/02/2018 11:30,4.68,Weekend,Sunday,Light_Load,0.00,6.34
03/01/2018 20:30,37.30,Weekday,Wednesday,Medium_Load,2.88,1.22
12/10/2018 23:45,3.49,Weekday,Friday,Light_Load,6.26,0.00
14/09/2018 01:30,3.53,Weekday,Friday,Light_Load,4.93,0.00
05/04/2018 03:45,3.10,Weekday,Thursday,Light_Load,3.71,0.00
03/07/2018 07:30,3.53,Weekday,Tuesday,Light_Load,5.26,0.00
17/09/2018 09:00,56.34,Weekday,Monday,Light_Load,31.25,0.00
06/12/2018 04:15,3.31,Weekday,Thursday,Light_Load,2.77,0.00
15/03/2018 06:30,3.38,Weekday,Thursday,Light_Load,5.76,0.00
01/08/2018 06:30,2.66,Weekday,Wednesday,Light_Load,4.79,0.00
12/07/2018 01:00,2.99,Weekday,Thursday,Light_Load,4.82,0.00
24/05/2018 21:45,8.39,Weekday,Thursday,Medium_Load,0.00,22.79
08/05/2018 23:30,3.60,Weekday,Tuesday,Light_Load,3.31,0.00
15/07/2018 22:15,4.72,Weekend,Sunday,Medium_Load,0.00,22.10
21/05/2018 14:45,76.18,Weekday,Monday,Maximum_Load,47.41,0.00
01/01/2018 17:45,3.60,Weekday,Monday,Light_Load,0.00,17.39
16/07/2018 21:15,4.90,Weekday,Monday,Medium_Load,0.00,24.01
28/09/2018 10:00,47.20,Weekday,Friday,Medium_Load,24.48,0.00
16/11/2018 19:30,59.04,Weekday,Friday,Maximum_Load,26.28,0.00
31/07/2018 02:30,2.84,Weekday,Tuesday,Light_Load,4.36,0.00
05/09/2018 11:30,64.26,Weekday,Wednesday,Maximum_Load,38.77,0.00
04/12/2018 21:15,5.69,Weekday,Tuesday,Medium_Load,0.00,20.20
27/09/2018 01:15,2.74,Weekday,Thursday,Light_Load,6.01,0.00
06/09/2018 17:00,57.89,Weekday,Thursday,Maximum_Load,29.48,0.00
17/06/2018 14:15,3.02,Weekend,Sunday,Light_Load,0.00,16.85
06/11/2018 08:15,35.03,Weekday,Tuesday,Light_Load,30.74,0.00
06/12/2018 22:00,5.54,Weekday,Thursday,Medium_Load,0.00,19.98
13/01/2018 01:30,4.64,Weekend,Saturday,Light_Load,3.89,0.00
12/07/2018 01:45,2.95,Weekday,Thursday,Light_Load,4.86,0.00
26/03/2018 15:15,59.76,Weekday,Monday,Maximum_Load,14.15,0.00
22/11/2018 12:15,5.22,Weekday,Thursday,Medium_Load,0.00,20.70
16/11/2018 10:15,67.68,Weekday,Friday,Maximum_Load,40.68,0.00
08/02/2018 14:30,118.22,Weekday,Thursday,Medium_Load,54.04,0.00
07/02/2018 03:45,5.90,Weekday,Wednesday,Light_Load,5.29,0.00
07/04/2018 06:15,3.17,Weekend,Saturday,Light_Load,5.33,0.00
03/06/2018 23:45,3.17,Weekend,Sunday,Light_Load,4.79,0.00
21/11/2018 08:30,50.08,Weekday,Wednesday,Light_Load,31.97,0.00
22/12/2018 03:15,3.82,Weekend,Saturday,Light_Load,2.84,0.07
05/07/2018 19:30,57.85,Weekday,Thursday,Medium_Load,22.50,0.00
05/12/2018 08:15,27.65,Weekday,Wednesday,Light_Load,17.17,0.11
08/05/2018 03:45,3.02,Weekday,Tuesday,Light_Load,3.74,0.00
25/12/2018 03:45,3.28,Weekday,Tuesday,Light_Load,2.41,0.07
06/07/2018 18:15,60.44,Weekday,Friday,Medium_Load,33.73,0.61
02/01/2018 00:15,3.20,Weekday,Tuesday,Light_Load,3.10,0.00
16/04/2018 18:15,37.87,Weekday,Monday,Medium_Load,14.72,0.65
23/08/2018 14:30,40.07,Weekday,Thursday,Maximum_Load,8.10,0.00
28/08/2018 23:00,3.13,Weekday,Tuesday,Medium_Load,4.90,0.00
26/02/2018 00:30,3.82,Weekday,Monday,Light_Load,3.31,0.00
21/12/2018 11:45,57.85,Weekday,Friday,Maximum_Load,23.98,0.00
18/10/2018 17:30,47.41,Weekday,Thursday,Medium_Load,29.12,0.00
22/11/2018 04:45,3.20,Weekday,Thursday,Light_Load,3.17,0.00
28/08/2018 07:15,2.52,Weekday,Tuesday,Light_Load,4.36,0.00
28/07/2018 10:00,47.23,Weekend,Saturday,Medium_Load,13.21,0.00
16/07/2018 06:00,2.81,Weekday,Monday,Light_Load,5.04,0.00
16/05/2018 02:00,3.82,Weekday,Wednesday,Light_Load,4.86,0.00
22/12/2018 15:30,3.53,Weekend,Saturday,Light_Load,0.00,14.15
21/07/2018 09:45,43.49,Weekend,Saturday,Medium_Load,23.87,0.00
02/09/2018 05:15,3.17,Weekend,Sunday,Light_Load,6.12,0.00
02/09/2018 01:15,2.74,Weekend,Sunday,Light_Load,4.90,0.00
12/02/2018 07:30,5.33,Weekday,Monday,Light_Load,5.04,0.00
13/03/2018 13:15,53.75,Weekday,Tuesday,Maximum_Load,16.24,2.66
24/01/2018 17:30,65.16,Weekday,Wednesday,Maximum_Load,17.64,0.00
27/01/2018 11:30,30.85,Weekend,Saturday,Maximum_Load,7.49,0.00
03/05/2018 04:00,3.13,Weekday,Thursday,Light_Load,4.00,0.00
08/05/2018 11:00,80.14,Weekday,Tuesday,Maximum_Load,35.82,0.00
28/08/2018 04:45,2.63,Weekday,Tuesday,Light_Load,4.07,0.00
06/11/2018 22:00,3.85,Weekday,Tuesday,Medium_Load,0.00,17.32
12/06/2018 16:00,63.61,Weekday,Tuesday,Maximum_Load,18.36,0.00
05/04/2018 12:00,48.38,Weekday,Thursday,Maximum_Load,28.01,0.00
25/08/2018 20:00,2.88,Weekend,Saturday,Light_Load,0.00,13.54
29/01/2018 16:45,129.13,Weekday,Monday,Medium_Load,46.58,0.00
12/09/2018 09:30,41.69,Weekday,Wednesday,Medium_Load,21.17,0.00
11/09/2018 17:30,75.82,Weekday,Tuesday,Medium_Load,43.56,0.00
05/05/2018 05:30,3.53,Weekend,Saturday,Light_Load,4.54,0.00
07/11/2018 11:15,49.00,Weekday,Wednesday,Maximum_Load,27.72,0.00
01/06/2018 19:30,4.97,Weekday,Friday,Medium_Load,0.00,25.56
28/11/2018 09:45,58.97,Weekday,Wednesday,Medium_Load,25.85,0.00
23/05/2018 00:15,3.20,Weekday,Wednesday,Light_Load,5.22,0.00
29/01/2018 14:00,117.07,Weekday,Monday,Medium_Load,46.44,0.00
24/03/2018 06:45,3.49,Weekend,Saturday,Light_Load,4.86,0.00
09/09/2018 13:30,21.10,Weekend,Sunday,Maximum_Load,2.52,2.92
19/08/2018 02:15,2.74,Weekend,Sunday,Light_Load,4.68,0.00
06/12/2018 07:30,3.46,Weekday,Thursday,Light_Load,2.56,0.04
25/03/2018 20:00,5.00,Weekend,Sunday,Medium_Load,0.00,26.46
25/06/2018 04:00,2.84,Weekday,Monday,Light_Load,4.68,0.00
27/01/2018 20:45,4.39,Weekend,Saturday,Medium_Load,0.00,17.17
21/12/2018 22:30,5.26,Weekday,Friday,Maximum_Load,3.31,0.00
14/05/2018 08:45,58.10,Weekday,Monday,Light_Load,52.96,0.00
14/08/2018 01:00,2.81,Weekday,Tuesday,Light_Load,5.26,0.00
25/10/2018 11:00,67.43,Weekday,Thursday,Maximum_Load,44.50,0.00
23/02/2018 17:00,60.30,Weekday,Friday,Medium_Load,22.10,0.00
22/02/2018 06:45,5.00,Weekday,Thursday,Light_Load,4.82,0.00
24/05/2018 09:45,99.58,Weekday,Thursday,Medium_Load,38.99,0.00
19/04/2018 23:45,3.53,Weekday,Thursday,Light_Load,3.20,0.00
18/01/2018 09:45,70.06,Weekday,Thursday,Medium_Load,27.47,0.00
14/01/2018 07:00,3.96,Weekend,Sunday,Light_Load,3.64,0.00
29/11/2018 22:30,4.14,Weekday,Thursday,Maximum_Load,5.47,0.00
09/12/2018 21:45,3.38,Weekend,Sunday,Light_Load,0.00,14.62
01/07/2018 08:00,3.06,Weekend,Sunday,Light_Load,3.67,0.00
29/10/2018 16:45,101.27,Weekday,Monday,Maximum_Load,47.59,0.00
14/01/2018 11:00,14.00,Weekend,Sunday,Maximum_Load,0.00,21.82
02/06/2018 11:15,6.26,Weekend,Saturday,Light_Load,0.00,6.77
23/04/2018 07:30,3.89,Weekday,Monday,Light_Load,3.89,0.00
17/12/2018 21:15,4.43,Weekday,Monday,Medium_Load,0.00,21.13
11/12/2018 02:15,4.28,Weekday,Tuesday,Light_Load,3.67,0.04
05/11/2018 04:45,2.92,Weekday,Monday,Light_Load,4.32,0.00
12/07/2018 16:00,51.73,Weekday,Thursday,Maximum_Load,17.53,0.00
28/05/2018 14:45,54.11,Weekday,Monday,Maximum_Load,27.22,0.00
03/10/2018 06:30,3.49,Weekday,Wednesday,Light_Load,7.85,0.00
17/04/2018 14:00,94.00,Weekday,Tuesday,Maximum_Load,36.50,0.00
18/06/2018 21:30,3.85,Weekday,Monday,Medium_Load,0.00,23.04
01/02/2018 19:30,92.84,Weekday,Thursday,Maximum_Load,40.79,0.00
09/02/2018 08:15,57.56,Weekday,Friday,Light_Load,35.35,0.00
17/11/2018 05:30,3.17,Weekend,Saturday,Light_Load,4.32,0.00
09/09/2018 08:30,5.76,Weekend,Sunday,Light_Load,10.22,0.00
17/01/2018 10:00,67.18,Weekday,Wednesday,Medium_Load,19.94,0.00
31/12/2018 05:15,3.56,Weekday,Monday,Light_Load,2.74,0.14
10/04/2018 19:00,48.17,Weekday,Tuesday,Medium_Load,15.52,0.00
25/12/2018 21:30,4.03,Weekday,Tuesday,Light_Load,0.00,20.45
07/08/2018 22:45,3.06,Weekday,Tuesday,Medium_Load,5.40,0.00
05/10/2018 04:30,3.38,Weekday,Friday,Light_Load,6.41,0.00
15/12/2018 10:30,3.35,Weekend,Saturday,Light_Load,0.00,15.05
21/11/2018 03:30,2.88,Weekday,Wednesday,Light_Load,1.94,0.25
21/02/2018 09:15,60.59,Weekday,Wednesday,Medium_Load,14.98,0.00
09/06/2018 08:15,3.13,Weekend,Saturday,Light_Load,5.47,0.00
26/11/2018 08:30,88.92,Weekday,Monday,Light_Load,65.88,0.00
25/12/2018 16:30,3.42,Weekday,Tuesday,Light_Load,0.00,14.00
27/12/2018 19:30,47.99,Weekday,Thursday,Maximum_Load,7.42,0.25
30/05/2018 20:45,68.80,Weekday,Wednesday,Medium_Load,26.39,0.00
22/11/2018 10:15,139.57,Weekday,Thursday,Maximum_Load,58.90,0.00
03/01/2018 18:00,73.62,Weekday,Wednesday,Maximum_Load,13.25,1.69
15/08/2018 04:30,2.66,Weekday,Wednesday,Light_Load,4.32,0.00
08/10/2018 02:30,2.66,Weekday,Monday,Light_Load,5.18,0.00
23/03/2018 06:30,3.24,Weekday,Friday,Light_Load,3.96,0.00
14/01/2018 10:15,15.01,Weekend,Sunday,Maximum_Load,0.04,13.50
19/08/2018 23:15,2.63,Weekend,Sunday,Light_Load,4.54,0.00
09/06/2018 17:45,3.13,Weekend,Saturday,Light_Load,0.00,16.42
19/08/2018 18:45,2.66,Weekend,Sunday,Light_Load,0.00,9.94
26/09/2018 05:45,2.63,Weekday,Wednesday,Light_Load,5.36,0.00
15/04/2018 08:15,3.17,Weekend,Sunday,Light_Load,4.54,0.00
20/11/2018 01:00,3.60,Weekday,Tuesday,Light_Load,3.74,0.00
27/06/2018 19:00,3.71,Weekday,Wednesday,Medium_Load,0.00,26.10
02/03/2018 21:15,40.68,Weekday,Friday,Medium_Load,7.38,0.36
25/08/2018 13:00,3.38,Weekend,Saturday,Light_Load,0.00,13.14
19/02/2018 13:15,61.67,Weekday,Monday,Medium_Load,22.43,1.73
08/02/2018 06:30,4.93,Weekday,Thursday,Light_Load,6.26,0.00
02/05/2018 01:45,4.00,Weekday,Wednesday,Light_Load,5.47,0.00
08/11/2018 22:30,3.78,Weekday,Thursday,Maximum_Load,6.80,0.00
18/06/2018 12:15,12.49,Weekday,Monday,Medium_Load,3.02,12.92
04/08/2018 22:15,3.06,Weekend,Saturday,Light_Load,1.08,5.22
05/10/2018 06:00,3.02,Weekday,Friday,Light_Load,5.65,0.00
16/06/2018 00:00,2.99,Weekend,Saturday,Light_Load,5.22,0.00
24/09/2018 07:15,2.66,Weekday,Monday,Light_Load,5.69,0.00
08/01/2018 21:45,5.18,Weekday,Monday,Medium_Load,0.00,25.99
03/12/2018 01:30,3.35,Weekday,Monday,Light_Load,2.48,0.00
02/02/2018 22:15,42.05,Weekday,Friday,Maximum_Load,13.14,0.43
06/12/2018 11:15,60.88,Weekday,Thursday,Maximum_Load,31.57,0.00
29/12/2018 22:45,3.13,Weekend,Saturday,Light_Load,2.77,0.00
01/10/2018 09:30,55.01,Weekday,Monday,Medium_Load,31.75,0.00
01/10/2018 11:00,55.84,Weekday,Monday,Maximum_Load,31.25,0.00
14/12/2018 11:45,88.85,Weekday,Friday,Maximum_Load,36.76,0.00
30/04/2018 19:00,3.78,Weekday,Monday,Medium_Load,0.00,25.88
02/02/2018 12:45,9.68,Weekday,Friday,Medium_Load,0.00,25.34
24/03/2018 10:15,33.52,Weekend,Saturday,Maximum_Load,0.58,3.24
07/01/2018 10:45,3.56,Weekend,Sunday,Light_Load,0.00,17.28
01/06/2018 08:30,51.19,Weekday,Friday,Light_Load,48.92,0.00
07/05/2018 02:30,2.99,Weekday,Monday,Light_Load,4.36,0.00
22/10/2018 03:45,2.92,Weekday,Monday,Light_Load,5.72,0.00
12/04/2018 09:30,104.54,Weekday,Thursday,Medium_Load,47.95,0.00
25/11/2018 09:15,4.93,Weekend,Sunday,Light_Load,0.00,20.20
20/05/2018 05:30,3.06,Weekend,Sunday,Light_Load,5.76,0.00
06/11/2018 18:45,52.81,Weekday,Tuesday,Maximum_Load,28.22,0.00
02/09/2018 20:00,2.88,Weekend,Sunday,Medium_Load,0.00,12.24
16/12/2018 15:45,48.42,Weekend,Sunday,Medium_Load,16.27,0.00
17/07/2018 09:15,58.64,Weekday,Tuesday,Medium_Load,44.46,0.00
02/08/2018 19:15,2.95,Weekday,Thursday,Light_Load,0.00,16.45
22/11/2018 03:45,3.20,Weekday,Thursday,Light_Load,3.13,0.00
29/03/2018 22:45,3.60,Weekday,Thursday,Medium_Load,5.04,0.00
15/03/2018 10:30,125.10,Weekday,Thursday,Maximum_Load,50.22,0.00
25/06/2018 01:00,2.95,Weekday,Monday,Light_Load,4.68,0.00
25/09/2018 08:45,2.48,Weekday,Tuesday,Light_Load,2.05,2.27
13/07/2018 21:45,3.82,Weekday,Friday,Medium_Load,0.00,16.34
04/05/2018 14:30,58.25,Weekday,Friday,Maximum_Load,27.25,0.00
24/05/2018 12:15,5.00,Weekday,Thursday,Medium_Load,0.00,18.18
18/10/2018 20:45,42.77,Weekday,Thursday,Medium_Load,17.86,0.00
05/11/2018 14:30,68.47,Weekday,Monday,Medium_Load,44.28,0.00
25/11/2018 20:00,3.10,Weekend,Sunday,Light_Load,0.00,15.95
05/02/2018 04:45,4.43,Weekday,Monday,Light_Load,4.61,0.00
12/04/2018 23:45,4.07,Weekday,Thursday,Light_Load,5.87,0.00
09/11/2018 18:30,58.79,Weekday,Friday,Maximum_Load,33.62,0.00
21/01/2018 15:30,5.15,Weekend,Sunday,Light_Load,0.00,25.70
14/06/2018 09:15,59.76,Weekday,Thursday,Medium_Load,16.96,0.00
18/10/2018 22:30,4.97,Weekday,Thursday,Medium_Load,9.22,0.00
19/05/2018 10:45,56.74,Weekend,Saturday,Maximum_Load,24.62,0.00
24/03/2018 12:15,6.34,Weekend,Saturday,Medium_Load,0.86,13.75
20/02/2018 05:45,5.80,Weekday,Tuesday,Light_Load,5.26,0.00
17/02/2018 17:15,3.92,Weekend,Saturday,Light_Load,0.00,20.74
22/08/2018 09:15,48.28,Weekday,Wednesday,Medium_Load,24.44,0.00
01/12/2018 17:30,4.75,Weekend,Saturday,Maximum_Load,0.00,21.10
19/04/2018 13:45,64.87,Weekday,Thursday,Maximum_Load,31.50,0.00
15/09/2018 03:15,2.70,Weekend,Saturday,Light_Load,5.00,0.00
11/04/2018 05:15,3.28,Weekday,Wednesday,Light_Load,4.68,0.00
29/03/2018 09:15,51.08,Weekday,Thursday,Medium_Load,17.68,0.00
20/04/2018 10:15,57.28,Weekday,Friday,Maximum_Load,26.17,0.00
24/11/2018 11:45,3.28,Weekend,Saturday,Light_Load,0.00,13.64
01/01/2018 03:30,3.31,Weekday,Monday,Light_Load,3.74,0.00
01/03/2018 00:30,5.33,Weekday,Thursday,Light_Load,5.80,0.00
28/09/2018 15:45,56.66,Weekday,Friday,Maximum_Load,32.62,0.00
03/07/2018 08:00,5.22,Weekday,Tuesday,Light_Load,6.12,0.00
23/06/2018 12:15,9.83,Weekend,Saturday,Medium_Load,3.35,9.76
19/04/2018 19:30,40.10,Weekday,Thursday,Medium_Load,3.13,0.40
19/11/2018 14:00,58.79,Weekday,Monday,Medium_Load,29.66,0.00
03/04/2018 16:00,67.36,Weekday,Tuesday,Maximum_Load,33.98,0.00
11/03/2018 16:30,30.35,Weekend,Sunday,Maximum_Load,0.54,2.02
19/04/2018 11:30,59.36,Weekday,Thursday,Maximum_Load,46.84,0.00
08/04/2018 09:30,90.58,Weekend,Sunday,Medium_Load,19.87,0.50
07/03/2018 23:45,3.06,Weekday,Wednesday,Light_Load,2.38,0.00
12/02/2018 22:15,32.69,Weekday,Monday,Maximum_Load,9.07,4.39
22/07/2018 02:30,3.31,Weekend,Sunday,Light_Load,0.00,4.50
01/12/2018 05:30,3.28,Weekend,Saturday,Light_Load,2.27,0.11
26/09/2018 07:30,2.56,Weekday,Wednesday,Light_Load,5.51,0.00
20/04/2018 08:30,48.92,Weekday,Friday,Light_Load,46.26,0.00
30/01/2018 21:00,71.42,Weekday,Tuesday,Medium_Load,12.49,0.00
17/01/2018 14:45,52.42,Weekday,Wednesday,Medium_Load,18.25,0.00
05/08/2018 20:15,3.13,Weekend,Sunday,Light_Load,0.00,16.60
23/11/2018 17:15,86.98,Weekday,Friday,Maximum_Load,45.97,0.00
22/09/2018 13:00,2.95,Weekend,Saturday,Light_Load,0.00,11.41
25/01/2018 20:00,69.16,Weekday,Thursday,Maximum_Load,21.38,0.00
03/10/2018 22:45,2.77,Weekday,Wednesday,Medium_Load,5.47,0.00
03/01/2018 22:00,5.18,Weekday,Wednesday,Medium_Load,0.00,26.78
12/08/2018 15:00,3.02,Weekend,Sunday,Light_Load,0.00,14.72
14/10/2018 20:15,3.06,Weekend,Sunday,Light_Load,0.00,12.64
09/09/2018 09:15,10.22,Weekend,Sunday,Medium_Load,0.11,5.47
27/11/2018 15:15,81.58,Weekday,Tuesday,Medium_Load,26.78,0.00
20/03/2018 09:30,68.51,Weekday,Tuesday,Medium_Load,30.53,0.00
08/03/2018 22:30,5.08,Weekday,Thursday,Medium_Load,4.82,0.00
27/05/2018 01:00,2.77,Weekend,Sunday,Light_Load,4.54,0.00
31/10/2018 23:45,3.92,Weekday,Wednesday,Light_Load,5.29,0.00
12/04/2018 02:15,3.53,Weekday,Thursday,Light_Load,4.57,0.00
06/06/2018 13:00,4.79,Weekday,Wednesday,Medium_Load,0.00,19.26
06/10/2018 09:45,41.69,Weekend,Saturday,Medium_Load,22.28,0.00
22/12/2018 12:00,3.60,Weekend,Saturday,Light_Load,0.00,13.68
02/01/2018 12:15,19.22,Weekday,Tuesday,Medium_Load,5.54,18.90
21/04/2018 04:00,3.10,Weekend,Saturday,Light_Load,3.64,0.00
09/09/2018 01:30,2.77,Weekend,Sunday,Light_Load,5.22,0.00
22/10/2018 14:45,92.56,Weekday,Monday,Maximum_Load,52.16,0.00
26/03/2018 17:30,55.87,Weekday,Monday,Medium_Load,26.89,0.00
06/05/2018 21:00,3.28,Weekend,Sunday,Light_Load,0.00,16.96
02/03/2018 13:45,90.86,Weekday,Friday,Maximum_Load,15.52,0.14
20/12/2018 11:00,77.51,Weekday,Thursday,Maximum_Load,43.70,0.00
26/09/2018 05:30,2.56,Weekday,Wednesday,Light_Load,5.29,0.00
25/04/2018 17:45,62.93,Weekday,Wednesday,Medium_Load,33.08,0.00
15/10/2018 03:30,2.74,Weekday,Monday,Light_Load,5.11,0.00
05/02/2018 09:30,71.39,Weekday,Monday,Medium_Load,25.20,0.00
25/11/2018 18:45,3.02,Weekend,Sunday,Light_Load,0.00,14.51
16/10/2018 09:30,110.52,Weekday,Tuesday,Medium_Load,49.18,0.00
16/09/2018 05:45,2.66,Weekend,Sunday,Light_Load,5.29,0.00
07/06/2018 23:30,3.35,Weekday,Thursday,Light_Load,4.43,0.00
25/05/2018 03:30,3.49,Weekday,Friday,Light_Load,4.00,0.00
19/04/2018 06:30,2.99,Weekday,Thursday,Light_Load,3.67,0.00
12/11/2018 22:30,4.97,Weekday,Monday,Maximum_Load,8.68,0.00
15/01/2018 08:30,84.92,Weekday,Monday,Light_Load,69.70,0.00
19/01/2018 16:45,95.26,Weekday,Friday,Medium_Load,32.15,0.00
07/05/2018 02:15,3.10,Weekday,Monday,Light_Load,4.36,0.00
29/07/2018 04:45,2.70,Weekend,Sunday,Light_Load,4.75,0.00
05/01/2018 11:15,129.85,Weekday,Friday,Maximum_Load,63.86,0.00
30/10/2018 05:00,2.95,Weekday,Tuesday,Light_Load,4.03,0.00
09/01/2018 19:00,114.80,Weekday,Tuesday,Maximum_Load,40.25,0.00
26/12/2018 13:00,6.41,Weekday,Wednesday,Medium_Load,0.00,21.10
06/07/2018 09:30,106.52,Weekday,Friday,Medium_Load,42.95,0.00
02/03/2018 01:00,3.28,Weekday,Friday,Light_Load,2.59,0.00
27/09/2018 05:00,3.17,Weekday,Thursday,Light_Load,6.48,0.00
15/09/2018 09:45,35.14,Weekend,Saturday,Medium_Load,8.39,0.00
27/03/2018 09:30,65.92,Weekday,Tuesday,Medium_Load,27.18,0.00
11/02/2018 12:45,4.21,Weekend,Sunday,Light_Load,0.00,17.78
12/12/2018 03:00,4.21,Weekday,Wednesday,Light_Load,3.64,0.04
04/08/2018 17:30,2.74,Weekend,Saturday,Light_Load,0.00,17.32
13/01/2018 11:30,95.33,Weekend,Saturday,Maximum_Load,47.27,0.00
12/06/2018 17:30,82.62,Weekday,Tuesday,Medium_Load,20.77,0.58
15/06/2018 23:30,3.42,Weekday,Friday,Light_Load,4.25,0.00
31/01/2018 18:15,59.69,Weekday,Wednesday,Maximum_Load,19.98,0.00
23/09/2018 22:00,2.81,Weekend,Sunday,Light_Load,0.04,10.69
23/08/2018 23:00,3.38,Weekday,Thursday,Medium_Load,5.76,0.00
19/03/2018 03:00,3.10,Weekday,Monday,Light_Load,3.71,0.00
22/01/2018 10:00,82.48,Weekday,Monday,Medium_Load,34.16,0.00
18/02/2018 23:00,3.24,Weekend,Sunday,Light_Load,4.64,0.00
25/04/2018 01:45,3.60,Weekday,Wednesday,Light_Load,3.31,0.00
24/02/2018 10:45,88.60,Weekend,Saturday,Maximum_Load,12.64,0.00
02/07/2018 22:00,3.82,Weekday,Monday,Medium_Load,0.00,22.64
12/11/2018 20:30,111.35,Weekday,Monday,Medium_Load,42.23,0.00
08/11/2018 05:45,3.13,Weekday,Thursday,Light_Load,5.29,0.00
22/01/2018 14:00,67.75,Weekday,Monday,Medium_Load,32.11,0.00
18/08/2018 22:30,2.59,Weekend,Saturday,Medium_Load,4.57,0.00
16/08/2018 13:00,4.61,Weekday,Thursday,Medium_Load,0.00,13.90
19/12/2018 23:45,3.96,Weekday,Wednesday,Light_Load,2.34,0.58
28/09/2018 22:15,3.24,Weekday,Friday,Medium_Load,6.19,0.18
29/06/2018 08:30,49.28,Weekday,Friday,Light_Load,50.94,0.00
08/03/2018 16:00,69.88,Weekday,Thursday,Maximum_Load,34.02,0.00
08/12/2018 01:00,4.00,Weekend,Saturday,Light_Load,3.78,0.00
03/11/2018 10:15,92.41,Weekend,Saturday,Maximum_Load,31.28,0.00
04/10/2018 05:15,3.02,Weekday,Thursday,Light_Load,6.44,0.00
01/01/2018 15:30,4.10,Weekday,Monday,Light_Load,0.00,21.35
16/12/2018 03:45,3.38,Weekend,Sunday,Light_Load,2.77,0.00
03/08/2018 07:00,2.81,Weekday,Friday,Light_Load,6.23,0.00
13/01/2018 09:15,100.58,Weekend,Saturday,Medium_Load,29.88,0.00
29/05/2018 21:30,3.82,Weekday,Tuesday,Medium_Load,0.00,20.59
19/02/2018 09:15,62.10,Weekday,Monday,Medium_Load,18.94,0.00
16/11/2018 23:15,3.92,Weekday,Friday,Light_Load,6.19,0.00
26/08/2018 04:30,2.63,Weekend,Sunday,Light_Load,4.46,0.00
22/03/2018 11:30,64.91,Weekday,Thursday,Maximum_Load,40.57,0.00
09/07/2018 18:15,32.87,Weekday,Monday,Medium_Load,12.35,2.12
25/05/2018 23:00,3.64,Weekday,Friday,Medium_Load,4.79,0.00
08/05/2018 10:45,140.04,Weekday,Tuesday,Maximum_Load,63.25,0.00
02/09/2018 08:30,50.18,Weekend,Sunday,Light_Load,46.58,0.00
21/04/2018 08:15,28.98,Weekend,Saturday,Light_Load,23.04,0.00
21/03/2018 17:30,59.76,Weekday,Wednesday,Medium_Load,18.18,0.00
15/11/2018 01:30,3.56,Weekday,Thursday,Light_Load,4.75,0.00
09/07/2018 12:45,5.44,Weekday,Monday,Medium_Load,0.00,19.08
23/10/2018 08:15,37.33,Weekday,Tuesday,Light_Load,29.02,0.00
27/02/2018 08:00,6.88,Weekday,Tuesday,Light_Load,4.07,0.00
24/04/2018 04:30,3.60,Weekday,Tuesday,Light_Load,3.64,0.00
23/04/2018 15:15,59.72,Weekday,Monday,Maximum_Load,18.04,0.00
26/09/2018 20:15,2.66,Weekday,Wednesday,Light_Load,0.00,11.74
18/08/2018 00:15,2.92,Weekend,Saturday,Light_Load,4.25,0.00
20/08/2018 02:45,2.74,Weekday,Monday,Light_Load,4.97,0.00
20/02/2018 11:15,106.45,Weekday,Tuesday,Maximum_Load,44.46,0.00
18/12/2018 13:15,52.45,Weekday,Tuesday,Medium_Load,23.04,3.82
19/09/2018 05:45,2.70,Weekday,Wednesday,Light_Load,5.26,0.00
15/08/2018 13:00,7.13,Weekday,Wednesday,Medium_Load,0.00,21.28
12/11/2018 18:30,96.34,Weekday,Monday,Maximum_Load,39.85,0.00
26/12/2018 10:45,62.21,Weekday,Wednesday,Maximum_Load,28.98,0.00
18/12/2018 18:00,15.95,Weekday,Tuesday,Maximum_Load,0.00,9.40
21/11/2018 23:45,3.71,Weekday,Wednesday,Light_Load,3.20,0.04
08/07/2018 11:45,78.26,Weekend,Sunday,Maximum_Load,37.94,0.00
01/08/2018 07:00,2.70,Weekday,Wednesday,Light_Load,4.82,0.00
30/11/2018 04:00,3.42,Weekday,Friday,Light_Load,3.64,0.00
16/08/2018 03:00,3.31,Weekday,Thursday,Light_Load,4.57,0.00
23/10/2018 08:30,81.86,Weekday,Tuesday,Light_Load,65.52,0.00
13/07/2018 08:30,39.06,Weekday,Friday,Light_Load,37.98,0.00
09/07/2018 11:45,50.69,Weekday,Monday,Maximum_Load,36.72,0.00
29/11/2018 18:15,43.99,Weekday,Thursday,Maximum_Load,20.52,0.00
22/12/2018 19:00,3.71,Weekend,Saturday,Light_Load,0.00,13.82
02/08/2018 10:30,3.74,Weekday,Thursday,Light_Load,0.00,22.32
05/06/2018 14:15,102.20,Weekday,Tuesday,Maximum_Load,46.69,0.00
26/10/2018 11:45,65.20,Weekday,Friday,Maximum_Load,34.34,0.00
05/06/2018 18:45,88.56,Weekday,Tuesday,Medium_Load,46.84,0.00
18/01/2018 12:45,7.74,Weekday,Thursday,Medium_Load,0.00,25.02
04/11/2018 23:00,3.42,Weekend,Sunday,Maximum_Load,5.65,0.00
14/06/2018 12:45,6.77,Weekday,Thursday,Medium_Load,0.00,19.69
02/10/2018 08:15,19.30,Weekday,Tuesday,Light_Load,21.38,0.00
28/01/2018 14:30,30.13,Weekend,Sunday,Medium_Load,0.83,2.77
17/06/2018 16:45,3.06,Weekend,Sunday,Light_Load,0.00,16.78
11/10/2018 11:45,99.47,Weekday,Thursday,Maximum_Load,50.65,0.00
05/01/2018 03:15,4.61,Weekday,Friday,Light_Load,5.08,0.00
18/12/2018 19:15,4.50,Weekday,Tuesday,Maximum_Load,0.00,21.53
22/01/2018 20:00,74.48,Weekday,Monday,Maximum_Load,36.36,0.00
14/01/2018 07:45,4.21,Weekend,Sunday,Light_Load,4.25,0.00
25/10/2018 21:15,8.89,Weekday,Thursday,Medium_Load,0.25,15.73
05/05/2018 21:15,3.28,Weekend,Saturday,Light_Load,0.00,17.10
25/08/2018 04:15,2.77,Weekend,Saturday,Light_Load,5.08,0.00
01/12/2018 23:00,3.42,Weekend,Saturday,Maximum_Load,2.92,0.00
18/04/2018 17:30,71.14,Weekday,Wednesday,Medium_Load,38.99,0.00
04/10/2018 20:45,53.14,Weekday,Thursday,Medium_Load,30.89,0.00
24/01/2018 17:00,72.97,Weekday,Wednesday,Medium_Load,28.33,0.00
26/10/2018 22:45,3.67,Weekday,Friday,Medium_Load,7.27,0.00
19/01/2018 07:45,82.48,Weekday,Friday,Light_Load,39.89,0.00
28/07/2018 13:15,35.93,Weekend,Saturday,Maximum_Load,16.42,7.70
03/05/2018 13:45,59.87,Weekday,Thursday,Maximum_Load,33.23,0.00
21/11/2018 11:30,96.26,Weekday,Wednesday,Maximum_Load,40.79,0.00
11/09/2018 13:45,122.94,Weekday,Tuesday,Maximum_Load,69.26,0.00
04/05/2018 04:00,3.35,Weekday,Friday,Light_Load,3.53,0.00
05/01/2018 18:30,68.54,Weekday,Friday,Maximum_Load,45.68,0.00
07/04/2018 09:15,69.05,Weekend,Saturday,Medium_Load,9.72,0.79
14/04/2018 15:15,38.59,Weekend,Saturday,Maximum_Load,1.55,0.40
03/12/2018 20:15,46.22,Weekday,Monday,Medium_Load,20.48,0.00
23/02/2018 08:30,62.53,Weekday,Friday,Light_Load,51.59,0.00
01/10/2018 07:15,2.81,Weekday,Monday,Light_Load,4.32,0.00
16/09/2018 06:30,2.77,Weekend,Sunday,Light_Load,5.26,0.00
22/09/2018 06:45,2.59,Weekend,Saturday,Light_Load,4.97,0.00
21/11/2018 14:30,85.14,Weekday,Wednesday,Medium_Load,25.88,0.00
12/09/2018 16:15,53.75,Weekday,Wednesday,Maximum_Load,29.88,0.00
17/04/2018 13:15,64.19,Weekday,Tuesday,Maximum_Load,20.16,4.90
27/03/2018 16:00,42.55,Weekday,Tuesday,Maximum_Load,7.16,0.29
24/09/2018 16:45,2.88,Weekday,Monday,Light_Load,0.00,10.40
07/11/2018 10:45,70.52,Weekday,Wednesday,Maximum_Load,40.07,0.00
18/03/2018 07:15,3.53,Weekend,Sunday,Light_Load,4.18,0.00
01/09/2018 06:30,3.06,Weekend,Saturday,Light_Load,5.87,0.00
07/01/2018 18:00,3.49,Weekend,Sunday,Light_Load,0.00,17.35
12/10/2018 18:15,50.94,Weekday,Friday,Medium_Load,39.17,0.00
24/03/2018 23:15,4.00,Weekend,Saturday,Light_Load,4.39,0.00
12/08/2018 00:30,2.74,Weekend,Sunday,Light_Load,5.11,0.00
15/09/2018 06:15,2.70,Weekend,Saturday,Light_Load,5.29,0.00
13/06/2018 20:00,3.20,Weekday,Wednesday,Medium_Load,0.00,17.89
16/11/2018 00:15,4.79,Weekday,Friday,Light_Load,6.62,0.00
05/09/2018 05:15,2.52,Weekday,Wednesday,Light_Load,4.93,0.00
10/12/2018 11:45,62.42,Weekday,Monday,Maximum_Load,21.35,0.00
30/09/2018 23:30,2.52,Weekend,Sunday,Light_Load,4.39,0.00
14/09/2018 20:15,3.67,Weekday,Friday,Medium_Load,0.00,12.96
25/10/2018 08:15,36.58,Weekday,Thursday,Light_Load,32.54,0.00
23/01/2018 05:30,39.96,Weekday,Tuesday,Light_Load,29.74,0.00
16/01/2018 20:15,100.98,Weekday,Tuesday,Medium_Load,55.19,0.00
08/08/2018 04:30,3.17,Weekday,Wednesday,Light_Load,5.98,0.00
03/06/2018 04:00,2.95,Weekend,Sunday,Light_Load,5.94,0.00
27/09/2018 23:15,3.31,Weekday,Thursday,Light_Load,6.62,0.00
16/03/2018 02:30,3.20,Weekday,Friday,Light_Load,4.82,0.00
13/02/2018 10:45,59.80,Weekday,Tuesday,Maximum_Load,14.11,0.00
16/01/2018 11:00,83.38,Weekday,Tuesday,Maximum_Load,36.65,0.00
25/02/2018 00:45,34.74,Weekend,Sunday,Light_Load,27.94,0.00
07/10/2018 06:00,2.56,Weekend,Sunday,Light_Load,4.93,0.00
21/01/2018 10:00,5.18,Weekend,Sunday,Light_Load,0.00,25.85
14/08/2018 21:30,4.00,Weekday,Tuesday,Medium_Load,0.00,15.01
03/06/2018 09:15,2.95,Weekend,Sunday,Light_Load,0.00,17.03
04/03/2018 12:15,3.28,Weekend,Sunday,Light_Load,0.00,13.64
27/06/2018 08:00,3.85,Weekday,Wednesday,Light_Load,4.07,0.00
03/11/2018 16:00,30.20,Weekend,Saturday,Medium_Load,0.50,1.33
07/11/2018 19:15,61.85,Weekday,Wednesday,Maximum_Load,37.62,0.00
25/06/2018 23:30,3.13,Weekday,Monday,Light_Load,3.42,0.00
27/02/2018 10:45,68.11,Weekday,Tuesday,Maximum_Load,28.51,0.00
22/03/2018 12:30,7.31,Weekday,Thursday,Medium_Load,0.00,26.71
07/03/2018 05:45,3.17,Weekday,Wednesday,Light_Load,3.17,0.00
16/09/2018 19:00,2.84,Weekend,Sunday,Light_Load,0.00,11.59
07/11/2018 02:30,2.95,Weekday,Wednesday,Light_Load,4.50,0.00
21/02/2018 22:15,51.77,Weekday,Wednesday,Maximum_Load,14.04,0.50
15/04/2018 05:15,3.46,Weekend,Sunday,Light_Load,4.28,0.00
02/03/2018 04:30,3.92,Weekday,Friday,Light_Load,3.89,0.00
23/02/2018 17:30,60.19,Weekday,Friday,Maximum_Load,20.81,0.00
10/04/2018 13:15,40.00,Weekday,Tuesday,Maximum_Load,14.47,4.21
26/04/2018 21:30,5.47,Weekday,Thursday,Medium_Load,0.00,26.46
30/04/2018 17:00,53.50,Weekday,Monday,Maximum_Load,28.37,0.00
10/05/2018 05:00,3.06,Weekday,Thursday,Light_Load,3.64,0.00
16/09/2018 19:15,3.06,Weekend,Sunday,Light_Load,0.00,12.89
19/03/2018 20:45,33.70,Weekday,Monday,Medium_Load,1.26,5.04
21/02/2018 23:45,75.46,Weekday,Wednesday,Light_Load,38.20,0.00
11/12/2018 04:45,3.56,Weekday,Tuesday,Light_Load,2.66,0.00
22/06/2018 03:30,3.02,Weekday,Friday,Light_Load,5.62,0.00
23/01/2018 06:00,40.14,Weekday,Tuesday,Light_Load,29.45,0.00
18/09/2018 11:15,60.55,Weekday,Tuesday,Maximum_Load,32.51,0.00
12/05/2018 06:15,2.95,Weekend,Saturday,Light_Load,4.28,0.00
23/10/2018 03:30,3.06,Weekday,Tuesday,Light_Load,5.90,0.00
10/08/2018 13:45,105.70,Weekday,Friday,Maximum_Load,49.82,0.00
26/08/2018 08:00,4.61,Weekend,Sunday,Light_Load,7.70,0.00
26/08/2018 00:15,2.56,Weekend,Sunday,Light_Load,4.18,0.00
14/11/2018 12:15,6.19,Weekday,Wednesday,Medium_Load,0.00,16.96
28/03/2018 05:45,3.02,Weekday,Wednesday,Light_Load,3.20,0.00
16/11/2018 17:00,57.24,Weekday,Friday,Medium_Load,29.59,0.00
15/07/2018 19:45,44.50,Weekend,Sunday,Medium_Load,10.80,0.32
01/10/2018 19:45,39.20,Weekday,Monday,Medium_Load,16.70,0.00
19/09/2018 18:15,4.00,Weekday,Wednesday,Medium_Load,0.00,6.73
03/04/2018 16:30,84.20,Weekday,Tuesday,Maximum_Load,37.73,0.00
07/04/2018 14:30,53.53,Weekend,Saturday,Maximum_Load,5.47,1.48
05/02/2018 23:00,42.19,Weekday,Monday,Maximum_Load,30.67,0.00
10/01/2018 16:15,105.12,Weekday,Wednesday,Medium_Load,31.86,0.00
27/05/2018 14:30,3.02,Weekend,Sunday,Light_Load,0.00,16.49
07/02/2018 09:30,61.02,Weekday,Wednesday,Medium_Load,16.78,0.00
29/06/2018 06:45,3.17,Weekday,Friday,Light_Load,4.64,0.00
17/10/2018 04:15,3.17,Weekday,Wednesday,Light_Load,6.19,0.00
06/06/2018 00:00,2.99,Weekday,Wednesday,Light_Load,5.58,0.00
27/02/2018 20:30,94.97,Weekday,Tuesday,Medium_Load,35.06,0.00
26/10/2018 23:15,3.64,Weekday,Friday,Light_Load,6.66,0.00
27/05/2018 10:45,3.42,Weekend,Sunday,Light_Load,0.00,17.28
10/08/2018 17:30,99.83,Weekday,Friday,Medium_Load,48.13,0.00
06/02/2018 00:15,70.31,Weekday,Tuesday,Light_Load,38.27,0.00
25/12/2018 09:15,3.49,Weekday,Tuesday,Light_Load,0.00,14.11
17/08/2018 19:15,67.61,Weekday,Friday,Medium_Load,39.82,0.00
22/07/2018 11:30,2.70,Weekend,Sunday,Light_Load,4.21,0.00
01/09/2018 16:45,26.32,Weekend,Saturday,Maximum_Load,0.58,1.84
09/06/2018 06:30,2.92,Weekend,Saturday,Light_Load,5.87,0.00
03/03/2018 07:45,3.85,Weekend,Saturday,Light_Load,3.89,0.00
02/05/2018 11:15,61.24,Weekday,Wednesday,Maximum_Load,52.34,0.00
26/11/2018 13:45,82.58,Weekday,Monday,Medium_Load,46.33,0.00
08/07/2018 15:45,44.14,Weekend,Sunday,Maximum_Load,11.27,0.00
13/12/2018 12:15,11.38,Weekday,Thursday,Medium_Load,0.36,18.47
07/08/2018 14:00,58.54,Weekday,Tuesday,Maximum_Load,27.22,0.00
10/03/2018 12:15,5.94,Weekend,Saturday,Medium_Load,0.00,20.38
16/07/2018 09:00,89.21,Weekday,Monday,Light_Load,41.29,0.00
25/02/2018 12:00,4.14,Weekend,Sunday,Light_Load,0.00,4.18
09/12/2018 18:30,3.31,Weekend,Sunday,Light_Load,0.00,9.25
27/07/2018 23:45,2.84,Weekday,Friday,Light_Load,4.72,0.00
18/03/2018 10:15,3.49,Weekend,Sunday,Light_Load,0.00,22.10
13/03/2018 05:00,3.67,Weekday,Tuesday,Light_Load,4.54,0.00
15/01/2018 14:45,70.09,Weekday,Monday,Medium_Load,26.60,0.00
25/06/2018 13:30,82.26,Weekday,Monday,Maximum_Load,36.76,0.00
11/09/2018 11:15,109.58,Weekday,Tuesday,Maximum_Load,56.20,0.00
22/05/2018 01:00,3.02,Weekday,Tuesday,Light_Load,4.21,0.00
19/04/2018 09:30,58.32,Weekday,Thursday,Medium_Load,25.70,0.00
22/11/2018 03:30,3.17,Weekday,Thursday,Light_Load,2.92,0.00
04/04/2018 13:00,5.44,Weekday,Wednesday,Medium_Load,0.00,26.57
09/11/2018 03:30,2.99,Weekday,Friday,Light_Load,4.39,0.00
19/04/2018 03:30,3.02,Weekday,Thursday,Light_Load,3.67,0.00
02/02/2018 05:00,6.37,Weekday,Friday,Light_Load,5.36,0.00
11/03/2018 02:30,3.13,Weekend,Sunday,Light_Load,3.35,0.00
26/12/2018 08:00,5.00,Weekday,Wednesday,Light_Load,2.41,0.79
30/03/2018 08:15,44.35,Weekday,Friday,Light_Load,32.47,0.00
22/05/2018 00:30,3.06,Weekday,Tuesday,Light_Load,4.36,0.00
27/10/2018 19:00,3.64,Weekend,Saturday,Medium_Load,0.00,17.57
29/07/2018 15:00,33.30,Weekend,Sunday,Maximum_Load,2.52,0.86
26/09/2018 11:00,2.59,Weekday,Wednesday,Light_Load,0.00,12.02
30/10/2018 17:00,46.30,Weekday,Tuesday,Maximum_Load,18.11,0.00
30/08/2018 22:45,2.88,Weekday,Thursday,Medium_Load,5.69,0.00
19/02/2018 01:00,3.28,Weekday,Monday,Light_Load,5.00,0.00
08/02/2018 01:30,5.04,Weekday,Thursday,Light_Load,6.16,0.00
05/03/2018 16:00,146.88,Weekday,Monday,Maximum_Load,70.49,0.00
25/07/2018 00:45,3.24,Weekday,Wednesday,Light_Load,4.61,0.00
12/08/2018 08:00,2.63,Weekend,Sunday,Light_Load,5.00,0.00
04/07/2018 12:15,8.10,Weekday,Wednesday,Medium_Load,1.66,15.55
03/11/2018 22:00,3.67,Weekend,Saturday,Medium_Load,0.00,18.47
08/10/2018 05:45,2.88,Weekday,Monday,Light_Load,5.83,0.00
16/10/2018 00:45,4.57,Weekday,Tuesday,Light_Load,8.10,0.00
14/06/2018 08:15,80.24,Weekday,Thursday,Light_Load,53.03,0.00
29/06/2018 15:45,45.11,Weekday,Friday,Maximum_Load,15.84,0.00
21/01/2018 18:00,4.97,Weekend,Sunday,Light_Load,0.00,26.89
08/09/2018 04:15,3.17,Weekend,Saturday,Light_Load,5.18,0.00
01/03/2018 11:00,86.62,Weekday,Thursday,Maximum_Load,19.87,0.83
27/08/2018 08:00,3.92,Weekday,Monday,Light_Load,6.95,0.00
04/07/2018 00:45,3.24,Weekday,Wednesday,Light_Load,4.39,0.00
19/03/2018 10:00,130.21,Weekday,Monday,Medium_Load,55.94,0.00
16/07/2018 13:30,71.35,Weekday,Monday,Maximum_Load,55.48,0.00
24/11/2018 02:15,3.60,Weekend,Saturday,Light_Load,3.24,0.04
16/08/2018 22:45,3.49,Weekday,Thursday,Medium_Load,5.15,0.00
30/12/2018 12:15,3.46,Weekend,Sunday,Light_Load,0.00,12.74
25/08/2018 10:15,4.61,Weekend,Saturday,Light_Load,0.00,18.00
16/07/2018 07:45,3.60,Weekday,Monday,Light_Load,3.92,0.00
13/06/2018 23:45,2.84,Weekday,Wednesday,Light_Load,4.18,0.00
09/07/2018 16:45,59.11,Weekday,Monday,Maximum_Load,29.38,0.00
03/02/2018 13:00,6.41,Weekend,Saturday,Medium_Load,0.00,25.60
17/05/2018 11:00,86.54,Weekday,Thursday,Maximum_Load,38.16,0.00
30/08/2018 03:30,2.66,Weekday,Thursday,Light_Load,4.90,0.00
26/09/2018 06:00,2.56,Weekday,Wednesday,Light_Load,5.47,0.00
03/01/2018 01:15,4.64,Weekday,Wednesday,Light_Load,4.46,0.00
12/11/2018 19:30,90.25,Weekday,Monday,Maximum_Load,32.33,0.00
28/10/2018 08:15,2.77,Weekend,Sunday,Light_Load,5.40,0.00
18/06/2018 09:15,86.11,Weekday,Monday,Medium_Load,38.38,0.00
30/04/2018 19:45,3.74,Weekday,Monday,Medium_Load,0.00,24.84
10/02/2018 09:15,5.58,Weekend,Saturday,Light_Load,0.00,26.28
08/06/2018 06:00,2.88,Weekday,Friday,Light_Load,6.26,0.00
01/02/2018 20:45,69.80,Weekday,Thursday,Medium_Load,11.16,0.68
28/09/2018 11:15,50.26,Weekday,Friday,Maximum_Load,29.48,0.00
25/07/2018 06:45,3.06,Weekday,Wednesday,Light_Load,4.25,0.00
06/05/2018 09:15,3.20,Weekend,Sunday,Light_Load,0.00,17.14
02/06/2018 20:15,3.67,Weekend,Saturday,Light_Load,0.00,17.39
06/10/2018 01:45,3.49,Weekend,Saturday,Light_Load,7.63,0.00
31/03/2018 18:45,3.38,Weekend,Saturday,Light_Load,0.00,19.19
16/10/2018 14:15,70.45,Weekday,Tuesday,Maximum_Load,47.95,0.00
10/11/2018 13:45,60.77,Weekend,Saturday,Medium_Load,27.50,0.00
25/03/2018 14:00,31.00,Weekend,Sunday,Maximum_Load,0.18,5.29
10/04/2018 13:00,5.44,Weekday,Tuesday,Medium_Load,0.00,26.10
01/05/2018 02:00,2.92,Weekday,Tuesday,Light_Load,4.39,0.00
13/04/2018 00:00,3.56,Weekday,Friday,Light_Load,3.92,0.00
17/09/2018 21:30,4.07,Weekday,Monday,Medium_Load,0.00,16.99
20/04/2018 03:30,3.06,Weekday,Friday,Light_Load,3.60,0.00
23/07/2018 22:00,3.89,Weekday,Monday,Medium_Load,0.00,16.16
07/10/2018 19:00,3.46,Weekend,Sunday,Light_Load,0.00,11.16
21/05/2018 23:30,3.56,Weekday,Monday,Light_Load,3.49,0.00
02/09/2018 06:15,2.56,Weekend,Sunday,Light_Load,4.39,0.00
17/10/2018 23:15,3.53,Weekday,Wednesday,Light_Load,5.36,0.00
07/02/2018 06:45,4.32,Weekday,Wednesday,Light_Load,4.39,0.00
24/09/2018 07:30,2.59,Weekday,Monday,Light_Load,5.65,0.00
16/02/2018 01:00,3.35,Weekday,Friday,Light_Load,3.60,0.00
20/05/2018 20:15,4.00,Weekend,Sunday,Medium_Load,0.00,16.31
15/03/2018 00:45,3.42,Weekday,Thursday,Light_Load,5.51,0.00
17/09/2018 03:15,2.77,Weekday,Monday,Light_Load,5.62,0.00
19/04/2018 02:45,3.02,Weekday,Thursday,Light_Load,3.60,0.00
08/08/2018 16:30,60.73,Weekday,Wednesday,Maximum_Load,27.76,0.00
15/01/2018 18:15,62.50,Weekday,Monday,Maximum_Load,38.38,0.32
20/12/2018 09:00,63.14,Weekday,Thursday,Light_Load,25.81,0.00
21/08/2018 09:15,58.43,Weekday,Tuesday,Medium_Load,36.25,0.00
03/02/2018 13:15,20.63,Weekend,Saturday,Medium_Load,0.22,14.40
04/04/2018 01:00,3.64,Weekday,Wednesday,Light_Load,4.39,0.00
14/08/2018 13:00,5.76,Weekday,Tuesday,Medium_Load,0.00,22.64
25/04/2018 11:45,43.70,Weekday,Wednesday,Maximum_Load,30.20,0.00
25/06/2018 03:15,2.88,Weekday,Monday,Light_Load,4.68,0.00
29/08/2018 03:30,2.74,Weekday,Wednesday,Light_Load,4.50,0.00
10/03/2018 07:15,3.10,Weekend,Saturday,Light_Load,3.17,0.00
09/04/2018 04:45,3.06,Weekday,Monday,Light_Load,3.85,0.00
10/12/2018 08:30,61.06,Weekday,Monday,Light_Load,40.18,0.00
29/10/2018 16:30,134.60,Weekday,Monday,Maximum_Load,66.24,0.00
04/04/2018 23:15,3.60,Weekday,Wednesday,Light_Load,4.46,0.00
03/10/2018 00:00,2.70,Weekday,Wednesday,Light_Load,5.18,0.00
17/09/2018 02:30,2.77,Weekday,Monday,Light_Load,5.62,0.00
22/06/2018 15:30,41.83,Weekday,Friday,Maximum_Load,15.84,0.00
01/09/2018 03:00,3.49,Weekend,Saturday,Light_Load,6.19,0.00
07/05/2018 13:00,4.72,Weekday,Monday,Medium_Load,0.00,16.96
28/08/2018 02:15,2.59,Weekday,Tuesday,Light_Load,4.28,0.00
30/04/2018 03:45,2.84,Weekday,Monday,Light_Load,4.39,0.00
23/07/2018 07:45,3.74,Weekday,Monday,Light_Load,4.61,0.00
12/10/2018 11:15,53.75,Weekday,Friday,Maximum_Load,30.89,0.00
01/11/2018 01:45,3.92,Weekday,Thursday,Light_Load,5.65,0.00
13/06/2018 06:15,2.88,Weekday,Wednesday,Light_Load,5.11,0.00
23/02/2018 21:15,37.51,Weekday,Friday,Medium_Load,0.04,4.36
26/06/2018 02:15,2.66,Weekday,Tuesday,Light_Load,3.78,0.00
25/10/2018 10:30,58.72,Weekday,Thursday,Maximum_Load,34.49,0.00
17/06/2018 02:30,2.74,Weekend,Sunday,Light_Load,3.96,0.00
16/03/2018 09:45,104.72,Weekday,Friday,Medium_Load,41.44,0.00
07/05/2018 17:45,42.88,Weekday,Monday,Medium_Load,6.77,6.26
06/05/2018 16:00,3.49,Weekend,Sunday,Light_Load,0.00,18.65
22/10/2018 12:45,4.61,Weekday,Monday,Medium_Load,0.00,15.98
27/02/2018 00:15,5.76,Weekday,Tuesday,Light_Load,4.72,0.00
23/01/2018 06:45,39.71,Weekday,Tuesday,Light_Load,29.63,0.00
26/09/2018 00:15,2.56,Weekday,Wednesday,Light_Load,5.36,0.00
22/08/2018 22:45,2.81,Weekday,Wednesday,Medium_Load,5.44,0.00
27/01/2018 00:15,77.72,Weekend,Saturday,Light_Load,39.60,0.00
31/08/2018 01:30,2.70,Weekday,Friday,Light_Load,5.08,0.00
24/05/2018 23:15,3.56,Weekday,Thursday,Light_Load,4.07,0.00
28/06/2018 00:30,2.92,Weekday,Thursday,Light_Load,4.90,0.00
23/02/2018 11:30,109.04,Weekday,Friday,Maximum_Load,69.70,0.00
22/03/2018 16:00,68.54,Weekday,Thursday,Maximum_Load,10.15,1.08
25/07/2018 14:15,57.53,Weekday,Wednesday,Maximum_Load,25.85,0.00
22/06/2018 12:30,4.36,Weekday,Friday,Medium_Load,0.00,16.42
05/02/2018 22:15,84.35,Weekday,Monday,Maximum_Load,26.10,0.00
20/03/2018 18:15,36.50,Weekday,Tuesday,Medium_Load,12.89,0.72
08/11/2018 10:30,67.07,Weekday,Thursday,Maximum_Load,36.14,0.00
12/09/2018 13:30,64.22,Weekday,Wednesday,Maximum_Load,44.96,0.00
01/06/2018 15:00,55.94,Weekday,Friday,Maximum_Load,26.71,0.00
08/03/2018 01:30,3.71,Weekday,Thursday,Light_Load,3.82,0.00
29/06/2018 09:00,56.81,Weekday,Friday,Light_Load,35.32,0.00
13/05/2018 05:45,3.46,Weekend,Sunday,Light_Load,4.18,0.00
27/03/2018 08:45,66.38,Weekday,Tuesday,Light_Load,56.56,0.00
10/11/2018 01:45,4.90,Weekend,Saturday,Light_Load,7.63,0.00
07/11/2018 03:45,2.99,Weekday,Wednesday,Light_Load,4.72,0.00
21/09/2018 07:30,2.99,Weekday,Friday,Light_Load,4.68,0.00
17/08/2018 17:45,30.06,Weekday,Friday,Medium_Load,3.13,0.61
05/12/2018 00:15,3.89,Weekday,Wednesday,Light_Load,3.74,0.00
30/09/2018 06:00,2.52,Weekend,Sunday,Light_Load,4.64,0.00
24/11/2018 16:00,5.44,Weekend,Saturday,Light_Load,0.00,20.92
18/10/2018 19:00,75.20,Weekday,Thursday,Medium_Load,55.33,0.00
14/11/2018 05:15,3.02,Weekday,Wednesday,Light_Load,4.43,0.00
04/01/2018 14:15,117.97,Weekday,Thursday,Medium_Load,41.72,0.00
16/03/2018 08:15,60.55,Weekday,Friday,Light_Load,43.06,0.00
21/07/2018 14:15,37.01,Weekend,Saturday,Maximum_Load,8.53,0.47
21/01/2018 20:30,5.00,Weekend,Sunday,Light_Load,0.00,26.46
03/05/2018 08:00,6.37,Weekday,Thursday,Light_Load,6.70,0.00
19/07/2018 17:15,70.20,Weekday,Thursday,Medium_Load,18.58,0.00
17/08/2018 12:15,4.07,Weekday,Friday,Medium_Load,0.00,8.71
20/08/2018 17:45,34.31,Weekday,Monday,Medium_Load,8.28,2.30
25/06/2018 10:30,57.38,Weekday,Monday,Maximum_Load,25.74,0.00
02/01/2018 11:00,77.58,Weekday,Tuesday,Maximum_Load,25.49,0.00
03/07/2018 01:45,2.70,Weekday,Tuesday,Light_Load,4.07,0.00
08/11/2018 06:30,3.02,Weekday,Thursday,Light_Load,4.93,0.00
31/01/2018 13:15,76.46,Weekday,Wednesday,Medium_Load,24.34,4.25
16/02/2018 22:45,3.13,Weekday,Friday,Light_Load,3.56,0.00
08/05/2018 02:15,3.53,Weekday,Tuesday,Light_Load,3.71,0.00
14/01/2018 12:45,4.43,Weekend,Sunday,Medium_Load,0.00,17.21
19/07/2018 11:45,100.30,Weekday,Thursday,Maximum_Load,77.58,0.00
02/07/2018 06:00,2.84,Weekday,Monday,Light_Load,4.39,0.00
18/08/2018 01:30,2.63,Weekend,Saturday,Light_Load,4.32,0.00
31/10/2018 14:00,96.37,Weekday,Wednesday,Maximum_Load,50.00,0.00
25/05/2018 01:00,3.67,Weekday,Friday,Light_Load,4.18,0.00
04/04/2018 10:45,53.71,Weekday,Wednesday,Maximum_Load,20.41,0.00
19/04/2018 10:15,58.03,Weekday,Thursday,Maximum_Load,21.24,0.00
28/10/2018 13:15,3.38,Weekend,Sunday,Light_Load,0.00,13.39
28/12/2018 21:30,5.26,Weekday,Friday,Medium_Load,0.00,21.31
24/01/2018 05:30,38.95,Weekday,Wednesday,Light_Load,28.58,0.00
15/01/2018 20:45,59.69,Weekday,Monday,Medium_Load,22.54,0.00
25/07/2018 10:00,47.74,Weekday,Wednesday,Medium_Load,12.06,0.07
18/07/2018 17:30,60.30,Weekday,Wednesday,Medium_Load,22.14,0.00
15/06/2018 03:15,2.92,Weekday,Friday,Light_Load,5.36,0.00
03/03/2018 22:45,2.92,Weekend,Saturday,Medium_Load,2.66,0.00
14/01/2018 23:00,4.57,Weekend,Sunday,Maximum_Load,4.00,0.00
19/10/2018 02:15,3.64,Weekday,Friday,Light_Load,7.42,0.00
20/08/2018 23:30,2.59,Weekday,Monday,Light_Load,3.67,0.00
05/06/2018 23:00,3.60,Weekday,Tuesday,Medium_Load,5.08,0.00
08/04/2018 00:30,3.56,Weekend,Sunday,Light_Load,4.75,0.00
11/01/2018 10:15,73.51,Weekday,Thursday,Maximum_Load,28.51,0.00
13/09/2018 14:15,59.80,Weekday,Thursday,Maximum_Load,39.24,0.00
09/09/2018 11:30,25.78,Weekend,Sunday,Maximum_Load,2.05,1.26
21/10/2018 14:15,3.02,Weekend,Sunday,Light_Load,0.00,11.34
06/10/2018 02:30,2.92,Weekend,Saturday,Light_Load,6.08,0.00
06/01/2018 21:45,4.10,Weekend,Saturday,Light_Load,0.00,24.41
10/06/2018 16:30,3.38,Weekend,Sunday,Light_Load,0.00,16.85
15/12/2018 07:30,4.10,Weekend,Saturday,Light_Load,3.89,0.00
22/06/2018 18:45,52.31,Weekday,Friday,Medium_Load,33.62,0.00
03/03/2018 01:15,3.38,Weekend,Saturday,Light_Load,3.06,0.00
07/07/2018 14:45,94.18,Weekend,Saturday,Maximum_Load,24.84,0.00
17/05/2018 15:45,119.66,Weekday,Thursday,Maximum_Load,54.07,0.00
06/05/2018 05:45,2.95,Weekend,Sunday,Light_Load,4.32,0.00
08/12/2018 14:45,37.73,Weekend,Saturday,Medium_Load,6.91,0.00
03/06/2018 06:00,2.99,Weekend,Sunday,Light_Load,6.48,0.00
22/01/2018 00:00,39.49,Weekday,Monday,Light_Load,29.70,0.00
05/05/2018 15:30,3.13,Weekend,Saturday,Light_Load,0.00,17.14
27/02/2018 20:00,53.68,Weekday,Tuesday,Maximum_Load,15.91,0.00
28/02/2018 22:45,5.36,Weekday,Wednesday,Maximum_Load,6.19,0.00
25/10/2018 00:15,3.10,Weekday,Thursday,Light_Load,5.65,0.00
03/02/2018 14:45,38.12,Weekend,Saturday,Medium_Load,1.26,0.97
07/10/2018 18:30,2.59,Weekend,Sunday,Light_Load,0.00,7.09
19/01/2018 14:45,100.26,Weekday,Friday,Medium_Load,33.44,0.00
19/08/2018 21:30,2.81,Weekend,Sunday,Light_Load,0.00,13.79
13/11/2018 15:30,77.29,Weekday,Tuesday,Medium_Load,28.33,0.00
17/11/2018 22:45,3.89,Weekend,Saturday,Maximum_Load,6.80,0.00
30/10/2018 07:45,4.50,Weekday,Tuesday,Light_Load,5.47,0.00
28/06/2018 23:30,3.56,Weekday,Thursday,Light_Load,3.89,0.00
12/04/2018 21:00,20.66,Weekday,Thursday,Medium_Load,0.65,13.72
24/06/2018 05:45,2.59,Weekend,Sunday,Light_Load,3.67,0.00
01/09/2018 12:15,25.60,Weekend,Saturday,Medium_Load,11.05,0.00
02/02/2018 07:15,4.18,Weekday,Friday,Light_Load,4.72,0.00
02/08/2018 22:00,3.42,Weekday,Thursday,Light_Load,0.00,15.01
08/01/2018 15:45,126.43,Weekday,Monday,Medium_Load,56.84,0.00
27/06/2018 16:15,46.19,Weekday,Wednesday,Maximum_Load,19.37,0.00
22/01/2018 04:45,3.89,Weekday,Monday,Light_Load,3.20,0.00
14/06/2018 20:15,54.50,Weekday,Thursday,Medium_Load,34.13,0.00
11/01/2018 21:30,5.18,Weekday,Thursday,Medium_Load,0.00,26.64
06/12/2018 14:30,68.22,Weekday,Thursday,Medium_Load,36.86,0.00
12/12/2018 13:15,58.86,Weekday,Wednesday,Medium_Load,18.58,1.37
20/01/2018 22:15,40.14,Weekend,Saturday,Maximum_Load,11.88,0.94
31/12/2018 10:45,3.67,Weekday,Monday,Light_Load,0.00,17.32
18/12/2018 00:00,4.14,Weekday,Tuesday,Light_Load,3.20,0.22
29/09/2018 17:30,3.46,Weekend,Saturday,Medium_Load,0.00,17.86
06/05/2018 16:45,3.17,Weekend,Sunday,Light_Load,0.00,16.96
20/03/2018 13:00,5.58,Weekday,Tuesday,Medium_Load,0.00,26.39
18/07/2018 22:45,2.84,Weekday,Wednesday,Medium_Load,0.00,4.75
11/06/2018 23:00,3.71,Weekday,Monday,Medium_Load,5.54,0.00
13/12/2018 20:00,61.16,Weekday,Thursday,Maximum_Load,22.75,0.00
27/06/2018 21:00,3.74,Weekday,Wednesday,Medium_Load,0.00,22.46
19/08/2018 07:15,2.66,Weekend,Sunday,Light_Load,4.86,0.00
25/09/2018 01:45,2.59,Weekday,Tuesday,Light_Load,5.72,0.00
15/01/2018 13:45,153.14,Weekday,Monday,Medium_Load,70.45,0.00
30/05/2018 04:15,3.35,Weekday,Wednesday,Light_Load,4.75,0.00
14/01/2018 14:30,28.12,Weekend,Sunday,Medium_Load,0.00,10.26
19/11/2018 03:15,2.95,Weekday,Monday,Light_Load,4.72,0.00
15/04/2018 06:00,3.10,Weekend,Sunday,Light_Load,3.67,0.00
12/07/2018 07:00,2.99,Weekday,Thursday,Light_Load,5.00,0.00
06/03/2018 22:45,4.86,Weekday,Tuesday,Medium_Load,4.68,0.00
09/05/2018 16:30,76.68,Weekday,Wednesday,Maximum_Load,40.64,0.00
13/07/2018 00:00,2.59,Weekday,Friday,Light_Load,3.74,0.00
08/08/2018 14:30,79.56,Weekday,Wednesday,Maximum_Load,44.28,0.00
28/12/2018 15:00,48.02,Weekday,Friday,Medium_Load,13.21,0.00
10/05/2018 02:45,3.02,Weekday,Thursday,Light_Load,3.53,0.00
03/07/2018 00:00,3.42,Weekday,Tuesday,Light_Load,4.03,0.00
24/10/2018 10:15,80.78,Weekday,Wednesday,Maximum_Load,37.73,0.00
03/06/2018 12:30,3.02,Weekend,Sunday,Light_Load,0.00,16.74
26/11/2018 09:00,90.61,Weekday,Monday,Light_Load,48.46,0.00
31/07/2018 13:45,57.67,Weekday,Tuesday,Maximum_Load,25.02,0.00
18/08/2018 13:15,26.89,Weekend,Saturday,Maximum_Load,6.62,5.15
13/01/2018 23:00,4.61,Weekend,Saturday,Maximum_Load,4.39,0.00
16/09/2018 10:15,2.84,Weekend,Sunday,Light_Load,0.00,11.59
13/05/2018 10:00,3.71,Weekend,Sunday,Light_Load,0.00,21.89
08/10/2018 01:30,2.56,Weekday,Monday,Light_Load,4.93,0.00
10/04/2018 15:15,48.17,Weekday,Tuesday,Maximum_Load,17.42,0.00
06/01/2018 09:30,4.43,Weekend,Saturday,Light_Load,0.00,26.39
09/08/2018 04:00,2.77,Weekday,Thursday,Light_Load,5.22,0.00
29/11/2018 14:45,59.51,Weekday,Thursday,Medium_Load,28.55,0.00
31/01/2018 23:45,95.00,Weekday,Wednesday,Light_Load,46.33,0.00
17/11/2018 15:45,132.30,Weekend,Saturday,Medium_Load,70.06,0.00
17/01/2018 20:15,39.78,Weekday,Wednesday,Medium_Load,0.79,1.73
06/04/2018 18:45,53.06,Weekday,Friday,Medium_Load,12.10,0.11
26/07/2018 22:15,3.71,Weekday,Thursday,Medium_Load,1.51,5.47
28/02/2018 19:45,47.88,Weekday,Wednesday,Maximum_Load,7.92,0.04
20/08/2018 14:15,45.32,Weekday,Monday,Maximum_Load,18.72,0.00
04/07/2018 03:45,2.84,Weekday,Wednesday,Light_Load,3.89,0.00
27/04/2018 14:15,98.35,Weekday,Friday,Maximum_Load,39.02,0.00
17/03/2018 22:30,3.06,Weekend,Saturday,Medium_Load,3.53,0.00
23/06/2018 10:00,27.68,Weekend,Saturday,Medium_Load,0.40,2.38
06/10/2018 01:15,2.84,Weekend,Saturday,Light_Load,5.94,0.00
02/11/2018 01:15,3.10,Weekday,Friday,Light_Load,5.54,0.00
13/09/2018 23:00,4.28,Weekday,Thursday,Medium_Load,6.88,0.00
01/03/2018 22:00,3.49,Weekday,Thursday,Medium_Load,0.00,18.32
14/12/2018 05:00,4.46,Weekday,Friday,Light_Load,3.49,0.04
03/01/2018 15:00,55.80,Weekday,Wednesday,Medium_Load,16.42,0.00
06/06/2018 02:00,3.64,Weekday,Wednesday,Light_Load,5.00,0.00
08/08/2018 04:00,3.17,Weekday,Wednesday,Light_Load,5.98,0.00
11/05/2018 06:30,3.06,Weekday,Friday,Light_Load,4.46,0.00
20/05/2018 06:00,3.06,Weekend,Sunday,Light_Load,5.87,0.00
04/06/2018 20:30,62.53,Weekday,Monday,Medium_Load,34.92,0.00
16/01/2018 03:30,4.64,Weekday,Tuesday,Light_Load,5.83,0.00
25/03/2018 02:45,3.06,Weekend,Sunday,Light_Load,3.53,0.00
26/05/2018 23:45,2.70,Weekend,Saturday,Light_Load,4.36,0.00
28/04/2018 06:15,3.38,Weekend,Saturday,Light_Load,4.10,0.00
31/05/2018 19:45,3.96,Weekday,Thursday,Medium_Load,0.00,23.58
18/04/2018 10:45,79.02,Weekday,Wednesday,Maximum_Load,33.05,0.00
20/04/2018 20:30,16.24,Weekday,Friday,Medium_Load,0.00,18.76
04/01/2018 22:30,4.82,Weekday,Thursday,Maximum_Load,6.37,0.00
04/05/2018 00:00,3.56,Weekday,Friday,Light_Load,3.67,0.00
21/07/2018 15:45,36.65,Weekend,Saturday,Maximum_Load,7.02,0.90
09/07/2018 18:30,42.66,Weekday,Monday,Medium_Load,27.00,0.00
03/04/2018 22:00,4.18,Weekday,Tuesday,Medium_Load,0.00,25.24
02/11/2018 05:45,3.06,Weekday,Friday,Light_Load,5.36,0.00
20/08/2018 04:30,2.63,Weekday,Monday,Light_Load,4.82,0.00
26/07/2018 14:15,42.55,Weekday,Thursday,Maximum_Load,8.17,0.00
10/05/2018 07:45,3.67,Weekday,Thursday,Light_Load,3.71,0.00
19/11/2018 09:00,58.86,Weekday,Monday,Light_Load,25.38,0.00
07/06/2018 16:30,58.54,Weekday,Thursday,Maximum_Load,29.23,0.00
09/10/2018 00:00,3.46,Weekday,Tuesday,Light_Load,6.59,0.00
06/09/2018 23:15,4.64,Weekday,Thursday,Light_Load,8.96,0.00
21/09/2018 06:00,2.88,Weekday,Friday,Light_Load,5.18,0.00
15/02/2018 05:30,3.60,Weekday,Thursday,Light_Load,5.29,0.00
07/01/2018 16:15,4.21,Weekend,Sunday,Light_Load,0.00,23.80
19/03/2018 12:00,60.12,Weekday,Monday,Maximum_Load,45.65,0.00
21/01/2018 02:45,40.03,Weekend,Sunday,Light_Load,30.24,0.00
02/01/2018 06:00,3.67,Weekday,Tuesday,Light_Load,3.96,0.00
01/05/2018 10:45,3.10,Weekday,Tuesday,Light_Load,0.00,16.92
07/03/2018 08:15,54.72,Weekday,Wednesday,Light_Load,42.95,0.00
15/10/2018 17:15,87.52,Weekday,Monday,Medium_Load,36.47,0.00
30/08/2018 00:00,2.74,Weekday,Thursday,Light_Load,4.86,0.00
30/03/2018 03:00,3.13,Weekday,Friday,Light_Load,4.14,0.00
01/09/2018 20:45,2.99,Weekend,Saturday,Medium_Load,0.00,11.20
01/10/2018 16:45,51.37,Weekday,Monday,Maximum_Load,28.15,0.00
18/01/2018 19:45,141.66,Weekday,Thursday,Maximum_Load,60.01,0.00
17/06/2018 19:45,2.99,Weekend,Sunday,Light_Load,0.00,17.14
04/03/2018 02:15,3.06,Weekend,Sunday,Light_Load,3.96,0.00
29/06/2018 18:45,51.34,Weekday,Friday,Medium_Load,27.14,0.00
23/10/2018 00:30,3.60,Weekday,Tuesday,Light_Load,6.37,0.00
05/06/2018 19:30,124.27,Weekday,Tuesday,Medium_Load,59.11,0.00
28/10/2018 10:00,3.17,Weekend,Sunday,Light_Load,0.00,10.58
05/07/2018 07:15,3.06,Weekday,Thursday,Light_Load,4.61,0.00
30/09/2018 13:45,2.74,Weekend,Sunday,Light_Load,0.00,11.88
06/03/2018 15:45,73.69,Weekday,Tuesday,Maximum_Load,25.99,0.00
05/11/2018 07:15,3.31,Weekday,Monday,Light_Load,4.10,0.00
29/09/2018 18:15,3.35,Weekend,Saturday,Medium_Load,0.00,6.44
11/09/2018 20:00,32.15,Weekday,Tuesday,Medium_Load,10.58,0.00
27/11/2018 20:30,49.21,Weekday,Tuesday,Medium_Load,13.43,0.00
18/06/2018 08:45,92.41,Weekday,Monday,Light_Load,65.66,0.00
23/05/2018 11:15,110.09,Weekday,Wednesday,Maximum_Load,73.30,0.00
10/01/2018 08:15,94.61,Weekday,Wednesday,Light_Load,58.90,0.00
12/03/2018 08:30,87.30,Weekday,Monday,Light_Load,59.51,0.00
13/02/2018 04:45,5.94,Weekday,Tuesday,Light_Load,5.65,0.00
08/07/2018 08:00,18.76,Weekend,Sunday,Light_Load,16.81,0.00
03/01/2018 12:30,8.21,Weekday,Wednesday,Medium_Load,0.00,26.21
02/10/2018 00:45,2.63,Weekday,Tuesday,Light_Load,4.43,0.00
05/03/2018 19:45,71.64,Weekday,Monday,Medium_Load,20.59,0.00
05/11/2018 13:30,68.87,Weekday,Monday,Medium_Load,43.06,0.00
26/12/2018 10:15,52.06,Weekday,Wednesday,Maximum_Load,19.22,0.00
26/05/2018 01:30,3.10,Weekend,Saturday,Light_Load,5.18,0.00
30/01/2018 18:45,63.50,Weekday,Tuesday,Maximum_Load,25.09,0.00
17/02/2018 07:15,3.78,Weekend,Saturday,Light_Load,5.29,0.00
20/06/2018 16:30,52.16,Weekday,Wednesday,Maximum_Load,23.94,0.00
22/09/2018 01:15,2.52,Weekend,Saturday,Light_Load,4.50,0.00
10/10/2018 05:30,2.92,Weekday,Wednesday,Light_Load,4.72,0.00
20/07/2018 07:00,2.74,Weekday,Friday,Light_Load,5.18,0.00
15/03/2018 21:45,4.28,Weekday,Thursday,Medium_Load,0.00,23.29
30/04/2018 03:15,2.88,Weekday,Monday,Light_Load,4.39,0.00
12/05/2018 21:15,3.82,Weekend,Saturday,Medium_Load,0.00,25.74
27/04/2018 13:30,62.35,Weekday,Friday,Maximum_Load,20.27,0.00
07/10/2018 19:45,2.84,Weekend,Sunday,Light_Load,0.00,11.74
22/08/2018 21:30,3.02,Weekday,Wednesday,Medium_Load,0.00,13.32
19/01/2018 20:00,106.74,Weekday,Friday,Maximum_Load,42.84,0.00
27/04/2018 17:15,40.03,Weekday,Friday,Medium_Load,8.64,0.00
06/11/2018 12:30,5.90,Weekday,Tuesday,Medium_Load,0.00,17.86
15/05/2018 00:00,3.82,Weekday,Tuesday,Light_Load,4.72,0.00
01/11/2018 08:30,106.49,Weekday,Thursday,Light_Load,69.55,0.00
08/12/2018 23:30,3.71,Weekend,Saturday,Light_Load,3.10,0.14
04/08/2018 14:30,3.35,Weekend,Saturday,Light_Load,0.00,21.89
20/07/2018 22:45,3.60,Weekday,Friday,Medium_Load,0.00,3.89
24/12/2018 02:00,3.49,Weekday,Monday,Light_Load,2.52,0.00
24/12/2018 08:15,21.89,Weekday,Monday,Light_Load,13.18,0.32
20/08/2018 22:45,2.77,Weekday,Monday,Medium_Load,4.50,0.00
01/08/2018 11:15,2.59,Weekday,Wednesday,Light_Load,0.00,8.17
21/10/2018 15:45,10.37,Weekend,Sunday,Light_Load,0.22,11.88
11/06/2018 12:30,3.71,Weekday,Monday,Medium_Load,0.00,16.78
19/01/2018 15:15,77.87,Weekday,Friday,Medium_Load,22.93,0.00
29/07/2018 22:30,2.77,Weekend,Sunday,Medium_Load,5.08,0.00
26/09/2018 00:30,2.66,Weekday,Wednesday,Light_Load,5.47,0.00
04/09/2018 14:15,90.79,Weekday,Tuesday,Maximum_Load,46.69,0.00
30/11/2018 15:00,44.71,Weekday,Friday,Medium_Load,13.10,0.00
08/06/2018 10:30,45.18,Weekday,Friday,Maximum_Load,22.54,0.00
19/06/2018 04:15,2.77,Weekday,Tuesday,Light_Load,4.57,0.00
16/08/2018 10:00,80.21,Weekday,Thursday,Medium_Load,37.01,0.00
18/08/2018 16:30,89.71,Weekend,Saturday,Maximum_Load,38.41,0.00
03/06/2018 17:30,2.99,Weekend,Sunday,Light_Load,0.00,16.92
18/03/2018 05:30,3.02,Weekend,Sunday,Light_Load,3.06,0.00
08/04/2018 13:00,4.03,Weekend,Sunday,Medium_Load,0.00,17.10
20/04/2018 00:30,3.56,Weekday,Friday,Light_Load,3.42,0.00
07/02/2018 21:00,41.26,Weekday,Wednesday,Medium_Load,1.33,1.08
12/03/2018 20:45,49.79,Weekday,Monday,Medium_Load,12.42,0.00
31/05/2018 16:15,52.99,Weekday,Thursday,Maximum_Load,21.02,0.00
20/02/2018 21:15,41.11,Weekday,Tuesday,Medium_Load,0.43,1.94
04/10/2018 23:45,3.60,Weekday,Thursday,Light_Load,6.55,0.00
19/10/2018 12:30,5.18,Weekday,Friday,Medium_Load,0.00,17.14
28/12/2018 02:15,3.82,Weekday,Friday,Light_Load,2.56,0.40
14/10/2018 23:15,2.74,Weekend,Sunday,Light_Load,4.90,0.00
11/07/2018 09:30,53.35,Weekday,Wednesday,Medium_Load,27.54,0.00
14/08/2018 17:45,29.92,Weekday,Tuesday,Medium_Load,0.54,4.97
24/08/2018 17:30,45.54,Weekday,Friday,Medium_Load,17.17,0.04
19/11/2018 01:00,2.95,Weekday,Monday,Light_Load,4.54,0.00
08/09/2018 00:45,3.10,Weekend,Saturday,Light_Load,5.22,0.00
07/05/2018 17:00,103.79,Weekday,Monday,Maximum_Load,43.02,0.00
10/12/2018 00:30,3.02,Weekday,Monday,Light_Load,2.16,0.11
15/10/2018 23:15,3.64,Weekday,Monday,Light_Load,6.80,0.00
16/12/2018 06:15,3.31,Weekend,Sunday,Light_Load,2.41,0.00
19/09/2018 04:30,2.70,Weekday,Wednesday,Light_Load,5.04,0.00
25/07/2018 02:15,3.02,Weekday,Wednesday,Light_Load,4.57,0.00
15/04/2018 06:30,3.06,Weekend,Sunday,Light_Load,3.71,0.00
28/07/2018 14:15,71.53,Weekend,Saturday,Maximum_Load,37.76,0.00
29/05/2018 17:30,47.23,Weekday,Tuesday,Medium_Load,12.06,0.04
28/10/2018 00:00,2.74,Weekend,Sunday,Light_Load,5.00,0.00
20/04/2018 23:00,3.46,Weekday,Friday,Medium_Load,3.38,0.00
11/10/2018 23:30,3.82,Weekday,Thursday,Light_Load,6.34,0.00
03/08/2018 08:15,2.84,Weekday,Friday,Light_Load,6.16,0.00
22/03/2018 00:00,5.08,Weekday,Thursday,Light_Load,5.65,0.00
03/01/2018 02:15,4.61,Weekday,Wednesday,Light_Load,4.39,0.00
07/04/2018 06:45,3.20,Weekend,Saturday,Light_Load,5.36,0.00
16/05/2018 02:30,3.92,Weekday,Wednesday,Light_Load,5.22,0.00
30/04/2018 22:30,3.46,Weekday,Monday,Medium_Load,4.07,0.00
10/07/2018 08:30,49.54,Weekday,Tuesday,Light_Load,51.23,0.00
02/06/2018 22:30,2.95,Weekend,Saturday,Light_Load,5.54,0.00
21/04/2018 03:15,2.92,Weekend,Saturday,Light_Load,3.28,0.00
21/03/2018 06:30,3.28,Weekday,Wednesday,Light_Load,3.78,0.00
05/08/2018 14:00,3.06,Weekend,Sunday,Light_Load,0.00,16.24
17/12/2018 08:30,53.35,Weekday,Monday,Light_Load,41.15,0.00
29/10/2018 15:00,83.48,Weekday,Monday,Maximum_Load,39.89,0.00
01/09/2018 06:45,3.53,Weekend,Saturday,Light_Load,6.08,0.00
09/11/2018 11:30,64.19,Weekday,Friday,Maximum_Load,35.78,0.00
07/10/2018 20:00,3.06,Weekend,Sunday,Light_Load,0.00,14.40
11/11/2018 16:45,4.03,Weekend,Sunday,Light_Load,0.00,18.76
02/12/2018 13:30,3.64,Weekend,Sunday,Light_Load,0.00,14.00
21/03/2018 02:15,3.60,Weekday,Wednesday,Light_Load,4.18,0.00
26/08/2018 22:15,2.99,Weekend,Sunday,Medium_Load,1.08,3.17
16/08/2018 09:45,116.60,Weekday,Thursday,Medium_Load,56.52,0.00
28/09/2018 06:15,3.85,Weekday,Friday,Light_Load,7.49,0.00
04/06/2018 01:45,2.84,Weekday,Monday,Light_Load,5.22,0.00
17/07/2018 00:45,2.95,Weekday,Tuesday,Light_Load,0.00,3.92
28/12/2018 05:15,3.89,Weekday,Friday,Light_Load,2.70,0.29
10/05/2018 10:30,71.24,Weekday,Thursday,Maximum_Load,42.55,0.00
29/09/2018 15:30,50.62,Weekend,Saturday,Maximum_Load,21.67,0.00
03/02/2018 15:45,38.23,Weekend,Saturday,Medium_Load,0.90,2.41
30/03/2018 01:00,3.53,Weekday,Friday,Light_Load,4.14,0.00
03/05/2018 05:45,3.67,Weekday,Thursday,Light_Load,4.07,0.00
05/06/2018 04:45,3.53,Weekday,Tuesday,Light_Load,5.90,0.00
23/11/2018 00:30,4.64,Weekday,Friday,Light_Load,2.41,0.07
06/03/2018 15:15,74.63,Weekday,Tuesday,Maximum_Load,36.07,0.00
12/05/2018 21:00,3.74,Weekend,Saturday,Medium_Load,0.00,25.13
06/04/2018 01:15,3.89,Weekday,Friday,Light_Load,5.29,0.00
07/10/2018 04:30,2.66,Weekend,Sunday,Light_Load,4.82,0.00
22/09/2018 02:30,3.02,Weekend,Saturday,Light_Load,5.87,0.00
24/04/2018 10:15,48.35,Weekday,Tuesday,Maximum_Load,9.04,0.00
29/06/2018 17:15,51.88,Weekday,Friday,Medium_Load,22.18,0.00
10/01/2018 22:15,4.90,Weekday,Wednesday,Maximum_Load,1.98,15.08
04/03/2018 15:45,3.24,Weekend,Sunday,Light_Load,0.00,17.71
17/08/2018 11:45,45.07,Weekday,Friday,Maximum_Load,33.80,0.00
22/04/2018 00:30,3.17,Weekend,Sunday,Light_Load,4.18,0.00
02/06/2018 03:00,2.95,Weekend,Saturday,Light_Load,5.26,0.00
10/11/2018 12:30,4.57,Weekend,Saturday,Medium_Load,0.00,11.45
01/05/2018 12:45,3.24,Weekday,Tuesday,Light_Load,0.00,16.27
01/03/2018 06:00,4.10,Weekday,Thursday,Light_Load,5.44,0.00
04/06/2018 07:15,2.95,Weekday,Monday,Light_Load,5.44,0.00
01/03/2018 04:00,3.67,Weekday,Thursday,Light_Load,4.79,0.00
04/06/2018 03:45,3.31,Weekday,Monday,Light_Load,5.11,0.00
20/08/2018 10:45,101.20,Weekday,Monday,Maximum_Load,63.22,0.00
12/02/2018 06:45,4.46,Weekday,Monday,Light_Load,4.39,0.00
17/04/2018 02:00,3.42,Weekday,Tuesday,Light_Load,4.46,0.00
08/06/2018 06:15,2.95,Weekday,Friday,Light_Load,6.26,0.00
08/10/2018 02:15,2.56,Weekday,Monday,Light_Load,5.04,0.00
26/11/2018 23:30,4.64,Weekday,Monday,Light_Load,3.64,0.04
26/04/2018 19:30,119.34,Weekday,Thursday,Medium_Load,52.81,0.00
30/04/2018 06:30,3.06,Weekday,Monday,Light_Load,4.18,0.00
27/05/2018 15:15,3.28,Weekend,Sunday,Light_Load,0.00,16.78
11/11/2018 05:15,2.84,Weekend,Sunday,Light_Load,4.50,0.00
23/06/2018 07:00,3.20,Weekend,Saturday,Light_Load,4.57,0.00
16/05/2018 04:15,3.24,Weekday,Wednesday,Light_Load,5.15,0.00
16/03/2018 08:30,118.66,Weekday,Friday,Light_Load,69.26,0.00
05/09/2018 10:30,55.40,Weekday,Wednesday,Maximum_Load,37.94,0.00
28/01/2018 11:00,27.86,Weekend,Sunday,Maximum_Load,0.00,10.80
18/06/2018 12:45,4.93,Weekday,Monday,Medium_Load,0.00,23.51
06/10/2018 13:00,24.23,Weekend,Saturday,Medium_Load,0.76,2.09
05/02/2018 05:45,4.50,Weekday,Monday,Light_Load,4.64,0.00
16/01/2018 02:15,4.61,Weekday,Tuesday,Light_Load,5.54,0.00
27/04/2018 10:30,50.87,Weekday,Friday,Maximum_Load,11.70,0.18
09/05/2018 20:15,45.22,Weekday,Wednesday,Medium_Load,15.70,0.00
02/10/2018 12:15,3.67,Weekday,Tuesday,Medium_Load,0.00,12.46
28/04/2018 13:30,76.28,Weekend,Saturday,Maximum_Load,4.10,0.61
14/03/2018 00:45,3.82,Weekday,Wednesday,Light_Load,4.50,0.00
22/04/2018 08:15,21.13,Weekend,Sunday,Light_Load,19.30,0.00
25/12/2018 00:15,3.85,Weekday,Tuesday,Light_Load,2.74,0.36
06/09/2018 03:15,2.95,Weekday,Thursday,Light_Load,5.76,0.00
13/05/2018 13:15,3.13,Weekend,Sunday,Light_Load,0.00,16.92
04/12/2018 03:15,3.64,Weekday,Tuesday,Light_Load,4.10,0.00
26/11/2018 21:30,6.23,Weekday,Monday,Medium_Load,0.00,20.84
14/02/2018 07:30,4.18,Weekday,Wednesday,Light_Load,5.29,0.00
07/10/2018 14:15,3.13,Weekend,Sunday,Light_Load,0.00,15.59
03/09/2018 11:30,39.13,Weekday,Monday,Maximum_Load,13.00,0.00
10/04/2018 03:30,3.56,Weekday,Tuesday,Light_Load,4.10,0.00
02/07/2018 16:45,49.75,Weekday,Monday,Maximum_Load,20.92,0.00
05/05/2018 03:00,3.02,Weekend,Saturday,Light_Load,3.89,0.00
26/03/2018 05:30,3.10,Weekday,Monday,Light_Load,3.42,0.00
08/04/2018 00:00,2.99,Weekend,Sunday,Light_Load,3.53,0.00
21/05/2018 15:00,52.88,Weekday,Monday,Maximum_Load,28.12,0.00
07/06/2018 16:00,40.46,Weekday,Thursday,Maximum_Load,11.34,0.00
27/01/2018 09:15,32.47,Weekend,Saturday,Medium_Load,0.00,10.87
09/08/2018 22:00,3.89,Weekday,Thursday,Medium_Load,0.00,16.02
14/05/2018 16:00,60.62,Weekday,Monday,Maximum_Load,27.47,0.00
13/06/2018 02:00,3.46,Weekday,Wednesday,Light_Load,5.18,0.00
28/08/2018 23:45,2.92,Weekday,Tuesday,Light_Load,4.68,0.00
19/02/2018 08:30,59.00,Weekday,Monday,Light_Load,45.86,0.00
01/11/2018 12:30,6.44,Weekday,Thursday,Medium_Load,0.00,17.42
09/03/2018 02:45,4.93,Weekday,Friday,Light_Load,3.85,0.00
10/04/2018 09:00,117.47,Weekday,Tuesday,Light_Load,56.16,0.00
11/09/2018 11:30,90.25,Weekday,Tuesday,Maximum_Load,49.75,0.00
06/07/2018 06:45,3.20,Weekday,Friday,Light_Load,5.83,0.00
13/01/2018 22:15,4.86,Weekend,Saturday,Maximum_Load,1.76,15.44
20/07/2018 18:00,31.21,Weekday,Friday,Medium_Load,0.00,6.77
24/07/2018 03:45,3.02,Weekday,Tuesday,Light_Load,5.22,0.00
14/02/2018 01:30,13.03,Weekday,Wednesday,Light_Load,9.47,0.00
04/11/2018 13:30,92.05,Weekend,Sunday,Medium_Load,26.14,0.00
24/05/2018 03:30,3.53,Weekday,Thursday,Light_Load,4.25,0.00
11/12/2018 22:45,4.97,Weekday,Tuesday,Maximum_Load,4.18,0.00
23/03/2018 01:15,3.89,Weekday,Friday,Light_Load,4.90,0.00
27/02/2018 13:30,50.62,Weekday,Tuesday,Medium_Load,15.34,0.00
25/03/2018 17:45,4.10,Weekend,Sunday,Medium_Load,0.00,25.92
27/06/2018 12:30,4.39,Weekday,Wednesday,Medium_Load,0.00,17.06
11/11/2018 10:45,2.95,Weekend,Sunday,Light_Load,0.00,12.02
18/08/2018 12:45,4.25,Weekend,Saturday,Medium_Load,0.00,19.55
28/09/2018 00:30,2.81,Weekday,Friday,Light_Load,5.54,0.00
20/10/2018 19:00,4.93,Weekend,Saturday,Medium_Load,0.00,18.07
08/12/2018 22:15,3.82,Weekend,Saturday,Maximum_Load,3.92,0.29
11/05/2018 08:30,63.58,Weekday,Friday,Light_Load,62.42,0.00
27/04/2018 23:30,3.20,Weekday,Friday,Light_Load,3.17,0.00
29/06/2018 16:00,61.85,Weekday,Friday,Maximum_Load,30.17,0.00
07/08/2018 15:00,42.84,Weekday,Tuesday,Maximum_Load,13.90,0.00
16/02/2018 13:30,3.49,Weekday,Friday,Light_Load,0.00,16.81
20/04/2018 22:15,4.90,Weekday,Friday,Medium_Load,1.62,14.98
21/02/2018 05:45,3.96,Weekday,Wednesday,Light_Load,3.74,0.00
24/05/2018 22:00,4.28,Weekday,Thursday,Medium_Load,0.00,25.42
10/11/2018 05:00,3.74,Weekend,Saturday,Light_Load,7.34,0.00
11/09/2018 15:00,53.64,Weekday,Tuesday,Maximum_Load,32.69,0.00
11/01/2018 21:00,71.71,Weekday,Thursday,Medium_Load,14.65,2.56
09/06/2018 23:15,2.81,Weekend,Saturday,Light_Load,4.54,0.00
25/08/2018 00:00,2.56,Weekend,Saturday,Light_Load,4.00,0.00
11/07/2018 15:30,38.84,Weekday,Wednesday,Maximum_Load,3.31,0.40
13/07/2018 07:45,3.38,Weekday,Friday,Light_Load,4.54,0.00
26/08/2018 17:45,4.25,Weekend,Sunday,Medium_Load,0.00,18.07
20/02/2018 12:45,7.38,Weekday,Tuesday,Medium_Load,0.00,25.34
10/09/2018 02:00,3.28,Weekday,Monday,Light_Load,5.40,0.00
19/06/2018 17:30,41.33,Weekday,Tuesday,Medium_Load,12.53,0.11
18/05/2018 13:30,52.88,Weekday,Friday,Maximum_Load,29.16,0.00
31/03/2018 15:00,2.99,Weekend,Saturday,Light_Load,0.00,17.35
18/06/2018 01:30,2.81,Weekday,Monday,Light_Load,4.10,0.00
21/04/2018 11:30,72.36,Weekend,Saturday,Maximum_Load,29.41,0.00
03/03/2018 03:30,3.38,Weekend,Saturday,Light_Load,3.28,0.00
26/04/2018 08:15,93.53,Weekday,Thursday,Light_Load,66.10,0.00
25/06/2018 04:30,2.84,Weekday,Monday,Light_Load,4.57,0.00
09/10/2018 16:30,117.40,Weekday,Tuesday,Maximum_Load,62.35,0.00
26/04/2018 05:15,3.13,Weekday,Thursday,Light_Load,4.36,0.00
30/11/2018 22:00,5.44,Weekday,Friday,Medium_Load,0.00,21.17
11/07/2018 06:15,2.74,Weekday,Wednesday,Light_Load,4.21,0.00
28/05/2018 17:15,66.71,Weekday,Monday,Medium_Load,31.00,0.00
15/04/2018 14:45,3.28,Weekend,Sunday,Light_Load,0.00,17.42
30/12/2018 22:15,3.20,Weekend,Sunday,Light_Load,2.23,0.54
02/02/2018 21:00,41.11,Weekday,Friday,Medium_Load,0.65,1.66
13/10/2018 12:15,3.67,Weekend,Saturday,Medium_Load,0.00,11.77
15/06/2018 20:30,97.52,Weekday,Friday,Medium_Load,33.01,0.00
05/05/2018 04:45,2.88,Weekend,Saturday,Light_Load,3.74,0.00
02/07/2018 11:45,70.70,Weekday,Monday,Maximum_Load,61.38,0.00
26/06/2018 10:45,44.78,Weekday,Tuesday,Maximum_Load,16.96,0.00
12/08/2018 08:45,2.70,Weekend,Sunday,Light_Load,4.25,0.40
24/08/2018 09:15,55.76,Weekday,Friday,Medium_Load,33.01,0.00
07/01/2018 08:15,3.82,Weekend,Sunday,Light_Load,4.86,0.00
29/09/2018 16:45,24.12,Weekend,Saturday,Maximum_Load,5.33,5.44
22/07/2018 19:45,3.46,Weekend,Sunday,Light_Load,0.00,17.10
15/03/2018 08:15,63.18,Weekday,Thursday,Light_Load,45.90,0.00
10/06/2018 02:45,2.81,Weekend,Sunday,Light_Load,4.79,0.00
30/04/2018 06:15,2.84,Weekday,Monday,Light_Load,4.39,0.00
03/12/2018 08:30,56.84,Weekday,Monday,Light_Load,44.35,0.00
27/12/2018 21:30,5.26,Weekday,Thursday,Medium_Load,0.00,22.32
19/08/2018 06:00,2.63,Weekend,Sunday,Light_Load,4.97,0.00
08/10/2018 08:30,95.83,Weekday,Monday,Light_Load,67.61,0.00
21/12/2018 23:00,5.15,Weekday,Friday,Maximum_Load,3.02,0.00
27/09/2018 15:45,115.24,Weekday,Thursday,Maximum_Load,60.62,0.00
21/12/2018 01:45,3.89,Weekday,Friday,Light_Load,3.24,0.14
18/09/2018 02:45,2.95,Weekday,Tuesday,Light_Load,5.54,0.00
04/11/2018 14:30,89.46,Weekend,Sunday,Medium_Load,24.73,0.00
15/08/2018 06:45,3.06,Weekday,Wednesday,Light_Load,4.32,0.00
18/07/2018 23:45,2.77,Weekday,Wednesday,Light_Load,0.00,5.04
10/01/2018 12:00,122.76,Weekday,Wednesday,Maximum_Load,61.49,0.00
19/02/2018 06:45,3.38,Weekday,Monday,Light_Load,4.54,0.00
23/11/2018 18:45,56.02,Weekday,Friday,Maximum_Load,21.71,0.00
25/01/2018 10:15,57.20,Weekday,Thursday,Maximum_Load,9.76,0.00
04/12/2018 13:15,32.51,Weekday,Tuesday,Medium_Load,13.39,6.77
13/04/2018 15:00,68.76,Weekday,Friday,Maximum_Load,28.73,0.00
24/12/2018 19:45,4.10,Weekday,Monday,Maximum_Load,0.00,21.67
18/02/2018 08:00,3.06,Weekend,Sunday,Light_Load,3.82,0.00
07/05/2018 01:30,2.95,Weekday,Monday,Light_Load,4.39,0.00
19/02/2018 17:00,91.73,Weekday,Monday,Medium_Load,34.42,0.00
20/12/2018 21:30,4.14,Weekday,Thursday,Medium_Load,0.00,21.78
27/11/2018 21:15,25.96,Weekday,Tuesday,Medium_Load,0.04,7.88
21/05/2018 08:00,3.20,Weekday,Monday,Light_Load,4.07,0.00
11/01/2018 08:00,7.38,Weekday,Thursday,Light_Load,3.53,0.04
13/03/2018 16:00,57.74,Weekday,Tuesday,Maximum_Load,23.18,0.00
09/10/2018 05:30,3.35,Weekday,Tuesday,Light_Load,5.51,0.00
14/06/2018 15:00,56.70,Weekday,Thursday,Maximum_Load,25.52,0.00
28/05/2018 16:15,48.67,Weekday,Monday,Maximum_Load,16.27,0.00
25/12/2018 12:00,4.18,Weekday,Tuesday,Light_Load,0.00,20.20
20/08/2018 17:00,101.48,Weekday,Monday,Maximum_Load,58.57,0.00
15/01/2018 01:00,4.61,Weekday,Monday,Light_Load,4.46,0.00
25/12/2018 08:00,3.89,Weekday,Tuesday,Light_Load,3.49,0.04
22/06/2018 19:15,43.20,Weekday,Friday,Medium_Load,20.20,0.00
20/01/2018 20:30,38.41,Weekend,Saturday,Medium_Load,0.18,3.31
20/07/2018 02:45,2.88,Weekday,Friday,Light_Load,0.00,4.54
23/02/2018 16:15,58.79,Weekday,Friday,Medium_Load,21.13,0.00
02/02/2018 08:15,39.28,Weekday,Friday,Light_Load,23.94,0.00
29/07/2018 03:45,2.74,Weekend,Sunday,Light_Load,4.68,0.00
23/05/2018 11:30,108.68,Weekday,Wednesday,Maximum_Load,63.36,0.00
03/10/2018 12:30,5.87,Weekday,Wednesday,Medium_Load,0.00,16.27
04/10/2018 17:45,29.74,Weekday,Thursday,Medium_Load,1.58,1.51
23/06/2018 17:00,15.52,Weekend,Saturday,Maximum_Load,0.14,17.03
24/01/2018 01:30,32.00,Weekday,Wednesday,Light_Load,21.20,0.00
02/03/2018 07:00,3.92,Weekday,Friday,Light_Load,3.82,0.00
23/03/2018 04:15,3.31,Weekday,Friday,Light_Load,4.32,0.00
24/12/2018 12:30,6.91,Weekday,Monday,Medium_Load,0.00,21.67
08/06/2018 03:15,2.92,Weekday,Friday,Light_Load,5.58,0.00
13/02/2018 07:15,4.68,Weekday,Tuesday,Light_Load,5.29,0.00
11/09/2018 14:00,125.89,Weekday,Tuesday,Maximum_Load,67.93,0.00
05/04/2018 20:00,39.67,Weekday,Thursday,Medium_Load,0.32,2.48
05/12/2018 00:45,3.89,Weekday,Wednesday,Light_Load,4.03,0.00
24/05/2018 02:15,2.92,Weekday,Thursday,Light_Load,4.46,0.00
10/08/2018 08:30,49.90,Weekday,Friday,Light_Load,46.80,0.00
16/05/2018 05:15,3.24,Weekday,Wednesday,Light_Load,5.33,0.00
17/12/2018 18:15,16.09,Weekday,Monday,Maximum_Load,1.55,7.52
16/06/2018 02:15,2.92,Weekend,Saturday,Light_Load,5.00,0.00
03/02/2018 02:30,6.12,Weekend,Saturday,Light_Load,5.00,0.00
17/03/2018 21:15,4.00,Weekend,Saturday,Medium_Load,0.00,26.68
16/01/2018 14:15,75.64,Weekday,Tuesday,Medium_Load,31.61,0.00
12/11/2018 08:30,50.58,Weekday,Monday,Light_Load,40.90,0.00
18/03/2018 17:15,3.46,Weekend,Sunday,Light_Load,0.00,21.20
20/02/2018 04:30,5.83,Weekday,Tuesday,Light_Load,5.22,0.00
16/05/2018 08:45,50.40,Weekday,Wednesday,Light_Load,54.25,0.00
12/11/2018 17:00,96.26,Weekday,Monday,Medium_Load,42.77,0.00
02/02/2018 08:30,57.78,Weekday,Friday,Light_Load,35.39,0.00
18/06/2018 03:30,2.77,Weekday,Monday,Light_Load,4.03,0.00
31/12/2018 11:45,4.00,Weekday,Monday,Light_Load,0.00,20.92
07/05/2018 18:00,35.60,Weekday,Monday,Medium_Load,1.80,3.31
15/04/2018 03:45,3.13,Weekend,Sunday,Light_Load,4.00,0.00
23/01/2018 14:15,65.59,Weekday,Tuesday,Medium_Load,20.52,0.00
21/03/2018 04:15,3.31,Weekday,Wednesday,Light_Load,3.60,0.00
17/09/2018 19:15,54.22,Weekday,Monday,Medium_Load,32.22,0.00
24/12/2018 11:00,54.18,Weekday,Monday,Maximum_Load,22.61,0.00
20/07/2018 08:45,51.52,Weekday,Friday,Light_Load,52.70,0.00
07/09/2018 02:45,2.92,Weekday,Friday,Light_Load,4.82,0.00
26/05/2018 14:45,37.22,Weekend,Saturday,Maximum_Load,6.30,0.32
08/10/2018 06:00,2.56,Weekday,Monday,Light_Load,5.15,0.00
10/06/2018 13:30,3.10,Weekend,Sunday,Light_Load,0.00,16.24
20/11/2018 20:15,5.00,Weekday,Tuesday,Medium_Load,0.00,22.54
10/02/2018 20:45,3.92,Weekend,Saturday,Light_Load,0.00,17.64
15/12/2018 18:00,4.10,Weekend,Saturday,Light_Load,0.00,16.88
31/03/2018 08:00,2.74,Weekend,Saturday,Light_Load,4.03,0.00
20/06/2018 09:45,65.92,Weekday,Wednesday,Medium_Load,22.61,0.00
13/12/2018 08:30,72.86,Weekday,Thursday,Light_Load,54.04,0.00
20/03/2018 16:30,49.43,Weekday,Tuesday,Maximum_Load,18.83,0.00
12/09/2018 12:15,4.43,Weekday,Wednesday,Medium_Load,0.00,14.69
16/05/2018 07:45,3.42,Weekday,Wednesday,Light_Load,4.43,0.00
11/05/2018 21:15,5.29,Weekday,Friday,Medium_Load,0.00,25.99
21/03/2018 13:45,71.14,Weekday,Wednesday,Maximum_Load,34.70,0.00
27/04/2018 03:00,3.02,Weekday,Friday,Light_Load,3.28,0.00
15/10/2018 11:30,125.21,Weekday,Monday,Maximum_Load,62.96,0.00
13/09/2018 00:00,4.28,Weekday,Thursday,Light_Load,6.19,0.00
13/02/2018 07:30,6.55,Weekday,Tuesday,Light_Load,5.04,0.00
07/02/2018 07:15,4.50,Weekday,Wednesday,Light_Load,4.43,0.00
21/06/2018 17:45,29.56,Weekday,Thursday,Medium_Load,0.00,8.21
21/10/2018 05:45,2.81,Weekend,Sunday,Light_Load,4.72,0.00
13/03/2018 01:30,4.57,Weekday,Tuesday,Light_Load,6.95,0.00
15/05/2018 11:30,74.99,Weekday,Tuesday,Maximum_Load,56.02,0.00
26/11/2018 19:00,58.43,Weekday,Monday,Maximum_Load,26.24,0.00
26/11/2018 21:15,16.09,Weekday,Monday,Medium_Load,0.00,14.58
26/06/2018 23:45,4.39,Weekday,Tuesday,Light_Load,5.04,0.00
02/06/2018 05:30,3.53,Weekend,Saturday,Light_Load,5.98,0.00
28/12/2018 01:30,4.14,Weekday,Friday,Light_Load,2.30,0.36
22/08/2018 15:30,47.59,Weekday,Wednesday,Maximum_Load,18.97,0.00
14/01/2018 05:45,4.03,Weekend,Sunday,Light_Load,3.56,0.00
05/04/2018 15:30,54.86,Weekday,Thursday,Maximum_Load,21.56,0.00
28/10/2018 05:45,2.74,Weekend,Sunday,Light_Load,4.90,0.00
17/11/2018 21:30,5.26,Weekend,Saturday,Medium_Load,0.00,17.24
14/09/2018 18:30,29.05,Weekday,Friday,Medium_Load,14.08,0.00
28/12/2018 09:00,66.46,Weekday,Friday,Light_Load,28.15,0.00
10/04/2018 01:30,3.56,Weekday,Tuesday,Light_Load,4.18,0.00
17/11/2018 20:45,4.07,Weekend,Saturday,Medium_Load,0.00,17.14
12/01/2018 09:15,130.18,Weekday,Friday,Medium_Load,50.08,0.00
05/12/2018 18:00,27.32,Weekday,Wednesday,Maximum_Load,2.56,3.28
16/04/2018 11:45,58.64,Weekday,Monday,Maximum_Load,43.70,0.00
31/03/2018 21:15,3.06,Weekend,Saturday,Light_Load,0.00,17.39
20/10/2018 21:15,3.67,Weekend,Saturday,Medium_Load,0.00,18.07
30/01/2018 11:45,81.90,Weekday,Tuesday,Maximum_Load,55.22,0.00
20/03/2018 17:00,64.15,Weekday,Tuesday,Maximum_Load,29.59,0.00
19/05/2018 15:45,36.25,Weekend,Saturday,Maximum_Load,0.97,2.52
26/07/2018 15:15,48.96,Weekday,Thursday,Maximum_Load,11.95,0.00
18/08/2018 15:30,52.02,Weekend,Saturday,Maximum_Load,26.71,0.00
23/08/2018 07:15,3.06,Weekday,Thursday,Light_Load,5.76,0.00
21/02/2018 21:45,93.35,Weekday,Wednesday,Medium_Load,15.34,0.00
01/10/2018 06:00,2.52,Weekday,Monday,Light_Load,4.72,0.00
12/01/2018 05:45,4.75,Weekday,Friday,Light_Load,5.22,0.00
29/09/2018 06:30,2.56,Weekend,Saturday,Light_Load,4.54,0.00
19/11/2018 23:30,3.64,Weekday,Monday,Light_Load,2.95,0.11
07/10/2018 21:30,3.42,Weekend,Sunday,Light_Load,0.00,17.78
21/11/2018 12:30,6.66,Weekday,Wednesday,Medium_Load,0.00,21.56
14/06/2018 14:15,22.14,Weekday,Thursday,Maximum_Load,1.84,9.76
17/07/2018 03:00,3.49,Weekday,Tuesday,Light_Load,0.00,3.85
12/04/2018 01:30,3.67,Weekday,Thursday,Light_Load,5.51,0.00
22/02/2018 08:45,103.39,Weekday,Thursday,Light_Load,73.76,0.00
23/04/2018 09:15,71.68,Weekday,Monday,Medium_Load,35.10,0.00
30/10/2018 06:00,2.88,Weekday,Tuesday,Light_Load,3.71,0.00
11/05/2018 15:15,46.76,Weekday,Friday,Maximum_Load,12.78,0.00
01/05/2018 04:30,3.35,Weekday,Tuesday,Light_Load,4.18,0.00
03/02/2018 20:15,40.90,Weekend,Saturday,Medium_Load,0.43,1.73
30/06/2018 11:15,31.46,Weekend,Saturday,Maximum_Load,13.82,0.22
21/02/2018 18:45,63.79,Weekday,Wednesday,Maximum_Load,11.52,1.69
30/03/2018 16:30,67.93,Weekday,Friday,Maximum_Load,33.12,0.00
05/02/2018 19:45,62.14,Weekday,Monday,Maximum_Load,6.16,0.83
07/05/2018 21:30,3.96,Weekday,Monday,Medium_Load,0.00,26.10
19/01/2018 22:00,89.68,Weekday,Friday,Medium_Load,12.64,0.00
31/07/2018 23:15,3.31,Weekday,Tuesday,Light_Load,5.33,0.00
05/09/2018 15:45,66.71,Weekday,Wednesday,Maximum_Load,42.19,0.00
29/08/2018 01:45,2.70,Weekday,Wednesday,Light_Load,4.32,0.00
15/06/2018 13:00,8.17,Weekday,Friday,Medium_Load,0.00,21.42
28/03/2018 06:45,2.99,Weekday,Wednesday,Light_Load,3.31,0.00
16/12/2018 02:30,3.42,Weekend,Sunday,Light_Load,2.63,0.00
10/05/2018 04:45,3.10,Weekday,Thursday,Light_Load,3.67,0.00
21/06/2018 20:00,34.24,Weekday,Thursday,Medium_Load,7.56,0.07
20/06/2018 03:45,3.10,Weekday,Wednesday,Light_Load,5.98,0.00
25/06/2018 08:45,62.03,Weekday,Monday,Light_Load,63.83,0.00
03/03/2018 05:00,3.89,Weekend,Saturday,Light_Load,4.50,0.00
21/03/2018 08:15,41.65,Weekday,Wednesday,Light_Load,32.26,0.00
09/07/2018 00:00,3.31,Weekday,Monday,Light_Load,3.74,0.00
09/05/2018 12:45,6.73,Weekday,Wednesday,Medium_Load,0.00,25.56
30/05/2018 12:00,47.45,Weekday,Wednesday,Maximum_Load,35.64,0.00
22/08/2018 19:30,3.42,Weekday,Wednesday,Medium_Load,0.00,15.62
25/02/2018 16:00,4.18,Weekend,Sunday,Light_Load,0.00,16.78
15/09/2018 11:30,32.58,Weekend,Saturday,Maximum_Load,8.78,0.00
20/02/2018 17:00,104.36,Weekday,Tuesday,Medium_Load,26.93,0.00
03/05/2018 07:15,3.42,Weekday,Thursday,Light_Load,4.57,0.00
20/03/2018 10:45,56.34,Weekday,Tuesday,Maximum_Load,17.39,0.00
19/12/2018 07:45,5.76,Weekday,Wednesday,Light_Load,2.92,0.32
21/05/2018 08:45,67.72,Weekday,Monday,Light_Load,64.80,0.00
08/09/2018 19:15,3.56,Weekend,Saturday,Medium_Load,0.00,17.75
02/11/2018 11:15,63.58,Weekday,Friday,Maximum_Load,29.27,0.00
24/12/2018 17:45,6.73,Weekday,Monday,Maximum_Load,0.00,21.89
12/09/2018 14:15,91.51,Weekday,Wednesday,Maximum_Load,52.27,0.00
25/10/2018 07:15,2.84,Weekday,Thursday,Light_Load,4.90,0.00
20/07/2018 01:15,2.88,Weekday,Friday,Light_Load,0.00,4.68
23/01/2018 15:45,67.28,Weekday,Tuesday,Medium_Load,23.33,0.00
05/09/2018 14:00,56.05,Weekday,Wednesday,Maximum_Load,36.54,0.00
28/12/2018 04:00,3.82,Weekday,Friday,Light_Load,2.66,0.36
04/08/2018 19:00,2.88,Weekend,Saturday,Light_Load,0.00,16.70
18/11/2018 16:15,38.41,Weekend,Sunday,Medium_Load,7.60,0.00
11/08/2018 12:30,4.21,Weekend,Saturday,Medium_Load,0.00,16.13
19/02/2018 14:00,70.56,Weekday,Monday,Medium_Load,28.91,0.00
15/09/2018 11:45,40.39,Weekend,Saturday,Maximum_Load,15.48,0.00
12/06/2018 12:30,4.79,Weekday,Tuesday,Medium_Load,0.00,25.49
09/10/2018 11:15,47.66,Weekday,Tuesday,Maximum_Load,24.73,0.00
21/08/2018 12:30,5.47,Weekday,Tuesday,Medium_Load,0.00,20.02
16/07/2018 22:30,3.64,Weekday,Monday,Medium_Load,0.00,4.32
24/09/2018 08:30,2.59,Weekday,Monday,Light_Load,6.05,0.00
06/10/2018 23:00,3.24,Weekend,Saturday,Medium_Load,6.77,0.00
15/04/2018 13:45,3.31,Weekend,Sunday,Light_Load,0.00,17.50
23/10/2018 03:45,3.10,Weekday,Tuesday,Light_Load,6.08,0.00
22/04/2018 02:30,3.56,Weekend,Sunday,Light_Load,3.92,0.00
05/02/2018 21:30,54.29,Weekday,Monday,Medium_Load,3.10,1.19
22/05/2018 22:15,3.20,Weekday,Tuesday,Medium_Load,1.91,9.18
13/08/2018 17:15,95.36,Weekday,Monday,Medium_Load,48.17,0.00
12/01/2018 08:45,114.19,Weekday,Friday,Light_Load,68.08,0.00
03/10/2018 23:30,3.31,Weekday,Wednesday,Light_Load,6.88,0.00
30/12/2018 07:00,3.82,Weekend,Sunday,Light_Load,4.03,0.00
15/03/2018 05:45,3.42,Weekday,Thursday,Light_Load,5.58,0.00
14/08/2018 14:45,81.22,Weekday,Tuesday,Maximum_Load,29.77,0.00
19/10/2018 10:15,51.77,Weekday,Friday,Maximum_Load,27.40,0.00
17/04/2018 01:45,3.28,Weekday,Tuesday,Light_Load,4.32,0.00
14/04/2018 03:15,3.06,Weekend,Saturday,Light_Load,3.96,0.00
15/07/2018 23:30,2.84,Weekend,Sunday,Light_Load,0.00,5.26
14/03/2018 02:30,3.89,Weekday,Wednesday,Light_Load,4.68,0.00
05/01/2018 16:00,146.34,Weekday,Friday,Medium_Load,66.92,0.00
19/01/2018 16:00,114.59,Weekday,Friday,Medium_Load,40.50,0.00
22/07/2018 16:45,2.95,Weekend,Sunday,Light_Load,0.00,16.99
14/03/2018 20:45,4.43,Weekday,Wednesday,Medium_Load,0.00,24.19
10/01/2018 15:45,100.48,Weekday,Wednesday,Medium_Load,29.41,0.00
29/08/2018 11:00,44.82,Weekday,Wednesday,Maximum_Load,21.06,0.00
05/03/2018 08:30,78.23,Weekday,Monday,Light_Load,50.72,0.00
30/10/2018 01:30,3.67,Weekday,Tuesday,Light_Load,6.88,0.00
09/03/2018 06:00,4.93,Weekday,Friday,Light_Load,3.67,0.00
18/10/2018 09:45,46.94,Weekday,Thursday,Medium_Load,20.77,0.00
12/08/2018 18:30,2.74,Weekend,Sunday,Light_Load,0.00,4.82
01/10/2018 16:00,45.54,Weekday,Monday,Maximum_Load,26.42,0.00
23/03/2018 13:00,5.44,Weekday,Friday,Medium_Load,0.00,18.94
18/10/2018 15:15,66.89,Weekday,Thursday,Maximum_Load,49.82,0.00
30/08/2018 20:45,32.22,Weekday,Thursday,Medium_Load,6.37,0.14
15/04/2018 23:00,3.10,Weekend,Sunday,Light_Load,3.82,0.00
11/11/2018 17:45,2.92,Weekend,Sunday,Light_Load,0.00,12.42
03/07/2018 11:15,71.14,Weekday,Tuesday,Maximum_Load,47.63,0.00
20/07/2018 06:00,2.81,Weekday,Friday,Light_Load,5.58,0.00
05/08/2018 22:30,2.84,Weekend,Sunday,Light_Load,5.00,0.00
01/02/2018 15:45,75.35,Weekday,Thursday,Medium_Load,37.80,0.00
11/11/2018 13:45,3.28,Weekend,Sunday,Light_Load,0.00,16.31
26/01/2018 12:15,31.32,Weekday,Friday,Medium_Load,11.59,18.72
16/02/2018 03:45,3.92,Weekday,Friday,Light_Load,4.75,0.00
20/05/2018 22:30,3.13,Weekend,Sunday,Medium_Load,5.94,0.00
27/02/2018 22:30,6.16,Weekday,Tuesday,Maximum_Load,6.26,0.00
02/09/2018 06:00,2.63,Weekend,Sunday,Light_Load,4.46,0.00
12/01/2018 15:45,112.36,Weekday,Friday,Medium_Load,49.82,0.00
16/07/2018 22:00,3.82,Weekday,Monday,Medium_Load,0.00,16.24
05/07/2018 02:00,3.06,Weekday,Thursday,Light_Load,4.79,0.00
16/03/2018 15:30,122.94,Weekday,Friday,Maximum_Load,55.08,0.00
01/11/2018 22:45,3.71,Weekday,Thursday,Maximum_Load,7.56,0.00
30/09/2018 09:15,3.02,Weekend,Sunday,Light_Load,0.00,14.69
24/12/2018 08:45,64.58,Weekday,Monday,Light_Load,38.70,0.00
30/03/2018 16:00,56.38,Weekday,Friday,Maximum_Load,28.08,0.00
07/01/2018 20:00,4.07,Weekend,Sunday,Light_Load,0.00,22.86
06/03/2018 09:30,104.40,Weekday,Tuesday,Medium_Load,39.38,0.00
29/04/2018 08:30,2.77,Weekend,Sunday,Light_Load,3.67,0.00
15/02/2018 17:00,3.42,Weekday,Thursday,Light_Load,0.00,17.21
28/10/2018 18:30,3.28,Weekend,Sunday,Light_Load,0.00,8.28
19/12/2018 15:30,130.46,Weekday,Wednesday,Medium_Load,60.23,0.00
21/03/2018 17:00,66.78,Weekday,Wednesday,Maximum_Load,27.97,0.00
09/12/2018 05:15,3.74,Weekend,Sunday,Light_Load,3.10,0.14
17/10/2018 18:00,28.87,Weekday,Wednesday,Medium_Load,6.19,0.79
19/07/2018 20:45,63.22,Weekday,Thursday,Medium_Load,33.98,0.00
23/02/2018 03:15,5.94,Weekday,Friday,Light_Load,7.24,0.00
24/08/2018 21:15,6.70,Weekday,Friday,Medium_Load,0.00,14.72
25/10/2018 14:30,60.16,Weekday,Thursday,Maximum_Load,28.73,0.00
19/08/2018 04:45,2.74,Weekend,Sunday,Light_Load,4.82,0.00
20/03/2018 05:45,3.06,Weekday,Tuesday,Light_Load,3.46,0.00
03/08/2018 22:00,3.02,Weekday,Friday,Light_Load,0.00,15.59
11/04/2018 18:45,85.03,Weekday,Wednesday,Medium_Load,35.17,0.00
01/03/2018 05:00,3.67,Weekday,Thursday,Light_Load,4.75,0.00
24/07/2018 06:30,2.92,Weekday,Tuesday,Light_Load,5.29,0.00
10/02/2018 17:45,3.85,Weekend,Saturday,Light_Load,0.00,17.53
23/08/2018 06:30,3.17,Weekday,Thursday,Light_Load,5.98,0.00
20/04/2018 10:45,50.11,Weekday,Friday,Maximum_Load,21.53,0.00
26/10/2018 03:45,2.84,Weekday,Friday,Light_Load,4.46,0.00
16/02/2018 16:15,3.49,Weekday,Friday,Light_Load,0.00,16.85
03/02/2018 08:45,38.09,Weekend,Saturday,Light_Load,28.84,0.00
07/03/2018 01:30,3.13,Weekday,Wednesday,Light_Load,3.02,0.00
07/11/2018 22:30,3.74,Weekday,Wednesday,Maximum_Load,6.91,0.00
02/06/2018 06:00,2.95,Weekend,Saturday,Light_Load,5.87,0.00
23/01/2018 01:30,30.56,Weekday,Tuesday,Light_Load,23.44,0.00
02/08/2018 08:00,2.63,Weekday,Thursday,Light_Load,4.64,0.00
16/04/2018 11:00,61.20,Weekday,Monday,Maximum_Load,30.35,0.00
18/01/2018 07:45,42.37,Weekday,Thursday,Light_Load,30.64,0.00
02/09/2018 22:15,2.70,Weekend,Sunday,Medium_Load,4.28,0.11
20/05/2018 19:15,4.00,Weekend,Sunday,Medium_Load,0.00,15.98
24/02/2018 04:00,5.87,Weekend,Saturday,Light_Load,4.79,0.00
14/10/2018 01:00,2.99,Weekend,Sunday,Light_Load,5.22,0.00
24/03/2018 15:15,35.86,Weekend,Saturday,Maximum_Load,1.37,1.51
04/01/2018 20:30,69.30,Weekday,Thursday,Medium_Load,39.92,0.00
12/10/2018 22:45,3.53,Weekday,Friday,Medium_Load,6.08,0.00
12/08/2018 18:15,2.77,Weekend,Sunday,Light_Load,0.00,7.06
28/02/2018 23:45,5.29,Weekday,Wednesday,Light_Load,5.58,0.00
09/08/2018 08:45,109.98,Weekday,Thursday,Light_Load,87.70,0.00
28/05/2018 04:15,2.84,Weekday,Monday,Light_Load,5.22,0.00
25/01/2018 09:45,80.68,Weekday,Thursday,Medium_Load,34.85,0.00
28/12/2018 02:45,3.82,Weekday,Friday,Light_Load,2.59,0.36
13/02/2018 12:45,9.61,Weekday,Tuesday,Medium_Load,0.00,25.67
09/03/2018 22:30,3.85,Weekday,Friday,Medium_Load,4.36,0.00
28/07/2018 04:45,3.46,Weekend,Saturday,Light_Load,6.37,0.00
14/02/2018 17:15,4.21,Weekday,Wednesday,Light_Load,0.00,25.38
04/05/2018 05:15,2.99,Weekday,Friday,Light_Load,3.74,0.00
04/04/2018 12:45,5.36,Weekday,Wednesday,Medium_Load,0.00,26.57
04/08/2018 04:15,2.84,Weekend,Saturday,Light_Load,5.98,0.00
09/05/2018 23:30,3.60,Weekday,Wednesday,Light_Load,3.17,0.00
29/10/2018 05:00,2.77,Weekday,Monday,Light_Load,5.15,0.00
14/11/2018 10:45,58.10,Weekday,Wednesday,Maximum_Load,29.59,0.00
13/07/2018 06:00,2.84,Weekday,Friday,Light_Load,5.51,0.00
08/12/2018 14:00,50.51,Weekend,Saturday,Medium_Load,16.42,0.00
04/07/2018 08:30,87.37,Weekday,Wednesday,Light_Load,57.71,0.00
10/06/2018 05:45,2.84,Weekend,Sunday,Light_Load,5.29,0.00
10/07/2018 07:00,2.88,Weekday,Tuesday,Light_Load,5.08,0.00
10/11/2018 17:45,3.71,Weekend,Saturday,Maximum_Load,0.00,17.93
04/09/2018 20:30,88.09,Weekday,Tuesday,Medium_Load,24.44,0.00
11/03/2018 10:00,34.34,Weekend,Sunday,Medium_Load,2.30,1.22
24/01/2018 07:15,37.33,Weekday,Wednesday,Light_Load,27.18,0.00
27/05/2018 15:30,2.99,Weekend,Sunday,Light_Load,0.00,16.56
23/10/2018 10:45,44.32,Weekday,Tuesday,Maximum_Load,22.50,0.00
20/06/2018 13:15,34.56,Weekday,Wednesday,Maximum_Load,10.94,7.31
25/01/2018 01:45,35.10,Weekday,Thursday,Light_Load,24.30,0.00
09/02/2018 12:15,14.94,Weekday,Friday,Medium_Load,2.74,19.01
01/11/2018 10:30,56.52,Weekday,Thursday,Maximum_Load,26.24,0.00
15/12/2018 03:15,4.82,Weekend,Saturday,Light_Load,4.18,0.00
14/07/2018 02:30,2.74,Weekend,Saturday,Light_Load,4.46,0.00
04/02/2018 18:30,4.25,Weekend,Sunday,Light_Load,0.00,6.73
20/12/2018 00:30,4.03,Weekday,Thursday,Light_Load,2.77,0.36
29/04/2018 22:15,3.35,Weekend,Sunday,Light_Load,1.73,13.57
20/02/2018 05:00,5.83,Weekday,Tuesday,Light_Load,5.18,0.00
09/11/2018 00:00,4.90,Weekday,Friday,Light_Load,6.91,0.00
21/12/2018 23:45,4.00,Weekday,Friday,Light_Load,2.63,0.50
17/03/2018 16:45,92.99,Weekend,Saturday,Maximum_Load,16.38,0.00
18/05/2018 04:15,3.17,Weekday,Friday,Light_Load,5.29,0.00
16/03/2018 17:45,31.07,Weekday,Friday,Medium_Load,0.18,10.12
26/10/2018 22:00,3.96,Weekday,Friday,Medium_Load,0.00,15.70
30/04/2018 05:15,2.84,Weekday,Monday,Light_Load,4.28,0.00
21/11/2018 09:45,67.43,Weekday,Wednesday,Medium_Load,31.21,0.00
09/05/2018 18:45,55.33,Weekday,Wednesday,Medium_Load,30.96,0.00
10/08/2018 12:45,4.68,Weekday,Friday,Medium_Load,0.00,16.34
20/10/2018 18:45,5.29,Weekend,Saturday,Medium_Load,0.00,18.04
31/12/2018 14:30,3.56,Weekday,Monday,Light_Load,0.00,15.34
20/10/2018 10:30,59.18,Weekend,Saturday,Maximum_Load,31.61,0.00
09/08/2018 23:45,2.63,Weekday,Thursday,Light_Load,4.32,0.00
19/08/2018 01:15,2.59,Weekend,Sunday,Light_Load,4.21,0.00
02/07/2018 17:30,57.46,Weekday,Monday,Medium_Load,31.18,0.00
17/10/2018 17:30,42.52,Weekday,Wednesday,Medium_Load,19.15,0.22
22/12/2018 20:45,3.67,Weekend,Saturday,Light_Load,0.00,13.93
28/03/2018 21:15,8.96,Weekday,Wednesday,Medium_Load,0.00,23.36
12/06/2018 14:45,93.74,Weekday,Tuesday,Maximum_Load,26.64,0.00
15/01/2018 17:15,55.62,Weekday,Monday,Maximum_Load,18.00,0.00
14/01/2018 19:00,4.93,Weekend,Sunday,Maximum_Load,0.00,27.04
09/11/2018 08:00,6.05,Weekday,Friday,Light_Load,5.04,0.00
01/01/2018 23:15,3.53,Weekday,Monday,Light_Load,3.42,0.00
09/11/2018 12:15,5.15,Weekday,Friday,Medium_Load,0.00,18.04
03/04/2018 09:00,104.44,Weekday,Tuesday,Light_Load,42.91,0.00
23/08/2018 11:30,71.68,Weekday,Thursday,Maximum_Load,57.89,0.00
09/10/2018 00:15,3.20,Weekday,Tuesday,Light_Load,6.23,0.00
07/10/2018 05:30,2.56,Weekend,Sunday,Light_Load,4.54,0.00
25/02/2018 15:45,4.18,Weekend,Sunday,Light_Load,0.00,16.74
23/02/2018 11:15,68.08,Weekday,Friday,Maximum_Load,50.51,0.00
11/08/2018 02:30,2.70,Weekend,Saturday,Light_Load,5.04,0.00
13/03/2018 12:30,6.59,Weekday,Tuesday,Medium_Load,0.00,25.20
17/03/2018 08:00,3.49,Weekend,Saturday,Light_Load,3.60,0.00
19/03/2018 22:30,3.74,Weekday,Monday,Medium_Load,4.68,0.00
20/05/2018 17:30,4.03,Weekend,Sunday,Medium_Load,0.00,15.95
01/07/2018 07:45,3.28,Weekend,Sunday,Light_Load,3.17,0.00
31/01/2018 12:30,8.32,Weekday,Wednesday,Medium_Load,0.00,25.88
08/05/2018 10:15,83.70,Weekday,Tuesday,Maximum_Load,31.28,0.00
03/05/2018 01:30,3.71,Weekday,Thursday,Light_Load,3.60,0.00
16/11/2018 09:15,65.30,Weekday,Friday,Medium_Load,35.68,0.00
15/04/2018 08:45,3.42,Weekend,Sunday,Light_Load,4.21,0.14
27/11/2018 00:00,23.65,Weekday,Tuesday,Light_Load,14.54,0.00
02/02/2018 12:00,61.70,Weekday,Friday,Maximum_Load,29.30,0.00
18/03/2018 11:00,3.13,Weekend,Sunday,Light_Load,0.00,18.07
03/04/2018 00:15,3.67,Weekday,Tuesday,Light_Load,4.64,0.00
31/01/2018 18:45,74.12,Weekday,Wednesday,Maximum_Load,13.18,1.44
10/11/2018 05:45,3.74,Weekend,Saturday,Light_Load,7.27,0.00
20/01/2018 03:30,87.55,Weekend,Saturday,Light_Load,42.37,0.00
23/08/2018 16:30,49.46,Weekday,Thursday,Maximum_Load,25.09,0.00
24/11/2018 23:45,2.77,Weekend,Saturday,Light_Load,1.98,0.18
04/06/2018 23:15,4.21,Weekday,Monday,Light_Load,6.59,0.00
03/12/2018 15:00,54.22,Weekday,Monday,Medium_Load,24.95,0.00
15/01/2018 20:00,66.92,Weekday,Monday,Maximum_Load,30.13,0.00
17/09/2018 00:45,2.74,Weekday,Monday,Light_Load,5.26,0.00
16/03/2018 11:30,103.72,Weekday,Friday,Maximum_Load,61.13,0.00
17/01/2018 13:45,104.04,Weekday,Wednesday,Medium_Load,57.60,0.00
26/03/2018 06:45,3.06,Weekday,Monday,Light_Load,3.35,0.00
28/12/2018 16:15,30.06,Weekday,Friday,Medium_Load,0.04,6.52
27/01/2018 14:45,28.30,Weekend,Saturday,Medium_Load,0.00,8.39
02/07/2018 07:30,2.99,Weekday,Monday,Light_Load,3.53,0.00
13/03/2018 18:00,28.58,Weekday,Tuesday,Medium_Load,0.00,8.46
15/11/2018 03:30,4.07,Weekday,Thursday,Light_Load,5.15,0.00
16/08/2018 01:45,2.70,Weekday,Thursday,Light_Load,4.75,0.00
30/05/2018 14:00,45.40,Weekday,Wednesday,Maximum_Load,10.98,0.07
12/01/2018 13:30,100.30,Weekday,Friday,Medium_Load,40.46,0.00
09/03/2018 03:30,4.97,Weekday,Friday,Light_Load,4.00,0.00
07/06/2018 11:30,45.90,Weekday,Thursday,Maximum_Load,39.64,0.00
03/08/2018 02:45,3.20,Weekday,Friday,Light_Load,5.98,0.00
11/01/2018 01:00,4.61,Weekday,Thursday,Light_Load,4.68,0.00
15/03/2018 00:00,3.71,Weekday,Thursday,Light_Load,4.72,0.00
26/07/2018 22:45,3.46,Weekday,Thursday,Medium_Load,6.23,0.00
20/07/2018 23:15,3.10,Weekday,Friday,Light_Load,0.00,4.10
24/09/2018 18:45,2.88,Weekday,Monday,Light_Load,0.00,10.84
27/09/2018 22:00,3.78,Weekday,Thursday,Medium_Load,0.00,16.02
20/09/2018 23:45,3.38,Weekday,Thursday,Light_Load,6.48,0.00
23/02/2018 18:15,57.89,Weekday,Friday,Maximum_Load,38.70,0.11
11/02/2018 01:45,3.78,Weekend,Sunday,Light_Load,3.67,0.00
17/12/2018 18:30,6.37,Weekday,Monday,Maximum_Load,0.00,14.90
11/01/2018 02:00,4.61,Weekday,Thursday,Light_Load,4.90,0.00
27/03/2018 17:00,36.58,Weekday,Tuesday,Maximum_Load,1.55,0.65
11/07/2018 08:15,18.14,Weekday,Wednesday,Light_Load,17.28,0.00
13/01/2018 00:00,4.64,Weekend,Saturday,Light_Load,3.96,0.00
06/10/2018 10:15,45.61,Weekend,Saturday,Maximum_Load,23.80,0.00
25/02/2018 18:45,4.07,Weekend,Sunday,Light_Load,0.00,14.76
22/04/2018 22:00,3.42,Weekend,Sunday,Medium_Load,0.00,16.88
05/05/2018 23:30,2.84,Weekend,Saturday,Light_Load,3.49,0.00
01/08/2018 19:15,2.84,Weekday,Wednesday,Light_Load,0.00,17.24
05/06/2018 13:00,4.43,Weekday,Tuesday,Medium_Load,0.00,20.38
31/10/2018 00:00,3.85,Weekday,Wednesday,Light_Load,5.29,0.00
14/08/2018 03:30,3.06,Weekday,Tuesday,Light_Load,5.87,0.00
03/05/2018 09:30,110.95,Weekday,Thursday,Medium_Load,37.87,0.00
21/02/2018 18:15,75.92,Weekday,Wednesday,Maximum_Load,23.11,0.00
26/10/2018 18:45,52.06,Weekday,Friday,Medium_Load,27.32,0.00
06/09/2018 21:00,63.50,Weekday,Thursday,Medium_Load,32.94,0.00
13/08/2018 02:30,2.81,Weekday,Monday,Light_Load,5.72,0.00
10/06/2018 23:15,2.84,Weekend,Sunday,Light_Load,4.90,0.00
27/09/2018 12:15,3.89,Weekday,Thursday,Medium_Load,0.00,11.23
08/04/2018 09:45,93.96,Weekend,Sunday,Medium_Load,20.30,0.36
16/05/2018 18:30,73.01,Weekday,Wednesday,Medium_Load,28.19,0.00
19/07/2018 04:15,2.77,Weekday,Thursday,Light_Load,5.04,0.00
25/04/2018 22:15,4.00,Weekday,Wednesday,Medium_Load,1.44,14.18
25/09/2018 04:15,2.59,Weekday,Tuesday,Light_Load,5.65,0.00
02/08/2018 15:15,2.95,Weekday,Thursday,Light_Load,0.00,16.42
24/06/2018 20:00,3.64,Weekend,Sunday,Medium_Load,0.00,24.95
07/08/2018 20:45,50.00,Weekday,Tuesday,Medium_Load,20.56,0.00
18/10/2018 23:00,3.78,Weekday,Thursday,Medium_Load,7.09,0.00
29/03/2018 03:00,3.02,Weekday,Thursday,Light_Load,4.00,0.00
26/02/2018 22:45,5.76,Weekday,Monday,Maximum_Load,4.75,0.00
30/07/2018 11:15,44.28,Weekday,Monday,Maximum_Load,29.38,0.00
06/10/2018 05:00,2.92,Weekend,Saturday,Light_Load,5.76,0.00
06/09/2018 01:15,2.81,Weekday,Thursday,Light_Load,5.26,0.00
05/11/2018 09:00,78.62,Weekday,Monday,Light_Load,48.49,0.00
27/10/2018 22:15,3.38,Weekend,Saturday,Medium_Load,6.23,0.18
04/04/2018 04:15,3.06,Weekday,Wednesday,Light_Load,3.82,0.00
19/05/2018 23:15,2.99,Weekend,Saturday,Light_Load,4.75,0.00
31/10/2018 06:15,2.88,Weekday,Wednesday,Light_Load,3.82,0.00
11/06/2018 20:45,76.07,Weekday,Monday,Medium_Load,17.82,0.00
25/01/2018 00:15,41.90,Weekday,Thursday,Light_Load,30.20,0.00
28/08/2018 12:45,4.39,Weekday,Tuesday,Medium_Load,0.00,13.32
01/02/2018 06:15,4.39,Weekday,Thursday,Light_Load,4.39,0.00
24/02/2018 08:45,45.11,Weekend,Saturday,Light_Load,29.77,0.00
26/08/2018 18:30,3.53,Weekend,Sunday,Medium_Load,0.00,5.15
09/08/2018 13:00,4.57,Weekday,Thursday,Medium_Load,0.00,15.98
31/10/2018 21:00,45.07,Weekday,Wednesday,Medium_Load,5.80,3.42
06/04/2018 02:15,3.56,Weekday,Friday,Light_Load,5.18,0.00
09/02/2018 00:45,60.98,Weekday,Friday,Light_Load,38.30,0.00
02/06/2018 14:00,6.12,Weekend,Saturday,Light_Load,0.00,22.46
27/05/2018 11:30,2.81,Weekend,Sunday,Light_Load,0.00,4.75
13/07/2018 18:15,34.88,Weekday,Friday,Medium_Load,14.83,1.22
16/02/2018 12:00,4.36,Weekday,Friday,Light_Load,0.00,6.73
27/08/2018 05:30,3.49,Weekday,Monday,Light_Load,5.04,0.00
21/12/2018 05:30,3.20,Weekday,Friday,Light_Load,2.30,0.07
13/12/2018 16:15,88.92,Weekday,Thursday,Medium_Load,20.34,0.00
11/05/2018 10:00,64.04,Weekday,Friday,Medium_Load,32.58,0.00
16/12/2018 03:30,3.35,Weekend,Sunday,Light_Load,2.70,0.00
31/10/2018 07:30,2.95,Weekday,Wednesday,Light_Load,3.56,0.00
05/03/2018 20:15,99.61,Weekday,Monday,Medium_Load,29.66,0.00
24/11/2018 04:00,4.79,Weekend,Saturday,Light_Load,3.78,0.00
04/12/2018 04:30,3.60,Weekday,Tuesday,Light_Load,3.82,0.00
09/10/2018 02:00,2.63,Weekday,Tuesday,Light_Load,4.43,0.00
08/04/2018 13:45,78.62,Weekend,Sunday,Maximum_Load,15.12,1.40
04/05/2018 07:45,4.36,Weekday,Friday,Light_Load,5.33,0.00
19/03/2018 01:30,3.06,Weekday,Monday,Light_Load,3.82,0.00
14/08/2018 04:15,2.92,Weekday,Tuesday,Light_Load,5.76,0.00
18/04/2018 10:15,96.84,Weekday,Wednesday,Maximum_Load,34.13,0.00
29/01/2018 21:15,94.07,Weekday,Monday,Medium_Load,17.03,0.00
04/04/2018 09:45,62.93,Weekday,Wednesday,Medium_Load,28.04,0.00
01/09/2018 23:45,3.82,Weekend,Saturday,Light_Load,5.44,0.00
12/08/2018 14:00,3.02,Weekend,Sunday,Light_Load,0.00,14.76
08/05/2018 00:00,3.96,Weekday,Tuesday,Light_Load,4.21,0.00
08/02/2018 19:30,76.32,Weekday,Thursday,Maximum_Load,14.51,0.90
20/05/2018 11:00,5.51,Weekend,Sunday,Maximum_Load,0.00,23.00
01/04/2018 11:45,2.95,Weekend,Sunday,Light_Load,0.00,5.00
07/02/2018 04:15,5.94,Weekday,Wednesday,Light_Load,5.72,0.00
11/06/2018 18:15,43.31,Weekday,Monday,Medium_Load,25.85,0.22
13/06/2018 22:15,2.99,Weekday,Wednesday,Medium_Load,0.97,10.33
11/05/2018 10:45,64.76,Weekday,Friday,Maximum_Load,36.65,0.00
27/02/2018 19:15,99.61,Weekday,Tuesday,Maximum_Load,34.20,0.00
02/06/2018 12:15,3.24,Weekend,Saturday,Light_Load,0.00,12.06
14/04/2018 18:30,3.74,Weekend,Saturday,Medium_Load,0.00,6.84
29/01/2018 10:45,59.18,Weekday,Monday,Maximum_Load,17.57,0.00
19/02/2018 10:15,54.61,Weekday,Monday,Maximum_Load,11.48,0.00
03/07/2018 04:30,2.81,Weekday,Tuesday,Light_Load,4.54,0.00
29/07/2018 20:30,2.95,Weekend,Sunday,Medium_Load,0.00,16.60
22/09/2018 14:45,2.81,Weekend,Saturday,Light_Load,0.00,10.87
02/06/2018 08:30,24.48,Weekend,Saturday,Light_Load,23.83,0.00
19/06/2018 00:15,2.99,Weekday,Tuesday,Light_Load,4.54,0.00
20/09/2018 00:45,3.35,Weekday,Thursday,Light_Load,6.70,0.00
20/07/2018 10:45,54.65,Weekday,Friday,Maximum_Load,35.78,0.00
11/11/2018 17:00,3.85,Weekend,Sunday,Light_Load,0.00,18.76
11/08/2018 09:15,91.19,Weekend,Saturday,Medium_Load,34.13,0.00
12/06/2018 13:00,4.72,Weekday,Tuesday,Medium_Load,0.00,24.91
22/09/2018 12:00,3.35,Weekend,Saturday,Light_Load,0.00,6.37
28/11/2018 19:00,62.21,Weekday,Wednesday,Maximum_Load,26.82,0.00
19/02/2018 00:30,3.35,Weekday,Monday,Light_Load,5.00,0.00
20/06/2018 23:00,3.46,Weekday,Wednesday,Medium_Load,4.28,0.00
11/08/2018 06:45,2.84,Weekend,Saturday,Light_Load,5.87,0.00
09/01/2018 15:00,124.92,Weekday,Tuesday,Medium_Load,40.39,0.00
06/01/2018 05:00,4.18,Weekend,Saturday,Light_Load,5.83,0.00
28/03/2018 21:30,5.47,Weekday,Wednesday,Medium_Load,0.00,25.67
01/06/2018 20:45,3.67,Weekday,Friday,Medium_Load,0.00,25.88
09/09/2018 08:15,3.74,Weekend,Sunday,Light_Load,7.45,0.00
07/12/2018 17:15,72.11,Weekday,Friday,Maximum_Load,33.59,0.00
04/05/2018 10:00,65.70,Weekday,Friday,Medium_Load,33.55,0.00
24/08/2018 12:45,4.50,Weekday,Friday,Medium_Load,0.00,13.07
17/07/2018 22:15,3.74,Weekday,Tuesday,Medium_Load,0.00,13.46
07/05/2018 06:00,2.84,Weekday,Monday,Light_Load,3.85,0.00
15/03/2018 23:15,3.74,Weekday,Thursday,Light_Load,4.54,0.00
26/07/2018 01:00,2.63,Weekday,Thursday,Light_Load,4.32,0.00
09/03/2018 17:45,35.10,Weekday,Friday,Medium_Load,0.47,5.08
21/06/2018 23:00,3.56,Weekday,Thursday,Medium_Load,5.00,0.00
31/07/2018 05:00,3.13,Weekday,Tuesday,Light_Load,4.28,0.00
14/09/2018 23:45,2.66,Weekday,Friday,Light_Load,5.04,0.00
24/07/2018 17:15,54.94,Weekday,Tuesday,Medium_Load,18.04,0.00
12/10/2018 07:00,2.92,Weekday,Friday,Light_Load,5.40,0.00
17/03/2018 03:15,3.13,Weekend,Saturday,Light_Load,3.28,0.00
18/11/2018 14:00,35.10,Weekend,Sunday,Medium_Load,5.62,0.14
23/08/2018 18:30,39.96,Weekday,Thursday,Medium_Load,21.92,0.00
03/04/2018 18:15,40.61,Weekday,Tuesday,Medium_Load,27.97,0.43
16/07/2018 06:45,2.77,Weekday,Monday,Light_Load,4.75,0.00
22/05/2018 20:30,4.36,Weekday,Tuesday,Medium_Load,0.00,20.74
09/12/2018 00:30,3.74,Weekend,Sunday,Light_Load,3.28,0.04
15/10/2018 07:45,4.21,Weekday,Monday,Light_Load,7.27,0.00
19/03/2018 19:15,42.59,Weekday,Monday,Medium_Load,8.24,0.04
29/01/2018 14:45,97.27,Weekday,Monday,Medium_Load,32.29,0.00
30/11/2018 12:15,5.65,Weekday,Friday,Medium_Load,0.00,21.53
08/01/2018 17:45,37.73,Weekday,Monday,Maximum_Load,1.01,9.00
28/08/2018 14:15,51.16,Weekday,Tuesday,Maximum_Load,25.34,0.00
02/06/2018 21:00,3.74,Weekend,Saturday,Light_Load,0.00,17.03
10/08/2018 15:30,106.67,Weekday,Friday,Maximum_Load,46.87,0.00
09/08/2018 02:30,3.20,Weekday,Thursday,Light_Load,4.82,0.00
27/05/2018 07:15,3.02,Weekend,Sunday,Light_Load,4.90,0.00
09/09/2018 08:45,8.53,Weekend,Sunday,Light_Load,7.56,0.79
01/11/2018 21:30,3.92,Weekday,Thursday,Medium_Load,0.00,17.14
06/01/2018 08:15,4.07,Weekend,Saturday,Light_Load,5.11,0.00
17/12/2018 20:45,4.46,Weekday,Monday,Medium_Load,0.00,21.46
17/11/2018 21:00,4.10,Weekend,Saturday,Medium_Load,0.00,17.35
22/10/2018 04:15,2.88,Weekday,Monday,Light_Load,5.69,0.00
27/04/2018 18:15,39.31,Weekday,Friday,Medium_Load,18.72,0.72
24/02/2018 04:30,5.87,Weekend,Saturday,Light_Load,4.43,0.00
31/05/2018 02:45,2.95,Weekday,Thursday,Light_Load,5.40,0.00
23/08/2018 08:45,59.47,Weekday,Thursday,Light_Load,51.62,0.00
07/01/2018 04:30,3.24,Weekend,Sunday,Light_Load,3.31,0.00
11/05/2018 23:30,3.49,Weekday,Friday,Light_Load,3.53,0.00
10/01/2018 02:30,4.54,Weekday,Wednesday,Light_Load,4.43,0.00
06/07/2018 10:00,78.12,Weekday,Friday,Medium_Load,34.38,0.00
30/01/2018 12:45,9.72,Weekday,Tuesday,Medium_Load,0.00,25.24
23/08/2018 17:00,53.57,Weekday,Thursday,Maximum_Load,32.62,0.00
30/03/2018 22:45,3.46,Weekday,Friday,Medium_Load,5.36,0.00
17/10/2018 18:15,32.40,Weekday,Wednesday,Medium_Load,16.24,0.00
07/05/2018 10:45,96.41,Weekday,Monday,Maximum_Load,36.00,0.00
29/03/2018 00:45,3.64,Weekday,Thursday,Light_Load,4.54,0.00
11/08/2018 02:00,2.92,Weekend,Saturday,Light_Load,5.11,0.00
21/11/2018 06:45,2.84,Weekday,Wednesday,Light_Load,1.87,0.32
21/10/2018 18:30,2.99,Weekend,Sunday,Light_Load,0.00,6.44
04/07/2018 20:45,53.21,Weekday,Wednesday,Medium_Load,20.27,0.04
16/11/2018 06:00,3.20,Weekday,Friday,Light_Load,4.90,0.00
06/11/2018 04:15,3.10,Weekday,Tuesday,Light_Load,5.33,0.00
15/11/2018 08:45,119.12,Weekday,Thursday,Light_Load,73.12,0.00
28/03/2018 07:30,3.74,Weekday,Wednesday,Light_Load,3.74,0.00
26/04/2018 14:15,44.78,Weekday,Thursday,Maximum_Load,15.62,0.00
25/09/2018 17:15,2.95,Weekday,Tuesday,Light_Load,0.00,14.58
13/02/2018 03:15,5.98,Weekday,Tuesday,Light_Load,6.05,0.00
26/06/2018 01:00,2.59,Weekday,Tuesday,Light_Load,3.49,0.00
03/03/2018 18:30,4.79,Weekend,Saturday,Medium_Load,0.00,9.58
28/12/2018 17:15,9.58,Weekday,Friday,Maximum_Load,0.00,20.34
13/05/2018 13:00,3.17,Weekend,Sunday,Light_Load,0.00,16.63
09/12/2018 16:45,3.31,Weekend,Sunday,Light_Load,0.00,13.86
10/12/2018 13:15,42.66,Weekday,Monday,Medium_Load,15.48,5.54
25/08/2018 23:30,3.17,Weekend,Saturday,Light_Load,3.74,0.00
20/02/2018 06:15,4.97,Weekday,Tuesday,Light_Load,5.54,0.00
02/02/2018 10:30,76.00,Weekday,Friday,Maximum_Load,26.14,0.00
30/03/2018 17:15,68.00,Weekday,Friday,Medium_Load,37.37,0.00
16/11/2018 05:00,3.10,Weekday,Friday,Light_Load,5.11,0.00
30/08/2018 02:15,2.66,Weekday,Thursday,Light_Load,4.82,0.00
04/07/2018 06:15,2.77,Weekday,Wednesday,Light_Load,3.85,0.00
15/10/2018 19:45,63.65,Weekday,Monday,Medium_Load,32.54,0.00
22/11/2018 06:00,3.10,Weekday,Thursday,Light_Load,2.59,0.00
26/05/2018 08:15,23.76,Weekend,Saturday,Light_Load,22.90,0.00
16/11/2018 15:30,105.84,Weekday,Friday,Medium_Load,47.99,0.00
03/10/2018 23:45,3.02,Weekday,Wednesday,Light_Load,5.90,0.00
23/02/2018 20:45,45.97,Weekday,Friday,Medium_Load,2.09,2.88
04/09/2018 09:45,55.58,Weekday,Tuesday,Medium_Load,33.41,0.00
03/08/2018 03:00,2.84,Weekday,Friday,Light_Load,6.05,0.00
10/11/2018 04:15,3.78,Weekend,Saturday,Light_Load,7.49,0.00
14/10/2018 11:45,2.95,Weekend,Sunday,Light_Load,0.00,10.04
06/03/2018 11:15,63.58,Weekday,Tuesday,Maximum_Load,38.12,0.00
20/06/2018 01:30,3.64,Weekday,Wednesday,Light_Load,6.23,0.00
06/12/2018 11:45,67.82,Weekday,Thursday,Maximum_Load,39.13,0.00
07/03/2018 18:00,84.35,Weekday,Wednesday,Medium_Load,14.87,0.94
07/07/2018 09:45,55.62,Weekend,Saturday,Medium_Load,22.00,0.00
31/03/2018 12:00,2.88,Weekend,Saturday,Light_Load,0.00,5.22
28/04/2018 21:45,3.42,Weekend,Saturday,Medium_Load,0.00,26.53
22/02/2018 11:45,84.46,Weekday,Thursday,Maximum_Load,51.16,0.00
04/12/2018 02:15,3.56,Weekday,Tuesday,Light_Load,3.82,0.00
06/02/2018 09:30,96.41,Weekday,Tuesday,Medium_Load,29.48,0.00
24/02/2018 08:15,35.64,Weekend,Saturday,Light_Load,22.07,0.00
03/11/2018 03:00,3.17,Weekend,Saturday,Light_Load,4.86,0.00
01/04/2018 12:00,2.88,Weekend,Sunday,Light_Load,0.00,4.86
19/01/2018 17:15,125.75,Weekday,Friday,Maximum_Load,53.57,0.00
29/09/2018 14:30,46.58,Weekend,Saturday,Maximum_Load,17.60,0.00
03/05/2018 20:15,62.35,Weekday,Thursday,Medium_Load,31.54,0.00
12/05/2018 13:15,17.28,Weekend,Saturday,Maximum_Load,0.07,14.72
03/10/2018 18:00,3.56,Weekday,Wednesday,Medium_Load,0.00,11.95
10/03/2018 02:00,3.10,Weekend,Saturday,Light_Load,2.59,0.00
04/08/2018 10:00,2.81,Weekend,Saturday,Light_Load,0.00,17.32
17/07/2018 19:30,55.48,Weekday,Tuesday,Medium_Load,17.21,0.00
12/05/2018 04:45,3.13,Weekend,Saturday,Light_Load,4.03,0.00
30/05/2018 16:15,115.78,Weekday,Wednesday,Maximum_Load,37.19,0.00
14/05/2018 20:15,67.54,Weekday,Monday,Medium_Load,37.51,0.00
06/04/2018 08:30,55.66,Weekday,Friday,Light_Load,46.15,0.00
18/02/2018 15:00,3.53,Weekend,Sunday,Light_Load,0.00,16.70
16/01/2018 18:30,93.53,Weekday,Tuesday,Maximum_Load,67.36,0.00
12/08/2018 18:45,2.88,Weekend,Sunday,Light_Load,0.00,10.15
24/07/2018 18:45,58.61,Weekday,Tuesday,Medium_Load,28.91,0.00
28/05/2018 15:30,63.18,Weekday,Monday,Maximum_Load,31.72,0.00
24/11/2018 03:15,3.64,Weekend,Saturday,Light_Load,3.24,0.04
24/10/2018 07:30,3.78,Weekday,Wednesday,Light_Load,6.34,0.00
31/07/2018 00:00,2.84,Weekday,Tuesday,Light_Load,4.79,0.00
29/12/2018 15:30,3.31,Weekend,Saturday,Light_Load,0.00,13.75
08/06/2018 18:45,52.49,Weekday,Friday,Medium_Load,23.33,0.00
24/04/2018 16:45,68.04,Weekday,Tuesday,Maximum_Load,27.97,0.00
18/01/2018 02:15,34.74,Weekday,Thursday,Light_Load,28.87,0.00
19/06/2018 20:00,43.31,Weekday,Tuesday,Medium_Load,17.68,0.00
06/05/2018 16:30,3.17,Weekend,Sunday,Light_Load,0.00,16.96
28/05/2018 17:30,42.62,Weekday,Monday,Medium_Load,7.09,1.94
19/06/2018 01:30,2.74,Weekday,Tuesday,Light_Load,4.43,0.00
12/12/2018 22:15,5.04,Weekday,Wednesday,Maximum_Load,3.20,0.47
15/09/2018 01:00,2.63,Weekend,Saturday,Light_Load,4.93,0.00
08/08/2018 12:15,7.24,Weekday,Wednesday,Medium_Load,1.30,9.54
10/03/2018 06:00,3.10,Weekend,Saturday,Light_Load,2.77,0.00
22/10/2018 03:00,3.46,Weekday,Monday,Light_Load,6.30,0.00
23/11/2018 01:30,3.60,Weekday,Friday,Light_Load,2.45,0.40
19/08/2018 07:45,2.59,Weekend,Sunday,Light_Load,4.54,0.00
23/12/2018 19:00,3.64,Weekend,Sunday,Light_Load,0.00,14.51
22/08/2018 10:00,61.74,Weekday,Wednesday,Medium_Load,33.59,0.00
05/09/2018 06:00,2.48,Weekday,Wednesday,Light_Load,5.22,0.00
14/09/2018 10:15,41.18,Weekday,Friday,Maximum_Load,21.38,0.00
07/08/2018 00:00,2.84,Weekday,Tuesday,Light_Load,5.15,0.00
28/05/2018 09:30,65.34,Weekday,Monday,Medium_Load,33.88,0.00
27/08/2018 08:45,50.54,Weekday,Monday,Light_Load,50.51,0.00
17/10/2018 21:30,3.92,Weekday,Wednesday,Medium_Load,0.00,18.32
03/07/2018 19:45,90.83,Weekday,Tuesday,Medium_Load,35.82,0.00
21/12/2018 15:00,68.04,Weekday,Friday,Medium_Load,34.45,0.00
06/03/2018 22:00,5.36,Weekday,Tuesday,Medium_Load,0.00,26.89
30/08/2018 21:00,24.44,Weekday,Thursday,Medium_Load,4.68,4.86
24/04/2018 20:45,63.83,Weekday,Tuesday,Medium_Load,11.16,0.25
14/10/2018 03:00,2.77,Weekend,Sunday,Light_Load,4.86,0.00
15/03/2018 20:45,73.94,Weekday,Thursday,Medium_Load,27.25,0.00
19/10/2018 08:00,4.57,Weekday,Friday,Light_Load,7.20,0.00
16/11/2018 21:30,4.36,Weekday,Friday,Medium_Load,0.00,16.92
14/11/2018 11:15,71.93,Weekday,Wednesday,Maximum_Load,43.38,0.00
31/08/2018 08:15,26.14,Weekday,Friday,Light_Load,25.88,0.00
29/11/2018 15:00,57.46,Weekday,Thursday,Medium_Load,27.83,0.00
30/03/2018 06:45,2.92,Weekday,Friday,Light_Load,3.96,0.00
21/11/2018 00:00,3.71,Weekday,Wednesday,Light_Load,3.06,0.00
03/05/2018 14:45,94.64,Weekday,Thursday,Maximum_Load,42.19,0.00
09/12/2018 12:00,3.89,Weekend,Sunday,Light_Load,0.00,18.04
27/02/2018 23:00,6.01,Weekday,Tuesday,Maximum_Load,6.26,0.00
18/04/2018 20:00,3.92,Weekday,Wednesday,Medium_Load,0.00,26.57
21/11/2018 17:30,115.49,Weekday,Wednesday,Maximum_Load,49.97,0.00
16/06/2018 18:45,3.67,Weekend,Saturday,Medium_Load,0.00,11.20
21/07/2018 14:00,31.86,Weekend,Saturday,Maximum_Load,14.11,0.00
06/09/2018 13:00,6.12,Weekday,Thursday,Medium_Load,0.00,16.99
20/02/2018 02:45,5.90,Weekday,Tuesday,Light_Load,5.26,0.00
31/12/2018 00:00,3.67,Weekday,Monday,Light_Load,3.02,0.07
25/05/2018 21:30,5.26,Weekday,Friday,Medium_Load,0.00,25.06
07/10/2018 16:15,2.66,Weekend,Sunday,Light_Load,0.00,11.95
05/08/2018 01:45,2.81,Weekend,Sunday,Light_Load,5.33,0.00
24/09/2018 01:30,2.63,Weekday,Monday,Light_Load,5.47,0.00
06/05/2018 23:15,3.06,Weekend,Sunday,Light_Load,3.92,0.00
19/03/2018 21:45,4.21,Weekday,Monday,Medium_Load,0.00,25.81
24/10/2018 18:45,3.92,Weekday,Wednesday,Medium_Load,0.00,17.17
03/05/2018 15:30,83.99,Weekday,Thursday,Maximum_Load,30.71,0.00
24/08/2018 19:45,56.70,Weekday,Friday,Medium_Load,29.23,0.00
13/12/2018 21:00,20.16,Weekday,Thursday,Medium_Load,1.01,13.00
21/05/2018 12:15,4.32,Weekday,Monday,Medium_Load,0.11,13.00
08/03/2018 21:45,5.47,Weekday,Thursday,Medium_Load,0.00,26.96
04/08/2018 21:00,2.95,Weekend,Saturday,Light_Load,0.00,16.74
03/03/2018 13:15,21.92,Weekend,Saturday,Maximum_Load,0.94,9.94
24/06/2018 20:30,3.02,Weekend,Sunday,Medium_Load,0.00,17.10
11/07/2018 17:30,39.38,Weekday,Wednesday,Medium_Load,3.74,1.12
02/12/2018 12:00,4.03,Weekend,Sunday,Light_Load,0.00,16.20
09/12/2018 09:15,4.03,Weekend,Sunday,Light_Load,0.00,20.95
11/05/2018 02:45,3.67,Weekday,Friday,Light_Load,3.85,0.00
04/03/2018 12:45,3.82,Weekend,Sunday,Light_Load,0.00,23.58
21/08/2018 13:30,48.02,Weekday,Tuesday,Maximum_Load,22.68,0.00
09/12/2018 17:45,3.64,Weekend,Sunday,Light_Load,0.00,16.99
15/02/2018 21:30,3.35,Weekday,Thursday,Light_Load,0.00,17.60
12/12/2018 07:45,5.83,Weekday,Wednesday,Light_Load,3.13,0.22
01/06/2018 05:30,3.64,Weekday,Friday,Light_Load,6.34,0.00
06/10/2018 16:45,103.03,Weekend,Saturday,Maximum_Load,40.03,0.00
01/10/2018 02:45,2.63,Weekday,Monday,Light_Load,5.04,0.00
22/10/2018 23:30,4.32,Weekday,Monday,Light_Load,7.16,0.00
21/09/2018 23:30,3.20,Weekday,Friday,Light_Load,5.65,0.00
26/04/2018 19:45,89.06,Weekday,Thursday,Medium_Load,43.78,0.00
11/12/2018 01:00,4.21,Weekday,Tuesday,Light_Load,3.53,0.07
14/10/2018 08:15,2.70,Weekend,Sunday,Light_Load,4.82,0.00
29/01/2018 14:15,124.52,Weekday,Monday,Medium_Load,47.12,0.00
03/06/2018 22:30,2.92,Weekend,Sunday,Light_Load,5.44,0.00
09/06/2018 03:30,3.38,Weekend,Saturday,Light_Load,5.69,0.00
14/10/2018 00:30,2.74,Weekend,Sunday,Light_Load,4.54,0.00
15/08/2018 00:00,2.81,Weekday,Wednesday,Light_Load,5.94,0.00
19/01/2018 09:00,71.64,Weekday,Friday,Light_Load,32.00,0.00
20/08/2018 12:45,5.47,Weekday,Monday,Medium_Load,0.00,19.48
18/07/2018 00:30,2.74,Weekday,Wednesday,Light_Load,0.00,5.40
17/12/2018 10:00,50.08,Weekday,Monday,Medium_Load,15.30,0.00
10/02/2018 22:30,3.71,Weekend,Saturday,Light_Load,3.31,0.00
13/09/2018 16:15,122.87,Weekday,Thursday,Maximum_Load,63.07,0.00
27/03/2018 08:30,42.12,Weekday,Tuesday,Light_Load,37.66,0.00
10/06/2018 12:30,3.71,Weekend,Sunday,Light_Load,0.00,16.31
24/11/2018 11:30,3.24,Weekend,Saturday,Light_Load,0.00,13.82
17/11/2018 14:45,100.01,Weekend,Saturday,Medium_Load,48.10,0.00
16/06/2018 06:00,2.92,Weekend,Saturday,Light_Load,5.80,0.00
03/09/2018 17:30,88.74,Weekday,Monday,Medium_Load,34.49,0.00
08/10/2018 10:15,72.54,Weekday,Monday,Maximum_Load,47.41,0.00
07/09/2018 18:00,29.02,Weekday,Friday,Medium_Load,6.08,0.97
10/04/2018 01:00,3.56,Weekday,Tuesday,Light_Load,4.28,0.00
11/08/2018 13:45,95.65,Weekend,Saturday,Maximum_Load,33.08,0.00
22/09/2018 10:30,3.24,Weekend,Saturday,Light_Load,0.00,10.19
14/05/2018 22:45,3.56,Weekday,Monday,Medium_Load,4.10,0.00
30/05/2018 13:00,4.86,Weekday,Wednesday,Medium_Load,0.00,25.13
24/03/2018 05:30,3.13,Weekend,Saturday,Light_Load,3.92,0.00
19/06/2018 13:45,43.81,Weekday,Tuesday,Maximum_Load,16.27,0.00
21/09/2018 00:30,2.92,Weekday,Friday,Light_Load,5.04,0.00
27/11/2018 04:00,3.74,Weekday,Tuesday,Light_Load,2.77,0.00
09/06/2018 00:15,3.46,Weekend,Saturday,Light_Load,4.68,0.00
24/04/2018 01:45,3.20,Weekday,Tuesday,Light_Load,4.57,0.00
27/08/2018 12:45,25.27,Weekday,Monday,Medium_Load,0.04,4.39
10/03/2018 08:45,7.67,Weekend,Saturday,Light_Load,6.01,0.36
23/10/2018 11:15,54.00,Weekday,Tuesday,Maximum_Load,33.16,0.00
10/04/2018 05:30,2.88,Weekday,Tuesday,Light_Load,2.70,0.00
19/02/2018 20:00,100.98,Weekday,Monday,Maximum_Load,33.84,0.00
02/09/2018 15:15,44.82,Weekend,Sunday,Maximum_Load,24.80,0.00
06/12/2018 16:15,62.28,Weekday,Thursday,Medium_Load,26.60,0.00
30/09/2018 23:00,2.59,Weekend,Sunday,Light_Load,4.79,0.00
09/04/2018 17:30,69.30,Weekday,Monday,Medium_Load,34.02,0.58
08/05/2018 10:30,102.82,Weekday,Tuesday,Maximum_Load,43.38,0.00
22/11/2018 08:00,6.30,Weekday,Thursday,Light_Load,2.41,0.07
01/12/2018 12:30,3.71,Weekend,Saturday,Medium_Load,0.00,13.68
14/09/2018 16:30,111.78,Weekday,Friday,Maximum_Load,56.16,0.00
28/04/2018 03:00,3.24,Weekend,Saturday,Light_Load,2.99,0.00
23/09/2018 06:00,2.56,Weekend,Sunday,Light_Load,5.04,0.00
11/05/2018 12:00,54.79,Weekday,Friday,Maximum_Load,40.28,0.00
10/02/2018 19:15,4.79,Weekend,Saturday,Light_Load,0.00,26.75
01/11/2018 07:00,3.17,Weekday,Thursday,Light_Load,3.82,0.00
02/08/2018 18:30,2.88,Weekday,Thursday,Light_Load,0.00,4.25
12/01/2018 21:00,36.90,Weekday,Friday,Medium_Load,0.61,6.34
24/10/2018 11:30,59.36,Weekday,Wednesday,Maximum_Load,39.96,0.00
30/09/2018 14:15,2.74,Weekend,Sunday,Light_Load,0.00,11.81
04/08/2018 22:00,3.53,Weekend,Saturday,Light_Load,0.00,15.59
15/10/2018 19:00,98.93,Weekday,Monday,Medium_Load,41.76,0.00
18/08/2018 02:45,2.70,Weekend,Saturday,Light_Load,4.46,0.00
27/03/2018 19:30,37.26,Weekday,Tuesday,Medium_Load,3.60,0.18
14/06/2018 02:00,2.84,Weekday,Thursday,Light_Load,4.21,0.00
23/02/2018 13:00,7.96,Weekday,Friday,Medium_Load,0.04,25.67
12/10/2018 22:30,3.56,Weekday,Friday,Medium_Load,6.23,0.00
09/12/2018 05:30,3.74,Weekend,Sunday,Light_Load,3.13,0.14
30/05/2018 08:00,5.51,Weekday,Wednesday,Light_Load,6.70,0.00
29/11/2018 13:00,6.34,Weekday,Thursday,Medium_Load,0.00,21.20
07/11/2018 05:15,3.06,Weekday,Wednesday,Light_Load,4.97,0.00
28/02/2018 00:45,6.05,Weekday,Wednesday,Light_Load,6.08,0.00
09/11/2018 10:30,56.81,Weekday,Friday,Maximum_Load,25.06,0.00
16/09/2018 17:00,2.84,Weekend,Sunday,Light_Load,0.00,11.63
10/05/2018 19:45,62.82,Weekday,Thursday,Medium_Load,27.36,0.00
26/03/2018 22:00,4.25,Weekday,Monday,Medium_Load,0.00,25.85
13/05/2018 21:45,3.17,Weekend,Sunday,Light_Load,0.00,16.92
03/08/2018 20:15,2.99,Weekday,Friday,Light_Load,0.00,16.52
06/07/2018 04:30,3.60,Weekday,Friday,Light_Load,5.29,0.00
03/10/2018 12:15,5.58,Weekday,Wednesday,Medium_Load,0.00,16.34
20/08/2018 09:15,96.55,Weekday,Monday,Medium_Load,47.84,0.00
04/12/2018 15:15,64.62,Weekday,Tuesday,Medium_Load,40.10,0.00
06/01/2018 09:15,4.54,Weekend,Saturday,Light_Load,0.00,26.50
21/05/2018 15:30,69.70,Weekday,Monday,Maximum_Load,41.76,0.00
09/09/2018 04:15,2.84,Weekend,Sunday,Light_Load,5.80,0.00
27/05/2018 16:30,2.92,Weekend,Sunday,Light_Load,0.00,16.74
20/07/2018 19:45,82.08,Weekday,Friday,Medium_Load,27.04,0.00
18/07/2018 05:00,2.77,Weekday,Wednesday,Light_Load,4.43,0.00
25/06/2018 14:45,92.99,Weekday,Monday,Maximum_Load,39.92,0.00
13/03/2018 17:30,82.22,Weekday,Tuesday,Medium_Load,30.13,0.00
10/10/2018 06:15,2.74,Weekday,Wednesday,Light_Load,4.68,0.00
24/04/2018 17:30,69.84,Weekday,Tuesday,Medium_Load,27.32,0.04
10/01/2018 00:00,4.57,Weekday,Wednesday,Light_Load,4.68,0.00
25/09/2018 06:15,2.56,Weekday,Tuesday,Light_Load,5.47,0.00
27/11/2018 18:00,31.93,Weekday,Tuesday,Maximum_Load,3.71,1.69
13/03/2018 21:00,19.66,Weekday,Tuesday,Medium_Load,0.40,13.82
28/05/2018 12:00,54.61,Weekday,Monday,Maximum_Load,34.38,0.50
30/05/2018 09:00,56.20,Weekday,Wednesday,Light_Load,34.74,0.00
15/12/2018 02:30,4.21,Weekend,Saturday,Light_Load,4.07,0.00
09/04/2018 08:30,57.17,Weekday,Monday,Light_Load,45.65,0.00
23/07/2018 08:30,48.96,Weekday,Monday,Light_Load,51.26,0.00
22/08/2018 11:30,59.11,Weekday,Wednesday,Maximum_Load,38.09,0.00
21/12/2018 07:30,3.17,Weekday,Friday,Light_Load,2.12,0.22
01/03/2018 20:45,4.21,Weekday,Thursday,Medium_Load,0.00,27.65
19/06/2018 22:30,3.71,Weekday,Tuesday,Medium_Load,5.29,0.00
11/11/2018 00:45,2.77,Weekend,Sunday,Light_Load,3.96,0.00
19/05/2018 17:15,4.50,Weekend,Saturday,Medium_Load,0.00,26.53
30/05/2018 19:30,58.36,Weekday,Wednesday,Medium_Load,22.36,0.00
15/04/2018 02:15,3.42,Weekend,Sunday,Light_Load,3.96,0.00
21/04/2018 12:15,4.00,Weekend,Saturday,Medium_Load,0.00,13.75
03/06/2018 19:30,2.95,Weekend,Sunday,Light_Load,0.00,16.96
23/09/2018 18:45,2.81,Weekend,Sunday,Light_Load,0.00,11.20
11/04/2018 01:45,3.82,Weekday,Wednesday,Light_Load,5.04,0.00
31/05/2018 14:45,42.66,Weekday,Thursday,Maximum_Load,10.69,0.00
16/08/2018 09:30,98.53,Weekday,Thursday,Medium_Load,46.19,0.00
26/05/2018 09:45,37.30,Weekend,Saturday,Medium_Load,1.87,0.47
02/04/2018 09:00,68.62,Weekday,Monday,Light_Load,39.96,0.00
10/04/2018 14:00,62.96,Weekday,Tuesday,Maximum_Load,31.46,0.00
17/07/2018 02:15,2.99,Weekday,Tuesday,Light_Load,0.00,3.56
12/06/2018 06:00,3.10,Weekday,Tuesday,Light_Load,5.80,0.00
06/12/2018 08:00,6.44,Weekday,Thursday,Light_Load,3.17,0.00
19/05/2018 11:00,56.99,Weekend,Saturday,Maximum_Load,25.92,0.00
21/05/2018 23:00,3.60,Weekday,Monday,Medium_Load,4.00,0.00
23/08/2018 08:30,66.06,Weekday,Thursday,Light_Load,59.36,0.00
24/12/2018 19:15,4.14,Weekday,Monday,Maximum_Load,0.00,21.56
25/11/2018 14:15,3.10,Weekend,Sunday,Light_Load,0.00,15.08
28/07/2018 20:15,2.88,Weekend,Saturday,Medium_Load,0.00,16.96
12/02/2018 04:00,4.07,Weekday,Monday,Light_Load,3.85,0.00
28/04/2018 15:30,31.86,Weekend,Saturday,Maximum_Load,0.00,6.59
09/06/2018 03:45,3.20,Weekend,Saturday,Light_Load,5.69,0.00
26/11/2018 15:45,70.96,Weekday,Monday,Medium_Load,30.71,0.00
15/12/2018 12:15,3.42,Weekend,Saturday,Light_Load,0.00,14.58
01/10/2018 23:30,3.17,Weekday,Monday,Light_Load,6.12,0.00
09/03/2018 15:15,45.58,Weekday,Friday,Maximum_Load,4.39,0.04
15/03/2018 04:15,4.03,Weekday,Thursday,Light_Load,6.30,0.00
27/03/2018 20:30,34.81,Weekday,Tuesday,Medium_Load,3.46,1.91
20/09/2018 12:45,3.67,Weekday,Thursday,Medium_Load,0.00,10.87
21/11/2018 18:15,74.27,Weekday,Wednesday,Maximum_Load,33.84,0.00
16/06/2018 00:45,4.03,Weekend,Saturday,Light_Load,6.16,0.00
10/04/2018 08:45,110.74,Weekday,Tuesday,Light_Load,79.78,0.00
28/09/2018 18:45,38.12,Weekday,Friday,Medium_Load,16.85,0.00
07/07/2018 05:00,3.13,Weekend,Saturday,Light_Load,5.90,0.00
15/01/2018 18:45,72.83,Weekday,Monday,Maximum_Load,37.04,0.00
22/11/2018 17:45,32.94,Weekday,Thursday,Maximum_Load,0.07,3.46
08/10/2018 14:15,109.33,Weekday,Monday,Maximum_Load,61.70,0.00
14/11/2018 23:45,4.72,Weekday,Wednesday,Light_Load,5.58,0.00
16/06/2018 12:15,3.56,Weekend,Saturday,Medium_Load,0.00,10.44
28/02/2018 02:15,4.10,Weekday,Wednesday,Light_Load,4.21,0.00
17/02/2018 23:30,3.06,Weekend,Saturday,Light_Load,3.10,0.00
20/04/2018 17:30,124.70,Weekday,Friday,Medium_Load,50.47,0.00
09/10/2018 16:15,93.06,Weekday,Tuesday,Maximum_Load,44.60,0.00
29/01/2018 20:00,74.34,Weekday,Monday,Maximum_Load,30.56,0.00
01/07/2018 18:00,3.06,Weekend,Sunday,Light_Load,0.00,17.14
09/11/2018 23:30,4.82,Weekday,Friday,Light_Load,6.77,0.00
28/01/2018 11:45,28.22,Weekend,Sunday,Maximum_Load,9.25,0.00
23/02/2018 20:15,50.58,Weekday,Friday,Medium_Load,8.32,0.07
18/06/2018 18:30,43.34,Weekday,Monday,Medium_Load,33.41,0.00
16/04/2018 12:00,59.40,Weekday,Monday,Maximum_Load,44.71,0.00
09/03/2018 11:45,49.64,Weekday,Friday,Maximum_Load,27.68,0.00
11/07/2018 01:15,3.35,Weekday,Wednesday,Light_Load,4.28,0.00
26/12/2018 09:00,51.08,Weekday,Wednesday,Light_Load,12.78,0.00
25/03/2018 04:15,3.24,Weekend,Sunday,Light_Load,3.74,0.00
26/11/2018 16:15,64.22,Weekday,Monday,Medium_Load,26.06,0.00
14/06/2018 14:30,74.45,Weekday,Thursday,Maximum_Load,20.63,0.00
27/08/2018 11:15,54.94,Weekday,Monday,Maximum_Load,36.07,0.00
15/04/2018 07:15,3.10,Weekend,Sunday,Light_Load,3.92,0.00
10/10/2018 04:00,2.88,Weekday,Wednesday,Light_Load,4.93,0.00
04/04/2018 01:45,3.60,Weekday,Wednesday,Light_Load,4.61,0.00
14/09/2018 03:45,3.35,Weekday,Friday,Light_Load,4.50,0.00
27/10/2018 04:30,3.13,Weekend,Saturday,Light_Load,6.12,0.00
20/07/2018 23:30,3.10,Weekday,Friday,Light_Load,0.00,4.28
19/01/2018 08:30,66.92,Weekday,Friday,Light_Load,49.97,0.00
02/08/2018 23:15,2.84,Weekday,Thursday,Light_Load,5.62,0.00
02/01/2018 08:45,52.06,Weekday,Tuesday,Light_Load,35.32,0.00
13/08/2018 13:00,4.97,Weekday,Monday,Medium_Load,0.00,13.97
29/10/2018 23:30,3.64,Weekday,Monday,Light_Load,6.30,0.00
27/02/2018 07:30,4.32,Weekday,Tuesday,Light_Load,3.42,0.00
14/08/2018 17:15,105.48,Weekday,Tuesday,Medium_Load,38.23,0.00
15/05/2018 07:00,2.92,Weekday,Tuesday,Light_Load,4.61,0.00
28/05/2018 22:45,3.64,Weekday,Monday,Medium_Load,5.00,0.00
29/04/2018 09:30,3.13,Weekend,Sunday,Light_Load,0.00,16.74
07/07/2018 21:15,3.10,Weekend,Saturday,Medium_Load,0.00,16.99
08/01/2018 02:45,3.38,Weekday,Monday,Light_Load,4.68,0.00
04/02/2018 02:15,6.01,Weekend,Sunday,Light_Load,7.67,0.00
07/06/2018 17:15,45.65,Weekday,Thursday,Medium_Load,18.54,0.00
10/11/2018 09:15,45.14,Weekend,Saturday,Medium_Load,12.38,0.00
22/11/2018 07:00,3.10,Weekday,Thursday,Light_Load,2.88,0.00
05/07/2018 04:00,3.06,Weekday,Thursday,Light_Load,5.04,0.00
24/03/2018 11:00,32.54,Weekend,Saturday,Maximum_Load,0.29,4.18
21/03/2018 16:45,80.53,Weekday,Wednesday,Maximum_Load,39.53,0.00
29/06/2018 18:00,25.56,Weekday,Friday,Medium_Load,0.00,9.43
22/06/2018 09:00,55.01,Weekday,Friday,Light_Load,37.73,0.00
05/04/2018 04:45,3.06,Weekday,Thursday,Light_Load,3.71,0.00
29/07/2018 00:45,2.63,Weekend,Sunday,Light_Load,4.14,0.00
02/12/2018 13:15,3.78,Weekend,Sunday,Light_Load,0.00,15.59
06/07/2018 05:30,3.24,Weekday,Friday,Light_Load,6.05,0.00
13/05/2018 09:30,3.20,Weekend,Sunday,Light_Load,0.00,16.96
20/07/2018 03:00,2.84,Weekday,Friday,Light_Load,0.00,4.39
21/01/2018 22:15,4.68,Weekend,Sunday,Light_Load,1.22,15.66
10/05/2018 09:30,57.20,Weekday,Thursday,Medium_Load,26.60,0.00
01/05/2018 08:00,2.84,Weekday,Tuesday,Light_Load,4.39,0.00
11/01/2018 05:15,4.57,Weekday,Thursday,Light_Load,4.50,0.00
23/10/2018 18:30,125.28,Weekday,Tuesday,Medium_Load,80.46,0.00
09/02/2018 18:45,71.10,Weekday,Friday,Maximum_Load,17.93,0.94
04/05/2018 05:00,3.06,Weekday,Friday,Light_Load,3.60,0.00
30/10/2018 08:30,66.46,Weekday,Tuesday,Light_Load,57.20,0.00
24/08/2018 18:15,38.09,Weekday,Friday,Medium_Load,21.13,0.50
10/03/2018 21:15,4.18,Weekend,Saturday,Medium_Load,0.00,26.89
01/11/2018 23:15,3.60,Weekday,Thursday,Light_Load,6.91,0.00
22/05/2018 23:45,3.06,Weekday,Tuesday,Light_Load,4.93,0.00
17/06/2018 20:45,2.95,Weekend,Sunday,Light_Load,0.00,17.32
03/02/2018 18:45,41.98,Weekend,Saturday,Maximum_Load,4.79,0.29
28/07/2018 00:00,2.66,Weekend,Saturday,Light_Load,3.96,0.00
28/07/2018 08:30,42.44,Weekend,Saturday,Light_Load,38.88,0.00
23/08/2018 09:45,52.67,Weekday,Thursday,Medium_Load,30.96,0.00
26/03/2018 21:00,35.17,Weekday,Monday,Medium_Load,2.74,4.93
30/03/2018 04:45,2.99,Weekday,Friday,Light_Load,3.85,0.00
10/05/2018 09:45,76.97,Weekday,Thursday,Medium_Load,39.56,0.00
22/10/2018 09:30,48.38,Weekday,Monday,Medium_Load,22.25,0.00
13/11/2018 14:15,66.38,Weekday,Tuesday,Medium_Load,29.74,0.00
17/06/2018 05:45,2.77,Weekend,Sunday,Light_Load,4.28,0.00
09/03/2018 22:45,3.82,Weekday,Friday,Medium_Load,4.28,0.00
08/11/2018 00:30,3.64,Weekday,Thursday,Light_Load,6.37,0.00
27/05/2018 23:15,3.31,Weekend,Sunday,Light_Load,4.97,0.00
22/02/2018 19:45,99.47,Weekday,Thursday,Maximum_Load,40.03,0.00
07/12/2018 21:00,19.69,Weekday,Friday,Medium_Load,0.00,11.74
16/06/2018 03:00,2.92,Weekend,Saturday,Light_Load,5.00,0.00
18/02/2018 08:30,3.20,Weekend,Sunday,Light_Load,4.32,0.00
02/08/2018 16:15,2.92,Weekday,Thursday,Light_Load,0.00,16.60
03/10/2018 21:45,2.88,Weekday,Wednesday,Medium_Load,0.00,11.41
15/06/2018 06:30,2.95,Weekday,Friday,Light_Load,5.80,0.00
16/02/2018 13:15,3.42,Weekday,Friday,Light_Load,0.00,16.85
20/11/2018 11:15,52.20,Weekday,Tuesday,Maximum_Load,18.14,0.00
04/12/2018 14:00,56.12,Weekday,Tuesday,Medium_Load,32.15,0.00
09/02/2018 19:15,39.42,Weekday,Friday,Maximum_Load,0.68,1.80
24/05/2018 02:00,3.38,Weekday,Thursday,Light_Load,4.72,0.00
07/08/2018 21:30,15.52,Weekday,Tuesday,Medium_Load,0.00,11.95
09/02/2018 21:30,103.39,Weekday,Friday,Medium_Load,25.63,0.00
15/01/2018 13:30,146.27,Weekday,Monday,Medium_Load,76.79,0.00
28/07/2018 03:30,4.00,Weekend,Saturday,Light_Load,5.80,0.00
22/08/2018 07:00,2.52,Weekday,Wednesday,Light_Load,4.21,0.00
28/12/2018 13:30,56.12,Weekday,Friday,Medium_Load,15.01,0.04
13/09/2018 17:00,58.68,Weekday,Thursday,Maximum_Load,35.42,0.00
30/09/2018 00:15,3.02,Weekend,Sunday,Light_Load,5.44,0.00
21/04/2018 09:45,36.43,Weekend,Saturday,Medium_Load,3.13,0.47
24/10/2018 18:00,33.52,Weekday,Wednesday,Medium_Load,11.45,0.25
03/01/2018 18:45,37.08,Weekday,Wednesday,Maximum_Load,4.18,1.94
20/03/2018 23:30,3.92,Weekday,Tuesday,Light_Load,4.18,0.00
12/09/2018 15:15,77.44,Weekday,Wednesday,Maximum_Load,45.25,0.00
28/07/2018 01:30,3.38,Weekend,Saturday,Light_Load,5.72,0.00
12/12/2018 14:15,86.51,Weekday,Wednesday,Medium_Load,52.31,0.00
26/05/2018 11:00,35.60,Weekend,Saturday,Maximum_Load,4.32,1.26
17/11/2018 04:00,3.85,Weekend,Saturday,Light_Load,6.59,0.00
12/01/2018 19:00,111.28,Weekday,Friday,Maximum_Load,44.57,0.00
21/06/2018 23:45,4.14,Weekday,Thursday,Light_Load,6.08,0.00
28/10/2018 18:45,4.82,Weekend,Sunday,Light_Load,0.00,17.10
11/12/2018 21:15,6.77,Weekday,Tuesday,Medium_Load,0.00,20.20
23/06/2018 21:45,2.84,Weekend,Saturday,Medium_Load,0.00,17.21
22/09/2018 22:45,2.77,Weekend,Saturday,Light_Load,6.52,0.00
18/03/2018 07:30,3.10,Weekend,Sunday,Light_Load,3.28,0.00
28/10/2018 00:45,3.38,Weekend,Sunday,Light_Load,6.48,0.00
08/09/2018 15:30,34.70,Weekend,Saturday,Maximum_Load,7.92,0.00
28/05/2018 09:15,78.59,Weekday,Monday,Medium_Load,47.34,0.00
15/03/2018 05:30,3.46,Weekday,Thursday,Light_Load,5.47,0.00
27/01/2018 19:00,6.37,Weekend,Saturday,Maximum_Load,0.00,26.21
09/01/2018 05:45,4.75,Weekday,Tuesday,Light_Load,3.89,0.00
20/04/2018 15:30,106.67,Weekday,Friday,Maximum_Load,43.74,0.00
19/06/2018 06:45,2.84,Weekday,Tuesday,Light_Load,5.22,0.00
28/01/2018 23:00,4.00,Weekend,Sunday,Maximum_Load,2.99,0.00
11/02/2018 00:45,4.57,Weekend,Sunday,Light_Load,4.46,0.00
07/11/2018 13:15,30.64,Weekday,Wednesday,Medium_Load,8.71,4.68
16/09/2018 08:30,2.63,Weekend,Sunday,Light_Load,4.75,0.00
23/09/2018 09:00,2.81,Weekend,Sunday,Light_Load,0.00,11.56
31/07/2018 05:45,3.28,Weekday,Tuesday,Light_Load,4.10,0.00
01/10/2018 23:15,3.28,Weekday,Monday,Light_Load,6.41,0.00
19/08/2018 12:00,3.78,Weekend,Sunday,Light_Load,0.14,3.89
16/01/2018 00:45,4.64,Weekday,Tuesday,Light_Load,6.01,0.00
04/04/2018 10:30,60.73,Weekday,Wednesday,Maximum_Load,27.40,0.00
13/04/2018 13:15,46.87,Weekday,Friday,Maximum_Load,15.34,4.28
25/03/2018 05:30,3.06,Weekend,Sunday,Light_Load,3.24,0.00
12/05/2018 08:00,3.17,Weekend,Saturday,Light_Load,3.78,0.00
20/06/2018 23:45,3.38,Weekday,Wednesday,Light_Load,4.03,0.00
20/03/2018 23:00,3.92,Weekday,Tuesday,Medium_Load,4.82,0.00
27/03/2018 20:15,45.04,Weekday,Tuesday,Medium_Load,11.20,0.14
20/06/2018 21:00,7.60,Weekday,Wednesday,Medium_Load,0.00,22.36
09/09/2018 05:00,2.92,Weekend,Sunday,Light_Load,5.83,0.00
06/06/2018 23:00,2.99,Weekday,Wednesday,Medium_Load,5.72,0.00
09/05/2018 13:15,45.43,Weekday,Wednesday,Maximum_Load,22.28,7.31
02/02/2018 07:45,7.81,Weekday,Friday,Light_Load,4.97,0.00
14/09/2018 22:15,3.28,Weekday,Friday,Medium_Load,5.87,0.04
14/02/2018 15:00,3.92,Weekday,Wednesday,Light_Load,0.00,24.41
05/12/2018 07:15,3.49,Weekday,Wednesday,Light_Load,3.02,0.00
14/01/2018 22:30,4.61,Weekend,Sunday,Maximum_Load,4.21,0.00
01/08/2018 04:15,3.24,Weekday,Wednesday,Light_Load,4.32,0.00
20/10/2018 16:45,103.82,Weekend,Saturday,Maximum_Load,45.50,0.00
15/12/2018 00:15,4.14,Weekend,Saturday,Light_Load,3.46,0.07
20/08/2018 18:15,35.50,Weekday,Monday,Medium_Load,19.01,0.65
26/03/2018 22:30,4.93,Weekday,Monday,Medium_Load,6.05,0.00
07/04/2018 22:00,3.31,Weekend,Saturday,Medium_Load,0.00,17.35
14/03/2018 19:15,4.46,Weekday,Wednesday,Medium_Load,0.00,24.66
04/05/2018 22:15,3.71,Weekday,Friday,Medium_Load,1.44,14.58
30/06/2018 02:30,2.92,Weekend,Saturday,Light_Load,4.97,0.00
08/12/2018 03:45,3.38,Weekend,Saturday,Light_Load,2.88,0.00
18/10/2018 16:30,68.08,Weekday,Thursday,Maximum_Load,44.71,0.00
11/07/2018 04:30,3.24,Weekday,Wednesday,Light_Load,3.71,0.00
24/11/2018 13:00,3.46,Weekend,Saturday,Light_Load,0.00,15.34
09/10/2018 21:30,3.64,Weekday,Tuesday,Medium_Load,0.00,18.07
11/04/2018 21:30,5.22,Weekday,Wednesday,Medium_Load,0.00,26.71
27/12/2018 00:45,3.71,Weekday,Thursday,Light_Load,3.02,0.07
29/04/2018 01:30,2.66,Weekend,Sunday,Light_Load,3.38,0.00
18/06/2018 16:15,71.68,Weekday,Monday,Maximum_Load,23.72,0.00
31/03/2018 05:15,2.88,Weekend,Saturday,Light_Load,3.96,0.00
28/04/2018 08:00,3.13,Weekend,Saturday,Light_Load,3.60,0.00
18/09/2018 22:30,3.38,Weekday,Tuesday,Medium_Load,6.73,0.00
23/05/2018 10:45,114.59,Weekday,Wednesday,Maximum_Load,57.60,0.00
10/06/2018 16:45,3.71,Weekend,Sunday,Light_Load,0.00,18.14
13/06/2018 09:15,86.76,Weekday,Wednesday,Medium_Load,35.06,0.00
12/02/2018 12:45,9.61,Weekday,Monday,Medium_Load,0.00,26.03
27/03/2018 07:30,3.67,Weekday,Tuesday,Light_Load,4.18,0.00
10/01/2018 06:45,4.43,Weekday,Wednesday,Light_Load,4.75,0.00
10/11/2018 00:00,2.70,Weekend,Saturday,Light_Load,3.60,0.00
01/08/2018 16:45,2.84,Weekday,Wednesday,Light_Load,0.00,20.30
26/11/2018 12:00,61.34,Weekday,Monday,Maximum_Load,29.95,1.37
12/07/2018 09:15,67.61,Weekday,Thursday,Medium_Load,38.05,0.00
29/05/2018 17:00,54.18,Weekday,Tuesday,Maximum_Load,19.69,0.00
10/06/2018 21:15,3.56,Weekend,Sunday,Light_Load,0.00,18.43
05/12/2018 18:15,5.87,Weekday,Wednesday,Maximum_Load,0.00,10.37
18/08/2018 00:30,2.59,Weekend,Saturday,Light_Load,4.14,0.00
23/07/2018 19:30,99.29,Weekday,Monday,Medium_Load,34.42,0.00
22/09/2018 17:45,2.81,Weekend,Saturday,Light_Load,0.00,10.66
02/07/2018 20:45,47.63,Weekday,Monday,Medium_Load,12.35,0.00
19/10/2018 01:30,3.64,Weekday,Friday,Light_Load,6.52,0.00
02/10/2018 01:15,2.59,Weekday,Tuesday,Light_Load,4.50,0.00
17/03/2018 23:30,2.95,Weekend,Saturday,Light_Load,2.84,0.00
18/06/2018 14:45,60.08,Weekday,Monday,Maximum_Load,21.56,0.00
14/04/2018 00:30,3.60,Weekend,Saturday,Light_Load,3.49,0.00
20/02/2018 11:30,120.60,Weekday,Tuesday,Maximum_Load,51.88,0.00
08/08/2018 21:45,3.89,Weekday,Wednesday,Medium_Load,0.00,16.27
10/07/2018 20:00,74.59,Weekday,Tuesday,Medium_Load,25.78,0.00
26/05/2018 16:30,35.82,Weekend,Saturday,Maximum_Load,7.02,1.04
13/05/2018 04:30,2.92,Weekend,Sunday,Light_Load,4.36,0.00
16/03/2018 20:00,103.46,Weekday,Friday,Medium_Load,28.87,0.00
25/06/2018 17:15,49.18,Weekday,Monday,Medium_Load,19.58,0.00
11/10/2018 05:30,2.99,Weekday,Thursday,Light_Load,6.05,0.00
09/12/2018 23:45,3.46,Weekend,Sunday,Light_Load,2.63,0.22
22/06/2018 01:30,3.02,Weekday,Friday,Light_Load,5.65,0.00
18/04/2018 14:30,50.08,Weekday,Wednesday,Maximum_Load,20.20,0.00
02/07/2018 06:45,3.42,Weekday,Monday,Light_Load,4.61,0.00
29/09/2018 21:15,2.81,Weekend,Saturday,Medium_Load,0.00,11.81
19/07/2018 09:00,71.24,Weekday,Thursday,Light_Load,54.07,0.00
26/03/2018 14:00,49.57,Weekday,Monday,Maximum_Load,12.24,0.04
25/12/2018 07:15,3.24,Weekday,Tuesday,Light_Load,2.45,0.04
13/05/2018 17:00,3.13,Weekend,Sunday,Light_Load,0.00,16.88
21/11/2018 23:15,3.74,Weekday,Wednesday,Light_Load,2.92,0.00
18/07/2018 03:15,2.92,Weekday,Wednesday,Light_Load,0.00,5.11
25/04/2018 10:45,49.25,Weekday,Wednesday,Maximum_Load,18.50,0.00
11/04/2018 22:00,5.18,Weekday,Wednesday,Medium_Load,0.00,26.64
05/02/2018 00:00,76.93,Weekday,Monday,Light_Load,41.76,0.00
01/07/2018 11:00,3.06,Weekend,Sunday,Light_Load,0.00,17.42
04/09/2018 14:30,103.90,Weekday,Tuesday,Maximum_Load,50.51,0.00
27/09/2018 14:45,71.14,Weekday,Thursday,Maximum_Load,42.19,0.00
08/03/2018 02:45,3.13,Weekday,Thursday,Light_Load,2.70,0.00
27/10/2018 08:30,46.55,Weekend,Saturday,Light_Load,43.31,0.00
03/04/2018 19:30,62.71,Weekday,Tuesday,Medium_Load,37.30,0.00
10/08/2018 08:00,6.34,Weekday,Friday,Light_Load,7.06,0.00
01/11/2018 06:00,3.96,Weekday,Thursday,Light_Load,5.58,0.00
11/06/2018 13:30,59.18,Weekday,Monday,Maximum_Load,35.14,0.00
02/03/2018 15:30,26.39,Weekday,Friday,Maximum_Load,0.00,12.67
09/05/2018 09:30,61.92,Weekday,Wednesday,Medium_Load,30.85,0.00
21/07/2018 05:15,3.35,Weekend,Saturday,Light_Load,5.72,0.00
31/01/2018 19:45,76.32,Weekday,Wednesday,Maximum_Load,11.41,0.29
23/10/2018 07:45,4.00,Weekday,Tuesday,Light_Load,6.98,0.00
20/03/2018 10:15,48.31,Weekday,Tuesday,Maximum_Load,13.50,0.00
09/09/2018 20:15,2.95,Weekend,Sunday,Medium_Load,0.00,11.66
18/11/2018 23:45,2.92,Weekend,Sunday,Light_Load,4.14,0.00
23/05/2018 00:30,3.64,Weekday,Wednesday,Light_Load,5.36,0.00
04/12/2018 10:30,53.42,Weekday,Tuesday,Maximum_Load,31.32,0.00
13/02/2018 04:00,5.90,Weekday,Tuesday,Light_Load,5.80,0.00
29/05/2018 16:30,52.99,Weekday,Tuesday,Maximum_Load,17.35,0.00
26/05/2018 05:30,3.49,Weekend,Saturday,Light_Load,5.62,0.00
01/04/2018 19:00,3.10,Weekend,Sunday,Light_Load,0.00,16.99
15/10/2018 01:30,2.77,Weekday,Monday,Light_Load,5.08,0.00
04/09/2018 17:45,59.44,Weekday,Tuesday,Medium_Load,36.65,0.00
26/02/2018 04:45,3.85,Weekday,Monday,Light_Load,3.38,0.00
11/06/2018 07:45,4.68,Weekday,Monday,Light_Load,7.02,0.00
09/08/2018 01:45,2.74,Weekday,Thursday,Light_Load,5.00,0.00
15/04/2018 12:00,3.13,Weekend,Sunday,Light_Load,0.00,5.54
05/04/2018 16:45,68.94,Weekday,Thursday,Maximum_Load,25.49,0.00
02/09/2018 01:00,2.63,Weekend,Sunday,Light_Load,4.64,0.00
08/11/2018 22:45,3.96,Weekday,Thursday,Maximum_Load,7.20,0.00
08/11/2018 10:00,66.10,Weekday,Thursday,Medium_Load,33.12,0.00
30/01/2018 16:00,74.38,Weekday,Tuesday,Medium_Load,32.15,0.00
10/04/2018 21:15,5.65,Weekday,Tuesday,Medium_Load,0.00,26.78
23/09/2018 17:30,2.81,Weekend,Sunday,Light_Load,0.00,10.91
29/05/2018 06:30,3.20,Weekday,Tuesday,Light_Load,5.51,0.00
09/01/2018 02:00,4.75,Weekday,Tuesday,Light_Load,4.21,0.00
24/01/2018 23:15,41.98,Weekday,Wednesday,Light_Load,30.24,0.00
03/12/2018 19:30,39.17,Weekday,Monday,Maximum_Load,9.72,0.00
13/09/2018 15:00,67.90,Weekday,Thursday,Maximum_Load,38.92,0.00
10/11/2018 10:15,58.61,Weekend,Saturday,Maximum_Load,23.76,0.00
22/12/2018 05:30,3.96,Weekend,Saturday,Light_Load,3.31,0.11
15/02/2018 05:00,3.24,Weekday,Thursday,Light_Load,4.54,0.00
16/02/2018 08:30,3.13,Weekday,Friday,Light_Load,3.89,0.00
16/07/2018 16:00,64.15,Weekday,Monday,Maximum_Load,35.42,0.00
22/06/2018 20:45,31.64,Weekday,Friday,Medium_Load,7.34,5.72
25/05/2018 13:00,5.29,Weekday,Friday,Medium_Load,0.00,25.70
11/03/2018 09:45,33.16,Weekend,Sunday,Medium_Load,1.30,1.66
18/11/2018 19:15,3.78,Weekend,Sunday,Maximum_Load,0.00,17.96
03/08/2018 10:45,2.88,Weekday,Friday,Light_Load,0.00,16.85
16/10/2018 20:45,45.40,Weekday,Tuesday,Medium_Load,20.45,0.00
30/01/2018 18:15,55.26,Weekday,Tuesday,Maximum_Load,27.04,0.36
18/12/2018 07:00,3.31,Weekday,Tuesday,Light_Load,2.12,0.22
02/06/2018 19:00,3.67,Weekend,Saturday,Light_Load,0.00,16.74
07/10/2018 18:45,3.17,Weekend,Sunday,Light_Load,0.00,11.48
04/02/2018 04:45,5.83,Weekend,Sunday,Light_Load,5.76,0.00
06/04/2018 08:15,34.92,Weekday,Friday,Light_Load,29.66,0.00
15/08/2018 18:15,2.99,Weekday,Wednesday,Medium_Load,0.00,6.30
26/05/2018 18:00,3.74,Weekend,Saturday,Medium_Load,0.00,16.78
26/08/2018 19:30,3.06,Weekend,Sunday,Medium_Load,0.00,13.86
30/06/2018 19:00,3.82,Weekend,Saturday,Medium_Load,0.00,18.94
21/11/2018 18:45,106.52,Weekday,Wednesday,Maximum_Load,47.12,0.00
27/12/2018 19:15,51.01,Weekday,Thursday,Maximum_Load,10.15,0.36
04/09/2018 03:00,2.63,Weekday,Tuesday,Light_Load,4.75,0.00
02/03/2018 20:30,62.71,Weekday,Friday,Medium_Load,5.72,1.04
13/02/2018 18:00,96.08,Weekday,Tuesday,Maximum_Load,13.14,0.32
03/06/2018 15:45,3.24,Weekend,Sunday,Light_Load,0.00,18.04
30/09/2018 10:30,2.74,Weekend,Sunday,Light_Load,0.00,11.77
29/09/2018 00:45,2.45,Weekend,Saturday,Light_Load,4.00,0.00
26/12/2018 10:00,55.44,Weekday,Wednesday,Medium_Load,22.82,0.00
29/11/2018 08:45,88.06,Weekday,Thursday,Light_Load,38.02,0.00
19/07/2018 12:15,7.06,Weekday,Thursday,Medium_Load,2.88,3.96
11/08/2018 23:45,2.66,Weekend,Saturday,Light_Load,4.64,0.00
03/12/2018 18:30,42.26,Weekday,Monday,Maximum_Load,19.73,0.00
30/04/2018 12:45,5.51,Weekday,Monday,Medium_Load,0.00,26.53
03/09/2018 11:45,39.60,Weekday,Monday,Maximum_Load,15.52,0.00
14/04/2018 03:00,3.71,Weekend,Saturday,Light_Load,4.50,0.00
13/10/2018 00:30,3.56,Weekend,Saturday,Light_Load,7.09,0.00
08/02/2018 14:00,113.33,Weekday,Thursday,Medium_Load,45.94,0.00
24/12/2018 14:45,38.48,Weekday,Monday,Medium_Load,4.25,0.25
12/07/2018 12:30,4.36,Weekday,Thursday,Medium_Load,0.00,16.88
28/06/2018 23:15,3.49,Weekday,Thursday,Light_Load,4.00,0.00
14/07/2018 01:30,2.63,Weekend,Saturday,Light_Load,4.14,0.00
09/02/2018 22:30,64.66,Weekday,Friday,Maximum_Load,41.51,0.00
06/01/2018 23:30,3.10,Weekend,Saturday,Light_Load,2.56,0.00
06/04/2018 13:15,60.37,Weekday,Friday,Maximum_Load,14.90,5.22
30/11/2018 01:15,4.97,Weekday,Friday,Light_Load,4.90,0.00
23/03/2018 04:45,3.60,Weekday,Friday,Light_Load,4.90,0.00
28/02/2018 15:00,97.88,Weekday,Wednesday,Medium_Load,43.67,0.00
05/02/2018 09:15,63.11,Weekday,Monday,Medium_Load,18.40,0.00
23/09/2018 22:15,2.63,Weekend,Sunday,Light_Load,5.36,0.11
18/03/2018 08:45,3.10,Weekend,Sunday,Light_Load,3.31,0.11
17/06/2018 18:45,2.92,Weekend,Sunday,Light_Load,0.00,12.06
26/02/2018 15:15,47.38,Weekday,Monday,Medium_Load,9.32,0.00
02/08/2018 01:30,2.88,Weekday,Thursday,Light_Load,4.54,0.00
29/05/2018 07:30,3.31,Weekday,Tuesday,Light_Load,5.18,0.00
29/05/2018 15:15,47.66,Weekday,Tuesday,Maximum_Load,15.12,0.00
17/04/2018 18:45,86.44,Weekday,Tuesday,Medium_Load,30.42,0.00
06/10/2018 08:00,9.72,Weekend,Saturday,Light_Load,12.82,0.00
02/12/2018 00:45,3.38,Weekend,Sunday,Light_Load,2.56,0.00
10/09/2018 14:45,108.32,Weekday,Monday,Maximum_Load,46.91,0.00
20/11/2018 04:30,2.95,Weekday,Tuesday,Light_Load,2.12,0.14
26/02/2018 21:15,8.39,Weekday,Monday,Medium_Load,0.00,25.38
16/01/2018 22:45,4.61,Weekday,Tuesday,Maximum_Load,3.92,0.00
12/04/2018 09:00,101.27,Weekday,Thursday,Light_Load,55.04,0.00
30/08/2018 06:00,2.52,Weekday,Thursday,Light_Load,4.82,0.00
12/11/2018 00:45,2.88,Weekday,Monday,Light_Load,3.89,0.00
27/10/2018 12:00,23.00,Weekend,Saturday,Maximum_Load,7.02,4.03
11/09/2018 18:45,33.62,Weekday,Tuesday,Medium_Load,12.46,0.00
30/03/2018 07:45,4.61,Weekday,Friday,Light_Load,5.33,0.00
10/04/2018 23:45,3.85,Weekday,Tuesday,Light_Load,5.51,0.00
27/07/2018 03:45,2.92,Weekday,Friday,Light_Load,5.98,0.00
25/01/2018 10:45,59.83,Weekday,Thursday,Maximum_Load,11.66,0.00
10/06/2018 01:15,2.77,Weekend,Sunday,Light_Load,4.50,0.00
04/10/2018 16:30,59.26,Weekday,Thursday,Maximum_Load,37.66,0.00
03/04/2018 23:30,3.60,Weekday,Tuesday,Light_Load,4.39,0.00
24/08/2018 03:30,3.78,Weekday,Friday,Light_Load,6.34,0.00
08/08/2018 16:45,42.73,Weekday,Wednesday,Maximum_Load,13.82,0.00
03/08/2018 21:00,3.02,Weekday,Friday,Light_Load,0.00,16.20
01/02/2018 12:30,10.30,Weekday,Thursday,Medium_Load,0.00,25.74
21/07/2018 08:30,40.39,Weekend,Saturday,Light_Load,39.20,0.00
08/03/2018 14:45,75.67,Weekday,Thursday,Maximum_Load,42.66,0.00
14/07/2018 01:45,2.66,Weekend,Saturday,Light_Load,4.25,0.00
02/10/2018 11:15,59.83,Weekday,Tuesday,Maximum_Load,37.44,0.00
11/04/2018 10:45,65.92,Weekday,Wednesday,Maximum_Load,34.13,0.00
18/10/2018 03:15,3.56,Weekday,Thursday,Light_Load,6.08,0.00
25/07/2018 23:45,2.59,Weekday,Wednesday,Light_Load,3.85,0.00
22/07/2018 06:00,3.46,Weekend,Sunday,Light_Load,4.54,0.00
30/09/2018 08:30,2.52,Weekend,Sunday,Light_Load,4.79,0.00
28/01/2018 00:15,4.10,Weekend,Sunday,Light_Load,3.89,0.00
29/12/2018 04:45,3.60,Weekend,Saturday,Light_Load,3.24,0.00
07/10/2018 19:15,3.42,Weekend,Sunday,Light_Load,0.00,11.16
01/12/2018 21:45,4.79,Weekend,Saturday,Medium_Load,0.00,20.70
28/02/2018 07:45,6.73,Weekday,Wednesday,Light_Load,6.59,0.00
06/03/2018 08:15,39.35,Weekday,Tuesday,Light_Load,28.22,0.00
20/08/2018 09:30,60.30,Weekday,Monday,Medium_Load,31.57,0.00
09/01/2018 06:00,4.68,Weekday,Tuesday,Light_Load,4.03,0.00
27/04/2018 20:15,110.81,Weekday,Friday,Medium_Load,50.00,0.00
05/10/2018 13:15,33.84,Weekday,Friday,Maximum_Load,15.37,5.00
07/04/2018 14:15,49.32,Weekend,Saturday,Maximum_Load,3.13,2.92
08/12/2018 01:30,4.79,Weekend,Saturday,Light_Load,3.82,0.00
29/10/2018 18:15,47.38,Weekday,Monday,Medium_Load,29.63,0.00
12/02/2018 19:00,30.96,Weekday,Monday,Maximum_Load,0.00,12.42
22/01/2018 20:30,62.60,Weekday,Monday,Medium_Load,27.94,0.00
16/05/2018 03:00,3.24,Weekday,Wednesday,Light_Load,5.29,0.00
30/06/2018 20:45,3.24,Weekend,Saturday,Medium_Load,0.00,16.56
22/06/2018 10:00,51.98,Weekday,Friday,Medium_Load,26.53,0.00
16/03/2018 22:00,4.14,Weekday,Friday,Medium_Load,0.00,26.50
11/04/2018 14:00,49.54,Weekday,Wednesday,Maximum_Load,19.69,0.00
16/03/2018 02:15,3.67,Weekday,Friday,Light_Load,4.86,0.00
28/04/2018 17:15,3.56,Weekend,Saturday,Medium_Load,0.00,26.50
06/09/2018 06:15,2.92,Weekday,Thursday,Light_Load,6.05,0.00
27/10/2018 17:45,3.53,Weekend,Saturday,Medium_Load,0.00,17.86
25/02/2018 14:30,4.68,Weekend,Sunday,Light_Load,0.00,22.03
06/09/2018 13:30,61.38,Weekday,Thursday,Maximum_Load,40.39,0.00
10/10/2018 22:30,4.50,Weekday,Wednesday,Medium_Load,8.71,0.00
06/08/2018 05:00,2.81,Weekday,Monday,Light_Load,5.00,0.00
04/04/2018 20:15,3.92,Weekday,Wednesday,Medium_Load,0.00,26.89
26/07/2018 07:30,3.20,Weekday,Thursday,Light_Load,4.10,0.00
09/06/2018 14:15,3.38,Weekend,Saturday,Light_Load,0.00,18.76
11/09/2018 07:30,3.06,Weekday,Tuesday,Light_Load,6.77,0.00
11/11/2018 06:45,3.46,Weekend,Sunday,Light_Load,6.44,0.00
24/11/2018 18:30,3.71,Weekend,Saturday,Light_Load,0.00,13.00
27/01/2018 17:15,6.77,Weekend,Saturday,Maximum_Load,0.00,25.56
26/01/2018 16:15,133.78,Weekday,Friday,Medium_Load,45.72,0.00
09/09/2018 23:30,2.77,Weekend,Sunday,Light_Load,5.18,0.00
08/06/2018 17:15,46.91,Weekday,Friday,Medium_Load,12.46,0.00
18/02/2018 18:00,3.53,Weekend,Sunday,Light_Load,0.00,16.24
16/12/2018 20:45,4.54,Weekend,Sunday,Medium_Load,0.00,21.38
16/01/2018 00:30,4.68,Weekday,Tuesday,Light_Load,5.58,0.00
05/11/2018 01:00,3.38,Weekday,Monday,Light_Load,5.65,0.00
07/03/2018 21:15,5.29,Weekday,Wednesday,Medium_Load,0.00,26.68
01/12/2018 23:30,3.38,Weekend,Saturday,Light_Load,2.23,0.00
28/12/2018 03:30,3.89,Weekday,Friday,Light_Load,2.77,0.32
09/11/2018 20:00,52.45,Weekday,Friday,Maximum_Load,22.79,0.00
21/12/2018 16:15,69.73,Weekday,Friday,Medium_Load,34.34,0.00
03/02/2018 11:00,38.38,Weekend,Saturday,Maximum_Load,0.65,2.48
03/06/2018 21:00,3.10,Weekend,Sunday,Light_Load,0.00,16.60
21/08/2018 05:30,2.70,Weekday,Tuesday,Light_Load,5.18,0.00
15/09/2018 16:45,39.67,Weekend,Saturday,Maximum_Load,13.46,0.25
09/12/2018 12:30,4.10,Weekend,Sunday,Light_Load,0.00,20.23
22/04/2018 03:45,3.06,Weekend,Sunday,Light_Load,4.32,0.00
22/12/2018 03:30,4.07,Weekend,Saturday,Light_Load,3.24,0.00
23/07/2018 09:30,56.99,Weekday,Monday,Medium_Load,35.93,0.00
25/06/2018 02:45,2.88,Weekday,Monday,Light_Load,4.82,0.00
06/04/2018 23:15,4.90,Weekday,Friday,Light_Load,6.05,0.00
23/05/2018 03:00,2.99,Weekday,Wednesday,Light_Load,4.82,0.00
12/01/2018 22:45,4.75,Weekday,Friday,Maximum_Load,4.93,0.00
05/05/2018 09:15,3.56,Weekend,Saturday,Light_Load,0.00,21.67
06/05/2018 20:45,3.28,Weekend,Sunday,Light_Load,0.00,16.92
17/12/2018 11:45,49.64,Weekday,Monday,Maximum_Load,14.76,0.00
31/01/2018 17:30,98.42,Weekday,Wednesday,Maximum_Load,26.86,0.00
20/04/2018 13:30,69.77,Weekday,Friday,Maximum_Load,39.17,0.00
17/12/2018 16:15,85.86,Weekday,Monday,Medium_Load,50.08,0.00
14/12/2018 00:15,5.33,Weekday,Friday,Light_Load,2.59,0.04
09/07/2018 12:00,53.06,Weekday,Monday,Maximum_Load,41.33,0.00
08/07/2018 00:30,2.74,Weekend,Sunday,Light_Load,3.89,0.00
26/11/2018 17:45,32.58,Weekday,Monday,Maximum_Load,0.14,3.28
13/06/2018 02:45,2.88,Weekday,Wednesday,Light_Load,4.72,0.00
27/07/2018 15:45,54.65,Weekday,Friday,Maximum_Load,18.22,0.00
02/10/2018 21:00,62.53,Weekday,Tuesday,Medium_Load,21.35,0.54
11/11/2018 22:15,3.35,Weekend,Sunday,Light_Load,4.75,0.14
21/02/2018 23:30,88.20,Weekday,Wednesday,Light_Load,42.44,0.00
08/05/2018 06:15,2.99,Weekday,Tuesday,Light_Load,3.92,0.00
09/06/2018 14:45,3.13,Weekend,Saturday,Light_Load,0.00,16.67
12/05/2018 16:15,5.18,Weekend,Saturday,Maximum_Load,0.00,26.46
13/10/2018 11:15,40.39,Weekend,Saturday,Maximum_Load,11.52,0.00
25/03/2018 03:15,3.13,Weekend,Sunday,Light_Load,3.67,0.00
26/06/2018 20:00,34.27,Weekday,Tuesday,Medium_Load,1.73,0.36
04/04/2018 14:45,55.37,Weekday,Wednesday,Maximum_Load,25.02,0.00
24/04/2018 13:30,58.90,Weekday,Tuesday,Maximum_Load,32.33,0.00
17/02/2018 05:45,3.17,Weekend,Saturday,Light_Load,3.85,0.00
14/05/2018 02:45,3.06,Weekday,Monday,Light_Load,4.61,0.00
05/06/2018 08:30,41.76,Weekday,Tuesday,Light_Load,44.35,0.00
01/07/2018 12:30,3.13,Weekend,Sunday,Light_Load,0.00,17.14
29/06/2018 14:15,51.08,Weekday,Friday,Maximum_Load,22.25,0.00
29/03/2018 10:30,54.25,Weekday,Thursday,Maximum_Load,19.51,0.00
16/10/2018 02:00,3.10,Weekday,Tuesday,Light_Load,6.19,0.00
15/02/2018 00:45,3.89,Weekday,Thursday,Light_Load,5.76,0.00
05/10/2018 10:00,56.48,Weekday,Friday,Medium_Load,28.15,0.00
23/11/2018 19:15,65.23,Weekday,Friday,Maximum_Load,28.55,0.00
15/10/2018 14:30,109.40,Weekday,Monday,Maximum_Load,52.81,0.00
28/11/2018 19:30,54.07,Weekday,Wednesday,Maximum_Load,22.03,0.00
01/03/2018 21:30,3.49,Weekday,Thursday,Medium_Load,0.00,18.25
28/02/2018 18:15,59.11,Weekday,Wednesday,Maximum_Load,25.31,0.58
15/01/2018 13:00,7.81,Weekday,Monday,Medium_Load,0.00,25.52
03/05/2018 05:15,3.10,Weekday,Thursday,Light_Load,4.07,0.00
30/10/2018 22:15,3.85,Weekday,Tuesday,Medium_Load,6.70,0.18
30/05/2018 16:45,108.65,Weekday,Wednesday,Maximum_Load,33.84,0.00
26/05/2018 02:00,3.13,Weekend,Saturday,Light_Load,5.22,0.00
15/02/2018 06:45,3.31,Weekday,Thursday,Light_Load,4.86,0.00
05/09/2018 04:15,2.59,Weekday,Wednesday,Light_Load,4.72,0.00
24/08/2018 02:45,2.88,Weekday,Friday,Light_Load,5.54,0.00
04/06/2018 22:00,3.89,Weekday,Monday,Medium_Load,0.00,17.32
26/08/2018 01:45,2.59,Weekend,Sunday,Light_Load,4.28,0.00
28/07/2018 08:00,6.12,Weekend,Saturday,Light_Load,7.63,0.00
14/05/2018 09:45,57.02,Weekday,Monday,Medium_Load,26.78,0.00
28/05/2018 08:00,4.43,Weekday,Monday,Light_Load,6.66,0.00
08/07/2018 07:45,2.95,Weekend,Sunday,Light_Load,4.00,0.00
01/02/2018 15:00,110.27,Weekday,Thursday,Medium_Load,48.71,0.00
07/03/2018 04:45,3.17,Weekday,Wednesday,Light_Load,3.20,0.00
04/12/2018 17:30,71.10,Weekday,Tuesday,Maximum_Load,34.49,0.00
13/02/2018 23:00,36.32,Weekday,Tuesday,Maximum_Load,26.06,0.00
28/04/2018 09:45,63.22,Weekend,Saturday,Medium_Load,3.35,1.69
12/02/2018 18:45,33.91,Weekday,Monday,Maximum_Load,2.63,8.53
18/08/2018 09:30,75.60,Weekend,Saturday,Medium_Load,38.38,0.00
17/11/2018 20:30,4.07,Weekend,Saturday,Medium_Load,0.00,17.03
08/03/2018 20:45,63.29,Weekday,Thursday,Medium_Load,24.16,0.00
23/12/2018 05:30,4.10,Weekend,Sunday,Light_Load,3.78,0.00
03/08/2018 18:00,2.99,Weekday,Friday,Light_Load,0.00,16.20
02/03/2018 19:45,73.55,Weekday,Friday,Medium_Load,9.54,0.29
05/09/2018 18:30,47.52,Weekday,Wednesday,Medium_Load,31.28,0.00
12/12/2018 03:15,4.18,Weekday,Wednesday,Light_Load,3.67,0.00
05/07/2018 08:00,4.82,Weekday,Thursday,Light_Load,6.37,0.00
14/03/2018 18:00,40.75,Weekday,Wednesday,Medium_Load,5.47,4.25
07/05/2018 03:45,2.99,Weekday,Monday,Light_Load,4.32,0.00
27/03/2018 18:30,50.90,Weekday,Tuesday,Medium_Load,32.40,0.00
14/04/2018 13:00,4.54,Weekend,Saturday,Medium_Load,0.00,22.21
03/06/2018 15:00,3.56,Weekend,Sunday,Light_Load,0.00,21.56
25/09/2018 03:30,2.66,Weekday,Tuesday,Light_Load,5.62,0.00
04/12/2018 16:30,60.73,Weekday,Tuesday,Medium_Load,30.49,0.00
12/07/2018 10:30,68.40,Weekday,Thursday,Maximum_Load,39.28,0.00
24/12/2018 22:00,5.40,Weekday,Monday,Medium_Load,0.00,21.13
25/11/2018 21:15,2.99,Weekend,Sunday,Light_Load,0.00,14.51
02/12/2018 14:45,3.56,Weekend,Sunday,Light_Load,0.00,14.11
13/08/2018 06:15,2.66,Weekday,Monday,Light_Load,5.18,0.00
15/07/2018 16:45,91.04,Weekend,Sunday,Maximum_Load,24.08,0.00
29/08/2018 12:45,5.90,Weekday,Wednesday,Medium_Load,0.00,17.96
16/03/2018 05:00,3.20,Weekday,Friday,Light_Load,4.79,0.00
23/11/2018 15:30,110.48,Weekday,Friday,Medium_Load,68.65,0.00
11/12/2018 22:00,5.69,Weekday,Tuesday,Medium_Load,0.00,20.56
17/11/2018 15:30,95.18,Weekend,Saturday,Medium_Load,46.44,0.00
23/12/2018 08:45,4.82,Weekend,Sunday,Light_Load,1.73,5.18
23/04/2018 12:30,5.47,Weekday,Monday,Medium_Load,0.00,26.17
06/12/2018 12:30,6.88,Weekday,Thursday,Medium_Load,0.00,20.45
08/10/2018 20:00,58.90,Weekday,Monday,Medium_Load,36.68,0.00
12/08/2018 11:45,2.70,Weekend,Sunday,Light_Load,0.00,4.75
29/06/2018 13:45,58.68,Weekday,Friday,Maximum_Load,27.90,0.00
15/08/2018 14:30,66.35,Weekday,Wednesday,Maximum_Load,26.32,0.00
19/01/2018 02:45,57.96,Weekday,Friday,Light_Load,34.09,0.00
04/11/2018 17:45,3.92,Weekend,Sunday,Maximum_Load,0.00,17.86
19/06/2018 14:30,73.26,Weekday,Tuesday,Maximum_Load,29.63,0.00
07/01/2018 02:30,3.17,Weekend,Sunday,Light_Load,3.02,0.00
23/01/2018 10:30,68.18,Weekday,Tuesday,Maximum_Load,22.14,0.00
18/08/2018 08:30,110.70,Weekend,Saturday,Light_Load,83.41,0.00
24/09/2018 18:30,2.74,Weekday,Monday,Light_Load,0.00,5.51
12/04/2018 14:30,66.85,Weekday,Thursday,Maximum_Load,50.72,0.00
20/01/2018 10:45,55.40,Weekend,Saturday,Maximum_Load,11.12,0.00
27/05/2018 22:30,2.92,Weekend,Sunday,Light_Load,5.62,0.00
10/01/2018 22:30,4.68,Weekday,Wednesday,Maximum_Load,5.76,0.00
18/05/2018 09:15,107.14,Weekday,Friday,Medium_Load,39.85,0.00
22/09/2018 15:45,3.38,Weekend,Saturday,Light_Load,0.00,16.52
11/05/2018 07:30,3.42,Weekday,Friday,Light_Load,4.28,0.00
14/01/2018 17:45,5.18,Weekend,Sunday,Maximum_Load,0.00,26.64
06/01/2018 13:15,3.64,Weekend,Saturday,Light_Load,0.00,19.69
22/07/2018 09:00,2.81,Weekend,Sunday,Light_Load,0.68,6.30
05/04/2018 08:15,46.69,Weekday,Thursday,Light_Load,39.71,0.04
24/01/2018 06:00,35.71,Weekday,Wednesday,Light_Load,25.09,0.00
02/09/2018 13:15,13.43,Weekend,Sunday,Maximum_Load,2.92,9.86
01/07/2018 02:30,2.84,Weekend,Sunday,Light_Load,4.10,0.00
29/06/2018 13:00,4.25,Weekday,Friday,Medium_Load,0.00,16.13
04/11/2018 20:45,3.13,Weekend,Sunday,Medium_Load,0.00,11.84
06/04/2018 10:00,94.36,Weekday,Friday,Medium_Load,27.58,0.00
26/05/2018 00:00,2.74,Weekend,Saturday,Light_Load,4.36,0.00
09/12/2018 16:15,4.14,Weekend,Sunday,Light_Load,0.00,20.52
15/01/2018 10:30,105.84,Weekday,Monday,Maximum_Load,64.12,0.00
09/05/2018 05:00,3.17,Weekday,Wednesday,Light_Load,4.25,0.00
25/12/2018 23:00,3.89,Weekday,Tuesday,Light_Load,3.49,0.04
03/09/2018 16:45,118.04,Weekday,Monday,Maximum_Load,69.08,0.00
04/08/2018 19:30,2.88,Weekend,Saturday,Light_Load,0.00,16.74
18/12/2018 05:15,3.46,Weekday,Tuesday,Light_Load,2.34,0.14
17/11/2018 15:15,101.20,Weekend,Saturday,Medium_Load,37.91,0.00
22/07/2018 04:15,2.84,Weekend,Sunday,Light_Load,4.93,0.00
23/10/2018 04:30,3.02,Weekday,Tuesday,Light_Load,5.83,0.00
16/11/2018 18:45,49.07,Weekday,Friday,Maximum_Load,22.32,0.00
06/10/2018 22:15,3.20,Weekend,Saturday,Medium_Load,6.34,0.07
16/02/2018 10:00,3.42,Weekday,Friday,Light_Load,0.00,16.92
01/09/2018 10:45,50.62,Weekend,Saturday,Maximum_Load,22.32,0.00
22/04/2018 13:30,35.78,Weekend,Sunday,Maximum_Load,1.62,1.22
08/03/2018 11:00,53.35,Weekday,Thursday,Maximum_Load,15.16,0.00
25/08/2018 10:00,4.43,Weekend,Saturday,Light_Load,0.00,18.76
06/11/2018 01:45,3.67,Weekday,Tuesday,Light_Load,7.02,0.00
05/12/2018 21:00,4.82,Weekday,Wednesday,Medium_Load,0.00,20.48
30/05/2018 08:30,56.63,Weekday,Wednesday,Light_Load,56.81,0.00
20/03/2018 20:30,36.43,Weekday,Tuesday,Medium_Load,1.04,2.38
07/09/2018 16:15,111.42,Weekday,Friday,Maximum_Load,53.10,0.00
10/02/2018 11:30,5.18,Weekend,Saturday,Light_Load,0.00,9.61
19/03/2018 14:30,57.96,Weekday,Monday,Maximum_Load,27.97,0.00
23/07/2018 21:00,38.27,Weekday,Monday,Medium_Load,9.58,2.41
11/05/2018 23:00,3.64,Weekday,Friday,Medium_Load,3.82,0.00
16/02/2018 10:30,3.46,Weekday,Friday,Light_Load,0.00,16.70
04/03/2018 09:30,3.96,Weekend,Sunday,Light_Load,0.00,22.21
17/08/2018 03:15,3.06,Weekday,Friday,Light_Load,5.29,0.00
13/02/2018 09:30,91.98,Weekday,Tuesday,Medium_Load,23.72,0.00
13/07/2018 14:45,47.27,Weekday,Friday,Maximum_Load,10.62,0.00
05/11/2018 06:00,2.88,Weekday,Monday,Light_Load,4.00,0.00
19/06/2018 19:45,49.57,Weekday,Tuesday,Medium_Load,19.91,0.00
24/02/2018 10:30,51.80,Weekend,Saturday,Maximum_Load,3.96,1.73
03/12/2018 20:45,50.11,Weekday,Monday,Medium_Load,28.73,0.00
14/04/2018 10:15,36.97,Weekend,Saturday,Maximum_Load,0.68,2.20
01/10/2018 05:45,2.52,Weekday,Monday,Light_Load,4.75,0.00
08/04/2018 05:45,3.17,Weekend,Sunday,Light_Load,4.82,0.00
26/06/2018 08:45,39.56,Weekday,Tuesday,Light_Load,40.00,0.00
04/01/2018 10:45,128.81,Weekday,Thursday,Maximum_Load,41.04,0.00
13/04/2018 22:15,5.11,Weekday,Friday,Medium_Load,2.30,14.26
21/09/2018 15:15,8.57,Weekday,Friday,Maximum_Load,0.00,15.08
12/01/2018 22:00,5.22,Weekday,Friday,Medium_Load,0.00,26.78
25/01/2018 04:15,37.91,Weekday,Thursday,Light_Load,27.07,0.00
27/08/2018 05:45,2.88,Weekday,Monday,Light_Load,4.75,0.00
03/06/2018 16:15,2.95,Weekend,Sunday,Light_Load,0.00,16.96
04/11/2018 03:00,2.92,Weekend,Sunday,Light_Load,5.00,0.00
19/06/2018 23:00,3.67,Weekday,Tuesday,Medium_Load,5.36,0.00
04/10/2018 04:30,2.81,Weekday,Thursday,Light_Load,5.62,0.00
26/11/2018 02:45,2.92,Weekday,Monday,Light_Load,2.99,0.00
03/01/2018 04:45,4.57,Weekday,Wednesday,Light_Load,4.32,0.00
25/09/2018 09:45,2.70,Weekday,Tuesday,Light_Load,0.00,11.63
08/02/2018 21:15,107.50,Weekday,Thursday,Medium_Load,28.69,0.00
15/05/2018 14:45,99.11,Weekday,Tuesday,Maximum_Load,33.41,0.00
06/06/2018 16:15,50.40,Weekday,Wednesday,Maximum_Load,27.32,0.00
22/01/2018 18:00,33.48,Weekday,Monday,Maximum_Load,0.00,9.04
15/04/2018 07:30,3.10,Weekend,Sunday,Light_Load,3.92,0.00
04/02/2018 05:45,5.83,Weekend,Sunday,Light_Load,5.72,0.00
16/06/2018 16:00,24.62,Weekend,Saturday,Maximum_Load,0.00,9.22
10/01/2018 18:15,35.24,Weekday,Wednesday,Maximum_Load,10.98,0.14
22/07/2018 05:00,2.84,Weekend,Sunday,Light_Load,4.86,0.00
21/10/2018 20:30,3.71,Weekend,Sunday,Light_Load,0.00,17.50
01/11/2018 02:00,3.96,Weekday,Thursday,Light_Load,5.94,0.00
07/03/2018 03:30,3.71,Weekday,Wednesday,Light_Load,4.68,0.00
20/04/2018 09:30,71.39,Weekday,Friday,Medium_Load,34.96,0.00
16/04/2018 10:45,65.63,Weekday,Monday,Maximum_Load,34.42,0.00
23/08/2018 01:15,2.92,Weekday,Thursday,Light_Load,5.26,0.00
26/05/2018 03:30,3.13,Weekend,Saturday,Light_Load,5.33,0.00
06/08/2018 21:15,8.17,Weekday,Monday,Medium_Load,0.00,20.95
17/02/2018 17:00,3.89,Weekend,Saturday,Light_Load,0.00,20.63
03/03/2018 09:30,37.69,Weekend,Saturday,Medium_Load,5.26,2.38
30/05/2018 17:00,104.69,Weekday,Wednesday,Maximum_Load,32.36,0.00
23/09/2018 13:30,2.99,Weekend,Sunday,Light_Load,0.00,13.00
14/12/2018 04:15,4.18,Weekday,Friday,Light_Load,3.53,0.04
01/12/2018 00:15,3.89,Weekend,Saturday,Light_Load,2.70,0.40
07/03/2018 10:30,94.14,Weekday,Wednesday,Maximum_Load,24.59,0.00
11/06/2018 02:45,3.46,Weekday,Monday,Light_Load,5.72,0.00
28/04/2018 11:15,79.99,Weekend,Saturday,Maximum_Load,28.37,0.00
19/11/2018 18:45,43.49,Weekday,Monday,Maximum_Load,7.74,0.00
01/12/2018 17:00,4.64,Weekend,Saturday,Medium_Load,0.00,21.10
25/08/2018 05:00,2.81,Weekend,Saturday,Light_Load,5.29,0.00
21/06/2018 04:00,2.95,Weekday,Thursday,Light_Load,5.15,0.00
30/12/2018 01:30,3.17,Weekend,Sunday,Light_Load,2.38,0.00
10/09/2018 15:45,87.70,Weekday,Monday,Maximum_Load,41.44,0.00
15/10/2018 19:30,96.12,Weekday,Monday,Medium_Load,41.51,0.00
21/03/2018 20:30,75.24,Weekday,Wednesday,Medium_Load,9.32,1.55
31/08/2018 02:00,2.77,Weekday,Friday,Light_Load,5.22,0.00
13/10/2018 01:45,3.56,Weekend,Saturday,Light_Load,7.34,0.00
01/07/2018 17:45,2.95,Weekend,Sunday,Light_Load,0.00,17.50
11/07/2018 13:30,58.14,Weekday,Wednesday,Maximum_Load,26.14,0.00
28/09/2018 16:15,38.74,Weekday,Friday,Maximum_Load,19.44,0.00
10/09/2018 08:00,3.20,Weekday,Monday,Light_Load,5.36,0.00
01/02/2018 18:30,84.13,Weekday,Thursday,Maximum_Load,64.15,0.00
11/06/2018 17:45,29.70,Weekday,Monday,Medium_Load,0.36,5.62
27/03/2018 05:15,3.13,Weekday,Tuesday,Light_Load,3.82,0.00
12/02/2018 00:15,3.64,Weekday,Monday,Light_Load,3.28,0.00
31/01/2018 05:15,5.90,Weekday,Wednesday,Light_Load,5.40,0.00
09/09/2018 00:15,3.38,Weekend,Sunday,Light_Load,6.26,0.00
07/04/2018 20:15,4.03,Weekend,Saturday,Medium_Load,0.00,26.17
02/11/2018 16:45,60.23,Weekday,Friday,Medium_Load,34.38,0.00
03/10/2018 09:00,57.06,Weekday,Wednesday,Light_Load,37.37,0.00
30/01/2018 02:00,7.99,Weekday,Tuesday,Light_Load,6.37,0.00
26/08/2018 22:00,3.13,Weekend,Sunday,Medium_Load,0.00,13.18
31/12/2018 18:00,3.42,Weekday,Monday,Light_Load,0.00,9.79
22/07/2018 19:15,3.67,Weekend,Sunday,Light_Load,0.00,16.34
28/07/2018 02:15,3.60,Weekend,Saturday,Light_Load,5.83,0.00
02/04/2018 12:45,5.47,Weekday,Monday,Medium_Load,0.00,25.78
08/03/2018 03:45,3.06,Weekday,Thursday,Light_Load,2.41,0.00
17/05/2018 05:00,3.24,Weekday,Thursday,Light_Load,5.29,0.00
11/07/2018 10:30,66.71,Weekday,Wednesday,Maximum_Load,34.88,0.00
05/09/2018 18:45,49.79,Weekday,Wednesday,Medium_Load,24.73,0.00
15/12/2018 21:45,4.25,Weekend,Saturday,Light_Load,0.00,22.36
25/09/2018 12:00,2.59,Weekday,Tuesday,Light_Load,0.00,6.19
14/01/2018 21:15,5.00,Weekend,Sunday,Medium_Load,0.00,27.00
12/08/2018 21:45,3.13,Weekend,Sunday,Light_Load,0.00,14.54
04/09/2018 11:15,122.65,Weekday,Tuesday,Maximum_Load,65.30,0.00
24/05/2018 14:00,63.11,Weekday,Thursday,Maximum_Load,31.10,0.00
22/03/2018 04:00,3.35,Weekday,Thursday,Light_Load,4.21,0.00
27/05/2018 03:15,2.92,Weekend,Sunday,Light_Load,5.33,0.00
23/03/2018 06:15,3.24,Weekday,Friday,Light_Load,4.00,0.00
17/04/2018 03:30,3.13,Weekday,Tuesday,Light_Load,3.85,0.00
05/11/2018 21:15,42.59,Weekday,Monday,Medium_Load,19.94,0.00
16/08/2018 08:15,69.08,Weekday,Thursday,Light_Load,53.21,0.00
30/03/2018 13:15,49.21,Weekday,Friday,Maximum_Load,18.76,0.61
31/05/2018 01:45,3.31,Weekday,Thursday,Light_Load,5.76,0.00
13/09/2018 05:00,2.77,Weekday,Thursday,Light_Load,4.61,0.00
26/08/2018 19:00,3.24,Weekend,Sunday,Medium_Load,0.00,14.36
01/01/2018 21:00,4.21,Weekday,Monday,Light_Load,0.00,24.26
09/11/2018 11:15,68.08,Weekday,Friday,Maximum_Load,37.87,0.00
05/03/2018 12:00,88.60,Weekday,Monday,Maximum_Load,46.08,0.00
08/12/2018 07:30,3.31,Weekend,Saturday,Light_Load,2.88,0.00
08/11/2018 18:00,32.26,Weekday,Thursday,Maximum_Load,7.45,0.18
22/04/2018 19:45,3.85,Weekend,Sunday,Medium_Load,0.00,19.19
03/10/2018 03:30,2.92,Weekday,Wednesday,Light_Load,5.80,0.00
15/11/2018 12:30,4.54,Weekday,Thursday,Medium_Load,0.00,17.14
12/11/2018 03:15,3.38,Weekday,Monday,Light_Load,5.40,0.00
03/12/2018 17:30,61.42,Weekday,Monday,Maximum_Load,33.77,0.00
29/06/2018 09:15,45.54,Weekday,Friday,Medium_Load,20.81,0.00
07/05/2018 23:00,4.07,Weekday,Monday,Medium_Load,4.68,0.00
30/07/2018 07:30,3.06,Weekday,Monday,Light_Load,4.72,0.00
05/01/2018 19:45,55.62,Weekday,Friday,Maximum_Load,19.66,0.00
31/03/2018 11:45,2.92,Weekend,Saturday,Light_Load,0.00,5.08
15/12/2018 13:30,3.35,Weekend,Saturday,Light_Load,0.00,14.87
21/06/2018 15:30,44.50,Weekday,Thursday,Maximum_Load,15.41,0.00
19/10/2018 18:15,43.13,Weekday,Friday,Medium_Load,27.90,0.00
20/05/2018 06:45,3.67,Weekend,Sunday,Light_Load,6.16,0.00
03/09/2018 06:00,2.66,Weekday,Monday,Light_Load,4.28,0.00
14/01/2018 21:00,4.97,Weekend,Sunday,Medium_Load,0.00,26.96
27/06/2018 11:45,50.51,Weekday,Wednesday,Maximum_Load,39.49,0.00
23/09/2018 05:15,2.56,Weekend,Sunday,Light_Load,5.11,0.00
08/01/2018 16:45,136.98,Weekday,Monday,Medium_Load,53.93,0.00
30/04/2018 01:15,2.88,Weekday,Monday,Light_Load,4.39,0.00
18/05/2018 12:00,53.96,Weekday,Friday,Maximum_Load,40.43,0.00
31/01/2018 16:00,124.88,Weekday,Wednesday,Medium_Load,49.32,0.00
27/09/2018 12:45,3.49,Weekday,Thursday,Medium_Load,0.00,11.16
08/12/2018 04:30,3.35,Weekend,Saturday,Light_Load,2.77,0.00
22/10/2018 06:30,3.89,Weekday,Monday,Light_Load,6.77,0.00
04/02/2018 22:30,3.82,Weekend,Sunday,Light_Load,3.67,0.00
15/06/2018 01:15,3.17,Weekday,Friday,Light_Load,5.33,0.00
31/12/2018 11:30,3.82,Weekday,Monday,Light_Load,0.00,19.01
16/07/2018 18:00,31.21,Weekday,Monday,Medium_Load,0.18,7.06
19/08/2018 19:45,2.74,Weekend,Sunday,Light_Load,0.00,14.18
27/03/2018 03:00,3.78,Weekday,Tuesday,Light_Load,4.46,0.00
17/06/2018 04:45,2.84,Weekend,Sunday,Light_Load,4.03,0.00
19/12/2018 22:45,3.96,Weekday,Wednesday,Maximum_Load,2.95,0.36
04/11/2018 01:15,2.99,Weekend,Sunday,Light_Load,4.97,0.00
06/01/2018 03:00,4.21,Weekend,Saturday,Light_Load,5.62,0.00
30/04/2018 19:15,3.74,Weekday,Monday,Medium_Load,0.00,25.09
19/08/2018 00:45,2.59,Weekend,Sunday,Light_Load,4.18,0.00
25/02/2018 01:45,5.87,Weekend,Sunday,Light_Load,5.87,0.00
16/09/2018 00:00,2.74,Weekend,Sunday,Light_Load,4.97,0.00
09/11/2018 03:45,3.28,Weekday,Friday,Light_Load,5.22,0.00
16/12/2018 10:15,61.81,Weekend,Sunday,Maximum_Load,26.86,0.00
13/10/2018 05:15,2.81,Weekend,Saturday,Light_Load,4.28,0.00
29/12/2018 18:00,3.56,Weekend,Saturday,Light_Load,0.00,12.85
26/04/2018 22:00,4.00,Weekday,Thursday,Medium_Load,0.00,26.60
16/05/2018 02:15,3.82,Weekday,Wednesday,Light_Load,5.00,0.00
16/12/2018 06:45,3.64,Weekend,Sunday,Light_Load,3.02,0.00
08/08/2018 08:00,4.82,Weekday,Wednesday,Light_Load,7.70,0.00
28/05/2018 13:00,4.10,Weekday,Monday,Medium_Load,0.00,16.13
31/03/2018 12:15,3.02,Weekend,Saturday,Light_Load,0.00,13.07
29/12/2018 02:15,3.71,Weekend,Saturday,Light_Load,3.20,0.04
28/03/2018 19:15,39.49,Weekday,Wednesday,Medium_Load,7.09,0.40
26/06/2018 14:00,58.64,Weekday,Tuesday,Maximum_Load,30.10,0.00
24/04/2018 03:00,3.20,Weekday,Tuesday,Light_Load,4.36,0.00
01/02/2018 13:15,51.80,Weekday,Thursday,Medium_Load,12.35,4.03
04/05/2018 08:30,61.74,Weekday,Friday,Light_Load,58.25,0.00
16/10/2018 22:00,3.96,Weekday,Tuesday,Medium_Load,0.04,16.13
24/10/2018 17:45,52.92,Weekday,Wednesday,Medium_Load,29.92,0.00
26/12/2018 02:15,3.78,Weekday,Wednesday,Light_Load,3.53,0.00
10/02/2018 05:30,6.48,Weekend,Saturday,Light_Load,5.26,0.00
13/07/2018 04:00,2.88,Weekday,Friday,Light_Load,5.36,0.00
17/06/2018 09:30,2.99,Weekend,Sunday,Light_Load,0.00,16.99
10/12/2018 18:45,4.46,Weekday,Monday,Maximum_Load,0.00,21.92
25/04/2018 12:45,4.64,Weekday,Wednesday,Medium_Load,0.00,25.74
12/11/2018 01:45,2.84,Weekday,Monday,Light_Load,4.07,0.00
25/02/2018 17:15,4.32,Weekend,Sunday,Light_Load,0.00,16.27
01/06/2018 04:30,3.02,Weekday,Friday,Light_Load,5.80,0.00
14/01/2018 08:30,20.20,Weekend,Sunday,Light_Load,16.42,0.00
01/12/2018 09:15,28.58,Weekend,Saturday,Medium_Load,0.83,4.72
06/09/2018 12:15,5.80,Weekday,Thursday,Medium_Load,0.54,10.62
25/10/2018 15:30,47.38,Weekday,Thursday,Maximum_Load,23.65,0.00
04/05/2018 09:45,64.94,Weekday,Friday,Medium_Load,33.44,0.00
18/05/2018 06:30,3.64,Weekday,Friday,Light_Load,5.62,0.00
11/07/2018 16:30,49.93,Weekday,Wednesday,Maximum_Load,14.36,0.00
23/10/2018 14:00,55.76,Weekday,Tuesday,Maximum_Load,32.65,0.00
08/03/2018 22:15,5.40,Weekday,Thursday,Medium_Load,1.80,15.44
18/12/2018 10:15,63.04,Weekday,Tuesday,Maximum_Load,28.30,0.00
03/12/2018 13:30,51.95,Weekday,Monday,Medium_Load,24.08,0.00
25/09/2018 04:30,2.59,Weekday,Tuesday,Light_Load,5.76,0.00
12/11/2018 14:30,59.29,Weekday,Monday,Medium_Load,34.20,0.00
29/09/2018 02:15,2.52,Weekend,Saturday,Light_Load,4.10,0.00
24/12/2018 10:45,54.86,Weekday,Monday,Maximum_Load,20.30,0.00
29/08/2018 19:00,40.68,Weekday,Wednesday,Medium_Load,22.39,0.00
13/11/2018 17:45,39.38,Weekday,Tuesday,Maximum_Load,5.94,0.25
14/07/2018 05:15,2.74,Weekend,Saturday,Light_Load,5.04,0.00
27/03/2018 04:00,3.10,Weekday,Tuesday,Light_Load,3.71,0.00
01/01/2018 01:45,3.60,Weekday,Monday,Light_Load,4.14,0.00
16/07/2018 02:45,3.42,Weekday,Monday,Light_Load,0.00,5.00
09/12/2018 17:15,3.49,Weekend,Sunday,Light_Load,0.00,15.55
11/10/2018 12:00,110.52,Weekday,Thursday,Maximum_Load,60.98,0.00
24/03/2018 03:30,3.71,Weekend,Saturday,Light_Load,4.28,0.00
10/08/2018 15:45,131.00,Weekday,Friday,Maximum_Load,62.42,0.00
01/12/2018 21:30,4.79,Weekend,Saturday,Medium_Load,0.00,20.70
03/06/2018 13:30,2.99,Weekend,Sunday,Light_Load,0.00,16.81
12/01/2018 14:45,116.89,Weekday,Friday,Medium_Load,48.10,0.00
22/04/2018 05:00,3.46,Weekend,Sunday,Light_Load,4.68,0.00
16/01/2018 16:00,76.14,Weekday,Tuesday,Medium_Load,30.60,0.00
28/11/2018 16:45,83.30,Weekday,Wednesday,Medium_Load,39.92,0.00
07/11/2018 16:45,68.40,Weekday,Wednesday,Medium_Load,42.30,0.00
01/03/2018 17:15,12.38,Weekday,Thursday,Medium_Load,0.00,17.50
28/02/2018 10:45,75.13,Weekday,Wednesday,Maximum_Load,28.80,0.00
23/05/2018 17:30,66.74,Weekday,Wednesday,Medium_Load,37.12,0.00
31/07/2018 21:45,3.02,Weekday,Tuesday,Medium_Load,0.00,16.27
29/10/2018 13:30,89.46,Weekday,Monday,Maximum_Load,33.77,0.00
01/11/2018 06:45,3.17,Weekday,Thursday,Light_Load,3.82,0.00
06/02/2018 13:15,72.14,Weekday,Tuesday,Medium_Load,19.26,4.64
01/10/2018 13:00,5.62,Weekday,Monday,Medium_Load,0.00,17.46
16/08/2018 06:00,2.70,Weekday,Thursday,Light_Load,5.62,0.00
10/06/2018 01:00,2.77,Weekend,Sunday,Light_Load,4.64,0.00
16/10/2018 07:30,3.20,Weekday,Tuesday,Light_Load,5.58,0.00
23/10/2018 03:15,3.38,Weekday,Tuesday,Light_Load,6.01,0.00
16/02/2018 13:00,3.42,Weekday,Friday,Light_Load,0.00,16.92
01/11/2018 03:15,3.31,Weekday,Thursday,Light_Load,4.21,0.00
22/04/2018 18:00,4.10,Weekend,Sunday,Medium_Load,0.00,17.03
08/08/2018 06:15,3.74,Weekday,Wednesday,Light_Load,6.66,0.00
19/02/2018 11:45,89.32,Weekday,Monday,Maximum_Load,40.32,0.00
12/12/2018 23:15,4.14,Weekday,Wednesday,Light_Load,2.88,0.32
21/06/2018 02:45,2.92,Weekday,Thursday,Light_Load,4.90,0.00
05/06/2018 01:15,3.53,Weekday,Tuesday,Light_Load,4.90,0.00
02/08/2018 15:45,3.10,Weekday,Thursday,Light_Load,0.00,16.70
04/08/2018 22:30,2.74,Weekend,Saturday,Light_Load,5.04,0.00
23/01/2018 02:00,28.73,Weekday,Tuesday,Light_Load,22.90,0.00
05/01/2018 20:30,55.15,Weekday,Friday,Medium_Load,11.52,0.07
03/10/2018 00:45,3.38,Weekday,Wednesday,Light_Load,7.31,0.00
04/06/2018 05:00,2.92,Weekday,Monday,Light_Load,5.40,0.00
18/06/2018 15:00,52.49,Weekday,Monday,Maximum_Load,19.73,0.00
24/10/2018 21:15,3.82,Weekday,Wednesday,Medium_Load,0.00,17.10
01/08/2018 00:15,3.20,Weekday,Wednesday,Light_Load,4.54,0.00
04/02/2018 06:00,5.94,Weekend,Sunday,Light_Load,5.94,0.00
05/05/2018 20:00,3.67,Weekend,Saturday,Light_Load,0.00,20.52
04/07/2018 11:15,91.40,Weekday,Wednesday,Maximum_Load,49.64,0.00
25/07/2018 10:30,48.96,Weekday,Wednesday,Maximum_Load,13.54,0.00
30/03/2018 14:30,64.40,Weekday,Friday,Maximum_Load,31.43,0.00
24/01/2018 08:15,55.30,Weekday,Wednesday,Light_Load,40.03,0.00
27/08/2018 14:00,41.76,Weekday,Monday,Maximum_Load,16.34,0.00
29/12/2018 19:30,3.35,Weekend,Saturday,Light_Load,0.00,14.00
14/01/2018 02:00,4.64,Weekend,Sunday,Light_Load,4.79,0.00
04/01/2018 23:15,4.64,Weekday,Thursday,Light_Load,5.18,0.00
22/07/2018 20:00,3.02,Weekend,Sunday,Light_Load,0.00,16.74
05/09/2018 05:45,2.56,Weekday,Wednesday,Light_Load,5.11,0.00
12/01/2018 13:15,107.10,Weekday,Friday,Medium_Load,43.38,3.82
25/06/2018 06:00,2.95,Weekday,Monday,Light_Load,4.61,0.00
25/07/2018 03:00,2.95,Weekday,Wednesday,Light_Load,4.32,0.00
08/06/2018 11:45,48.38,Weekday,Friday,Maximum_Load,40.21,0.00
12/04/2018 15:45,77.15,Weekday,Thursday,Maximum_Load,42.88,0.00
03/02/2018 05:30,5.94,Weekend,Saturday,Light_Load,4.97,0.00
07/07/2018 07:30,3.85,Weekend,Saturday,Light_Load,4.93,0.00
21/11/2018 16:15,70.60,Weekday,Wednesday,Medium_Load,26.10,0.00
12/03/2018 19:30,36.86,Weekday,Monday,Medium_Load,4.32,0.00
06/03/2018 23:30,4.82,Weekday,Tuesday,Light_Load,3.85,0.00
11/11/2018 09:30,3.53,Weekend,Sunday,Light_Load,0.00,17.06
18/01/2018 12:30,7.81,Weekday,Thursday,Medium_Load,0.00,26.06
11/03/2018 00:45,3.74,Weekend,Sunday,Light_Load,3.96,0.00
19/10/2018 16:45,56.66,Weekday,Friday,Maximum_Load,36.40,0.00
20/10/2018 07:30,2.88,Weekend,Saturday,Light_Load,4.75,0.00
24/04/2018 19:45,57.10,Weekday,Tuesday,Medium_Load,14.00,0.00
04/12/2018 20:15,48.89,Weekday,Tuesday,Medium_Load,17.60,0.00
15/11/2018 10:30,88.42,Weekday,Thursday,Maximum_Load,36.14,0.00
23/06/2018 09:00,41.18,Weekend,Saturday,Light_Load,16.42,0.36
20/03/2018 11:45,63.86,Weekday,Tuesday,Maximum_Load,45.43,0.00
26/10/2018 07:30,3.28,Weekday,Friday,Light_Load,4.97,0.00
05/07/2018 20:15,65.23,Weekday,Thursday,Medium_Load,27.97,0.00
17/05/2018 11:30,113.15,Weekday,Thursday,Maximum_Load,69.91,0.00
12/06/2018 01:00,4.10,Weekday,Tuesday,Light_Load,6.37,0.00
02/11/2018 04:15,3.10,Weekday,Friday,Light_Load,5.69,0.00
12/03/2018 10:15,52.99,Weekday,Monday,Maximum_Load,8.86,0.18
21/08/2018 05:15,2.77,Weekday,Tuesday,Light_Load,5.15,0.00
26/06/2018 06:45,2.63,Weekday,Tuesday,Light_Load,3.71,0.00
09/12/2018 02:45,3.35,Weekend,Sunday,Light_Load,2.48,0.04
31/03/2018 00:00,2.70,Weekend,Saturday,Light_Load,3.56,0.00
18/03/2018 01:30,3.06,Weekend,Sunday,Light_Load,3.38,0.00
10/05/2018 11:45,54.00,Weekday,Thursday,Maximum_Load,38.92,0.00
17/12/2018 02:45,4.32,Weekday,Monday,Light_Load,4.07,0.00
23/08/2018 05:30,3.17,Weekday,Thursday,Light_Load,5.98,0.00
19/11/2018 00:45,3.49,Weekday,Monday,Light_Load,6.08,0.00
05/05/2018 06:15,2.88,Weekend,Saturday,Light_Load,4.03,0.00
22/03/2018 15:15,104.76,Weekday,Thursday,Maximum_Load,36.22,0.00
09/01/2018 19:15,103.68,Weekday,Tuesday,Maximum_Load,33.34,0.00
03/08/2018 05:15,2.92,Weekday,Friday,Light_Load,6.16,0.00
12/12/2018 07:00,3.96,Weekday,Wednesday,Light_Load,3.31,0.04
10/06/2018 17:00,3.20,Weekend,Sunday,Light_Load,0.00,17.06
25/06/2018 03:00,2.84,Weekday,Monday,Light_Load,4.64,0.00
12/09/2018 13:00,5.11,Weekday,Wednesday,Medium_Load,0.00,17.14
17/02/2018 19:30,3.38,Weekend,Saturday,Light_Load,0.00,17.35
24/09/2018 10:00,3.24,Weekday,Monday,Light_Load,0.00,14.87
25/02/2018 02:15,5.90,Weekend,Sunday,Light_Load,6.23,0.00
12/05/2018 02:45,3.02,Weekend,Saturday,Light_Load,3.85,0.00
30/09/2018 11:15,2.70,Weekend,Sunday,Light_Load,0.00,11.88
23/05/2018 16:00,124.13,Weekday,Wednesday,Maximum_Load,57.46,0.00
05/01/2018 11:45,130.03,Weekday,Friday,Maximum_Load,63.79,0.00
14/01/2018 20:45,4.93,Weekend,Sunday,Medium_Load,0.00,27.04
20/12/2018 22:30,3.85,Weekday,Thursday,Maximum_Load,3.02,0.25
28/03/2018 16:45,54.58,Weekday,Wednesday,Maximum_Load,22.50,0.00
12/03/2018 04:15,3.24,Weekday,Monday,Light_Load,3.53,0.00
05/05/2018 13:00,3.64,Weekend,Saturday,Light_Load,0.00,18.68
12/04/2018 20:45,35.78,Weekday,Thursday,Medium_Load,0.94,1.76
27/11/2018 00:15,4.72,Weekday,Tuesday,Light_Load,3.89,0.00
07/05/2018 18:15,69.30,Weekday,Monday,Medium_Load,37.62,0.00
23/10/2018 22:15,62.50,Weekday,Tuesday,Medium_Load,42.70,0.00
27/09/2018 15:15,110.05,Weekday,Thursday,Maximum_Load,61.06,0.00
13/04/2018 04:30,4.25,Weekday,Friday,Light_Load,6.62,0.00
13/06/2018 17:15,3.06,Weekday,Wednesday,Medium_Load,0.00,16.78
05/10/2018 14:00,54.22,Weekday,Friday,Maximum_Load,28.62,0.00
05/05/2018 10:45,3.85,Weekend,Saturday,Light_Load,0.00,26.17
29/11/2018 23:15,4.03,Weekday,Thursday,Light_Load,4.61,0.00
26/10/2018 03:00,2.88,Weekday,Friday,Light_Load,4.54,0.00
11/05/2018 22:45,3.60,Weekday,Friday,Medium_Load,3.82,0.00
06/12/2018 08:15,32.29,Weekday,Thursday,Light_Load,24.19,0.00
31/08/2018 11:30,60.01,Weekday,Friday,Maximum_Load,44.78,0.00
19/01/2018 18:30,124.63,Weekday,Friday,Maximum_Load,67.07,0.00
23/02/2018 09:15,106.16,Weekday,Friday,Medium_Load,45.76,0.00
08/03/2018 23:00,4.93,Weekday,Thursday,Medium_Load,3.56,0.00
07/09/2018 22:15,3.89,Weekday,Friday,Medium_Load,6.55,0.11
10/08/2018 08:45,55.73,Weekday,Friday,Light_Load,51.48,0.00
22/10/2018 05:00,2.88,Weekday,Monday,Light_Load,5.51,0.00
06/04/2018 08:00,3.85,Weekday,Friday,Light_Load,3.85,0.00
12/03/2018 21:00,28.37,Weekday,Monday,Medium_Load,2.16,7.52
23/10/2018 13:45,96.41,Weekday,Tuesday,Maximum_Load,62.96,0.00
22/07/2018 13:15,2.84,Weekend,Sunday,Light_Load,0.00,7.52
18/08/2018 13:45,46.55,Weekend,Saturday,Maximum_Load,17.82,0.00
23/09/2018 10:45,2.77,Weekend,Sunday,Light_Load,0.00,11.23
01/02/2018 23:00,105.37,Weekday,Thursday,Maximum_Load,56.70,0.00
29/04/2018 15:00,3.17,Weekend,Sunday,Light_Load,0.00,16.38
16/08/2018 14:45,43.85,Weekday,Thursday,Maximum_Load,20.88,0.00
11/03/2018 14:00,30.85,Weekend,Sunday,Maximum_Load,1.15,1.66
26/07/2018 02:15,3.56,Weekday,Thursday,Light_Load,4.64,0.00
01/01/2018 19:00,4.07,Weekday,Monday,Light_Load,0.00,22.57
04/01/2018 06:15,4.61,Weekday,Thursday,Light_Load,4.64,0.00
09/10/2018 20:00,3.64,Weekday,Tuesday,Medium_Load,0.00,18.22
06/08/2018 15:45,50.94,Weekday,Monday,Maximum_Load,15.70,0.00
08/01/2018 15:30,111.02,Weekday,Monday,Medium_Load,44.14,0.00
08/08/2018 21:15,7.16,Weekday,Wednesday,Medium_Load,0.00,20.52
09/05/2018 15:15,63.36,Weekday,Wednesday,Maximum_Load,32.98,0.00
19/06/2018 10:00,39.53,Weekday,Tuesday,Medium_Load,7.78,0.32
04/11/2018 03:15,2.95,Weekend,Sunday,Light_Load,5.15,0.00
18/01/2018 18:00,36.97,Weekday,Thursday,Maximum_Load,0.25,6.84
22/01/2018 03:30,4.54,Weekday,Monday,Light_Load,4.36,0.00
25/06/2018 16:45,57.06,Weekday,Monday,Maximum_Load,26.21,0.00
25/01/2018 14:45,76.18,Weekday,Thursday,Medium_Load,31.28,0.00
25/07/2018 05:00,3.13,Weekday,Wednesday,Light_Load,4.39,0.00
09/02/2018 23:00,57.13,Weekday,Friday,Maximum_Load,36.94,0.00
16/09/2018 04:15,2.74,Weekend,Sunday,Light_Load,5.29,0.00
23/06/2018 08:30,41.98,Weekend,Saturday,Light_Load,39.89,0.00
15/11/2018 13:15,54.00,Weekday,Thursday,Medium_Load,19.08,5.62
19/07/2018 02:45,3.02,Weekday,Thursday,Light_Load,0.00,4.57
19/04/2018 15:15,54.65,Weekday,Thursday,Maximum_Load,25.20,0.00
24/12/2018 13:30,46.98,Weekday,Monday,Medium_Load,11.23,0.18
30/06/2018 21:45,3.28,Weekend,Saturday,Medium_Load,0.00,16.34
04/06/2018 15:00,54.04,Weekday,Monday,Maximum_Load,22.28,0.00
29/09/2018 13:45,47.48,Weekend,Saturday,Maximum_Load,18.72,0.00
29/01/2018 17:45,68.62,Weekday,Monday,Maximum_Load,7.45,0.65
30/10/2018 09:45,66.02,Weekday,Tuesday,Medium_Load,36.22,0.00
27/04/2018 13:15,33.77,Weekday,Friday,Maximum_Load,7.99,7.27
22/11/2018 14:00,83.63,Weekday,Thursday,Medium_Load,43.09,0.00
04/06/2018 07:30,3.42,Weekday,Monday,Light_Load,5.04,0.00
17/01/2018 13:15,66.60,Weekday,Wednesday,Medium_Load,28.87,3.60
15/11/2018 20:30,46.04,Weekday,Thursday,Medium_Load,19.08,0.00
12/06/2018 19:15,63.04,Weekday,Tuesday,Medium_Load,30.24,0.00
02/08/2018 10:45,3.64,Weekday,Thursday,Light_Load,0.00,22.32
15/05/2018 12:30,4.93,Weekday,Tuesday,Medium_Load,0.00,25.99
25/06/2018 13:00,5.58,Weekday,Monday,Medium_Load,0.00,26.17
01/11/2018 00:30,3.96,Weekday,Thursday,Light_Load,5.76,0.00
11/04/2018 12:00,64.15,Weekday,Wednesday,Maximum_Load,50.15,0.00
04/10/2018 03:30,2.77,Weekday,Thursday,Light_Load,5.47,0.00
05/03/2018 00:30,3.06,Weekday,Monday,Light_Load,3.78,0.00
18/12/2018 07:45,5.58,Weekday,Tuesday,Light_Load,2.84,0.29
08/09/2018 06:15,3.13,Weekend,Saturday,Light_Load,5.54,0.00
08/02/2018 22:00,56.48,Weekday,Thursday,Medium_Load,6.55,2.23
26/11/2018 02:15,3.13,Weekday,Monday,Light_Load,3.17,0.00
25/06/2018 10:45,90.07,Weekday,Monday,Maximum_Load,38.05,0.00
11/01/2018 18:30,132.77,Weekday,Thursday,Maximum_Load,70.99,0.00
10/11/2018 21:15,3.74,Weekend,Saturday,Medium_Load,0.00,18.14
02/05/2018 03:00,2.99,Weekday,Wednesday,Light_Load,4.50,0.00
03/07/2018 02:45,2.84,Weekday,Tuesday,Light_Load,4.21,0.00
11/10/2018 07:00,2.88,Weekday,Thursday,Light_Load,5.69,0.00
10/01/2018 00:45,4.61,Weekday,Wednesday,Light_Load,4.61,0.00
23/09/2018 02:00,2.52,Weekend,Sunday,Light_Load,5.22,0.00
26/03/2018 17:15,50.29,Weekday,Monday,Medium_Load,20.56,0.00
31/07/2018 20:15,2.92,Weekday,Tuesday,Medium_Load,0.00,16.78
18/01/2018 16:45,106.16,Weekday,Thursday,Medium_Load,35.60,0.00
25/04/2018 01:30,3.60,Weekday,Wednesday,Light_Load,3.20,0.00
12/03/2018 17:15,76.79,Weekday,Monday,Medium_Load,23.98,0.00
10/11/2018 20:00,3.71,Weekend,Saturday,Maximum_Load,0.00,18.07
28/06/2018 08:45,36.43,Weekday,Thursday,Light_Load,34.85,0.00
29/07/2018 16:45,32.72,Weekend,Sunday,Maximum_Load,2.16,1.84
19/04/2018 13:30,61.99,Weekday,Thursday,Maximum_Load,29.34,0.00
06/08/2018 09:15,109.22,Weekday,Monday,Medium_Load,50.65,0.00
18/07/2018 01:00,2.70,Weekday,Wednesday,Light_Load,0.00,5.40
24/01/2018 22:15,39.20,Weekday,Wednesday,Maximum_Load,11.20,0.36
19/06/2018 22:45,3.74,Weekday,Tuesday,Medium_Load,5.47,0.00
04/06/2018 12:15,5.29,Weekday,Monday,Medium_Load,0.04,19.04
12/12/2018 17:15,60.70,Weekday,Wednesday,Maximum_Load,27.11,0.00
24/01/2018 19:45,31.50,Weekday,Wednesday,Maximum_Load,0.00,7.99
30/04/2018 12:30,5.15,Weekday,Monday,Medium_Load,0.00,27.07
06/05/2018 17:15,3.17,Weekend,Sunday,Light_Load,0.00,16.99
26/10/2018 18:30,51.77,Weekday,Friday,Medium_Load,33.08,0.00
13/02/2018 19:00,79.85,Weekday,Tuesday,Maximum_Load,9.18,1.84
16/11/2018 17:30,59.62,Weekday,Friday,Maximum_Load,32.94,0.00
25/02/2018 16:30,4.21,Weekend,Sunday,Light_Load,0.00,16.74
20/01/2018 01:30,72.07,Weekend,Saturday,Light_Load,37.01,0.00
19/10/2018 22:00,74.84,Weekday,Friday,Medium_Load,23.87,0.00
16/01/2018 19:15,96.16,Weekday,Tuesday,Maximum_Load,50.26,0.00
15/01/2018 21:00,46.33,Weekday,Monday,Medium_Load,8.78,2.88
13/10/2018 03:30,2.81,Weekend,Saturday,Light_Load,4.32,0.00
16/06/2018 08:00,6.55,Weekend,Saturday,Light_Load,8.64,0.00
04/08/2018 20:30,2.92,Weekend,Saturday,Light_Load,0.00,16.92
02/11/2018 11:45,66.06,Weekday,Friday,Maximum_Load,31.54,0.00
05/04/2018 03:30,3.06,Weekday,Thursday,Light_Load,3.64,0.00
26/10/2018 15:15,67.61,Weekday,Friday,Maximum_Load,41.58,0.00
08/06/2018 02:45,2.84,Weekday,Friday,Light_Load,5.62,0.00
30/08/2018 17:15,42.48,Weekday,Thursday,Medium_Load,10.87,0.00
03/02/2018 06:30,4.10,Weekend,Saturday,Light_Load,3.82,0.00
24/06/2018 06:45,2.56,Weekend,Sunday,Light_Load,3.67,0.00
14/05/2018 13:30,54.00,Weekday,Monday,Maximum_Load,30.67,0.00
29/08/2018 17:00,52.88,Weekday,Wednesday,Maximum_Load,29.09,0.00
10/10/2018 20:15,100.73,Weekday,Wednesday,Medium_Load,36.83,0.00
23/06/2018 18:30,3.24,Weekend,Saturday,Medium_Load,0.00,7.13
12/07/2018 22:30,3.71,Weekday,Thursday,Medium_Load,4.68,0.00
02/06/2018 17:30,3.67,Weekend,Saturday,Light_Load,0.00,18.50
05/02/2018 20:30,72.90,Weekday,Monday,Medium_Load,8.50,0.36
10/09/2018 22:30,2.66,Weekday,Monday,Medium_Load,5.62,0.00
02/01/2018 08:00,6.73,Weekday,Tuesday,Light_Load,4.54,0.00
14/10/2018 07:30,2.66,Weekend,Sunday,Light_Load,4.75,0.00
17/06/2018 09:00,3.49,Weekend,Sunday,Light_Load,0.61,13.32
19/07/2018 21:30,40.28,Weekday,Thursday,Medium_Load,4.43,0.07
10/12/2018 18:00,24.73,Weekday,Monday,Maximum_Load,1.66,4.18
24/06/2018 08:15,21.56,Weekend,Sunday,Light_Load,21.28,0.00
14/11/2018 14:45,87.26,Weekday,Wednesday,Medium_Load,45.32,0.00
27/01/2018 16:30,21.82,Weekend,Saturday,Medium_Load,0.18,12.92
09/01/2018 13:30,136.69,Weekday,Tuesday,Medium_Load,50.94,0.00
02/02/2018 14:15,46.15,Weekday,Friday,Medium_Load,9.86,0.00
10/03/2018 16:45,35.93,Weekend,Saturday,Maximum_Load,2.09,1.12
09/02/2018 13:45,66.28,Weekday,Friday,Medium_Load,28.19,0.00
11/12/2018 17:00,70.27,Weekday,Tuesday,Medium_Load,36.25,0.00
12/03/2018 12:30,34.38,Weekday,Monday,Medium_Load,1.22,0.72
15/08/2018 05:00,2.63,Weekday,Wednesday,Light_Load,4.39,0.00
05/12/2018 05:30,3.10,Weekday,Wednesday,Light_Load,1.84,0.43
11/11/2018 07:15,2.84,Weekend,Sunday,Light_Load,4.50,0.00
18/09/2018 06:45,2.88,Weekday,Tuesday,Light_Load,5.36,0.00
01/02/2018 01:15,76.64,Weekday,Thursday,Light_Load,41.54,0.00
28/06/2018 04:00,2.92,Weekday,Thursday,Light_Load,4.61,0.00
01/04/2018 02:45,2.77,Weekend,Sunday,Light_Load,4.00,0.00
30/08/2018 13:30,47.23,Weekday,Thursday,Maximum_Load,30.24,0.00
28/03/2018 06:30,2.99,Weekday,Wednesday,Light_Load,3.35,0.00
28/01/2018 21:45,5.44,Weekend,Sunday,Medium_Load,0.00,26.96
07/08/2018 10:30,83.41,Weekday,Tuesday,Maximum_Load,36.22,0.00
09/07/2018 23:15,3.35,Weekday,Monday,Light_Load,3.92,0.00
02/02/2018 11:00,63.94,Weekday,Friday,Maximum_Load,19.37,0.00
03/04/2018 10:00,87.41,Weekday,Tuesday,Medium_Load,27.43,0.00
28/11/2018 05:15,22.46,Weekday,Wednesday,Light_Load,15.37,0.00
19/08/2018 03:30,2.74,Weekend,Sunday,Light_Load,4.93,0.00
29/06/2018 20:30,37.91,Weekday,Friday,Medium_Load,8.60,0.04
30/12/2018 08:45,3.17,Weekend,Sunday,Light_Load,1.26,3.17
01/02/2018 20:15,80.21,Weekday,Thursday,Medium_Load,22.86,0.00
23/12/2018 10:45,3.71,Weekend,Sunday,Light_Load,0.00,13.46
17/01/2018 05:00,4.68,Weekday,Wednesday,Light_Load,4.46,0.00
05/06/2018 12:45,4.93,Weekday,Tuesday,Medium_Load,0.00,24.84
10/06/2018 00:45,2.88,Weekend,Sunday,Light_Load,5.08,0.00
02/11/2018 12:45,5.94,Weekday,Friday,Medium_Load,0.00,16.31
06/11/2018 15:45,49.97,Weekday,Tuesday,Medium_Load,26.39,0.00
30/01/2018 17:00,76.64,Weekday,Tuesday,Medium_Load,33.62,0.00
23/08/2018 21:15,6.55,Weekday,Thursday,Medium_Load,0.00,16.52
24/04/2018 05:00,3.17,Weekday,Tuesday,Light_Load,4.00,0.00
25/07/2018 16:45,98.93,Weekday,Wednesday,Maximum_Load,37.22,0.00
18/06/2018 06:30,2.70,Weekday,Monday,Light_Load,3.67,0.00
30/08/2018 08:45,47.30,Weekday,Thursday,Light_Load,50.87,0.00
05/02/2018 06:45,4.86,Weekday,Monday,Light_Load,4.86,0.00
27/11/2018 22:45,24.88,Weekday,Tuesday,Maximum_Load,15.66,0.00
04/12/2018 01:30,5.80,Weekday,Tuesday,Light_Load,4.93,0.00
24/08/2018 21:45,3.78,Weekday,Friday,Medium_Load,0.00,13.03
08/09/2018 12:45,3.31,Weekend,Saturday,Medium_Load,0.00,11.09
01/02/2018 18:00,43.60,Weekday,Thursday,Maximum_Load,5.76,0.72
15/05/2018 11:15,55.08,Weekday,Tuesday,Maximum_Load,43.24,0.00
12/05/2018 10:45,22.97,Weekend,Saturday,Maximum_Load,0.00,13.54
18/03/2018 23:15,3.02,Weekend,Sunday,Light_Load,3.20,0.00
18/07/2018 15:00,56.99,Weekday,Wednesday,Maximum_Load,27.90,0.00
04/11/2018 11:45,93.31,Weekend,Sunday,Maximum_Load,26.42,0.00
06/12/2018 01:30,4.00,Weekday,Thursday,Light_Load,3.85,0.04
18/09/2018 22:15,3.31,Weekday,Tuesday,Medium_Load,6.23,0.07
11/03/2018 05:45,3.17,Weekend,Sunday,Light_Load,3.02,0.00
08/03/2018 07:45,5.76,Weekday,Thursday,Light_Load,2.77,0.04
31/10/2018 00:15,3.64,Weekday,Wednesday,Light_Load,6.08,0.00
12/10/2018 06:00,3.60,Weekday,Friday,Light_Load,6.91,0.00
20/07/2018 11:15,61.70,Weekday,Friday,Maximum_Load,57.17,0.00
27/09/2018 17:45,34.81,Weekday,Thursday,Medium_Load,7.38,0.29
06/10/2018 05:15,2.92,Weekend,Saturday,Light_Load,5.51,0.00
30/10/2018 03:15,2.99,Weekday,Tuesday,Light_Load,4.32,0.00
25/08/2018 22:00,2.95,Weekend,Saturday,Light_Load,0.00,12.78
17/06/2018 18:15,3.42,Weekend,Sunday,Light_Load,0.00,9.07
26/01/2018 10:45,123.84,Weekday,Friday,Maximum_Load,52.06,0.00
22/07/2018 18:00,3.06,Weekend,Sunday,Light_Load,0.00,16.24
15/06/2018 09:00,48.56,Weekday,Friday,Light_Load,29.88,0.00
15/07/2018 10:15,108.47,Weekend,Sunday,Maximum_Load,52.56,0.00
10/07/2018 18:45,86.18,Weekday,Tuesday,Medium_Load,36.94,0.00
14/07/2018 03:15,2.77,Weekend,Saturday,Light_Load,4.79,0.00
31/08/2018 08:45,58.03,Weekday,Friday,Light_Load,63.86,0.00
16/11/2018 18:00,32.08,Weekday,Friday,Maximum_Load,11.81,0.00
28/07/2018 17:00,22.82,Weekend,Saturday,Maximum_Load,0.00,11.30
28/04/2018 23:45,2.59,Weekend,Saturday,Light_Load,3.17,0.00
08/07/2018 00:15,3.35,Weekend,Sunday,Light_Load,4.18,0.00
23/12/2018 10:00,3.64,Weekend,Sunday,Light_Load,0.00,13.68
27/07/2018 10:45,56.95,Weekday,Friday,Maximum_Load,21.31,0.00
04/08/2018 06:30,2.81,Weekend,Saturday,Light_Load,6.23,0.00
20/01/2018 16:30,42.08,Weekend,Saturday,Medium_Load,3.24,2.16
28/03/2018 23:45,3.60,Weekday,Wednesday,Light_Load,4.79,0.00
11/11/2018 21:45,2.95,Weekend,Sunday,Light_Load,0.00,12.53
26/05/2018 16:15,41.72,Weekend,Saturday,Maximum_Load,14.15,0.00
20/10/2018 06:00,3.56,Weekend,Saturday,Light_Load,6.91,0.00
21/12/2018 15:45,65.48,Weekday,Friday,Medium_Load,31.43,0.00
09/09/2018 14:00,29.48,Weekend,Sunday,Maximum_Load,8.42,0.00
28/02/2018 22:30,5.40,Weekday,Wednesday,Maximum_Load,6.12,0.00
03/05/2018 07:45,3.74,Weekday,Thursday,Light_Load,4.64,0.00
01/06/2018 02:30,3.02,Weekday,Friday,Light_Load,5.62,0.00
12/04/2018 04:15,3.13,Weekday,Thursday,Light_Load,4.50,0.00
17/03/2018 01:15,3.71,Weekend,Saturday,Light_Load,4.28,0.00
07/06/2018 00:30,2.99,Weekday,Thursday,Light_Load,5.76,0.00
12/03/2018 23:30,4.46,Weekday,Monday,Light_Load,6.05,0.00
26/07/2018 22:00,3.64,Weekday,Thursday,Medium_Load,0.00,16.02
28/12/2018 08:45,57.74,Weekday,Friday,Light_Load,36.90,0.00
09/05/2018 21:15,5.44,Weekday,Wednesday,Medium_Load,0.00,26.57
03/05/2018 23:45,3.60,Weekday,Thursday,Light_Load,3.46,0.00
05/08/2018 00:00,2.63,Weekend,Sunday,Light_Load,4.54,0.00
17/05/2018 02:15,3.13,Weekday,Thursday,Light_Load,4.93,0.00
04/06/2018 00:15,2.84,Weekday,Monday,Light_Load,5.04,0.00
03/11/2018 18:15,4.03,Weekend,Saturday,Maximum_Load,0.00,7.81
02/07/2018 09:00,48.31,Weekday,Monday,Light_Load,30.20,0.00
23/11/2018 18:15,54.61,Weekday,Friday,Maximum_Load,29.20,0.00
08/12/2018 23:00,4.75,Weekend,Saturday,Maximum_Load,3.71,0.00
25/05/2018 11:15,56.38,Weekday,Friday,Maximum_Load,44.57,0.00
29/04/2018 13:00,3.13,Weekend,Sunday,Light_Load,0.00,16.52
30/05/2018 13:45,45.47,Weekday,Wednesday,Maximum_Load,8.21,0.07
21/05/2018 09:00,66.60,Weekday,Monday,Light_Load,40.39,0.00
27/12/2018 10:30,45.83,Weekday,Thursday,Maximum_Load,12.28,0.00
10/05/2018 01:00,3.64,Weekday,Thursday,Light_Load,3.46,0.00
03/01/2018 06:15,4.64,Weekday,Wednesday,Light_Load,4.61,0.00
24/03/2018 11:30,32.72,Weekend,Saturday,Maximum_Load,14.22,0.00
26/11/2018 04:30,3.24,Weekday,Monday,Light_Load,2.92,0.00
20/01/2018 16:15,49.18,Weekend,Saturday,Medium_Load,9.90,0.00
13/04/2018 00:15,4.07,Weekday,Friday,Light_Load,6.37,0.00
07/08/2018 20:30,50.29,Weekday,Tuesday,Medium_Load,19.58,0.00
09/05/2018 06:00,3.13,Weekday,Wednesday,Light_Load,4.54,0.00
11/04/2018 23:30,3.56,Weekday,Wednesday,Light_Load,4.97,0.00
23/12/2018 22:15,3.20,Weekend,Sunday,Light_Load,1.73,0.72
07/06/2018 07:45,3.24,Weekday,Thursday,Light_Load,5.33,0.00
20/12/2018 16:45,57.56,Weekday,Thursday,Medium_Load,25.09,0.00
13/04/2018 05:00,3.46,Weekday,Friday,Light_Load,4.36,0.00
18/01/2018 07:15,33.16,Weekday,Thursday,Light_Load,24.98,0.00
02/03/2018 19:15,33.12,Weekday,Friday,Medium_Load,0.47,4.28
14/09/2018 14:30,60.98,Weekday,Friday,Maximum_Load,37.87,0.00
26/11/2018 14:30,88.63,Weekday,Monday,Medium_Load,48.24,0.00
22/08/2018 21:00,2.92,Weekday,Wednesday,Medium_Load,0.00,13.57
13/11/2018 01:45,3.67,Weekday,Tuesday,Light_Load,6.34,0.00
14/12/2018 00:00,4.10,Weekday,Friday,Light_Load,3.46,0.07
22/06/2018 21:15,5.83,Weekday,Friday,Medium_Load,0.00,20.20
30/07/2018 23:30,2.74,Weekday,Monday,Light_Load,4.79,0.00
28/12/2018 23:30,4.86,Weekday,Friday,Light_Load,2.81,0.00
05/09/2018 11:45,66.17,Weekday,Wednesday,Maximum_Load,49.86,0.00
21/10/2018 12:30,3.02,Weekend,Sunday,Light_Load,0.00,10.91
27/09/2018 12:00,54.00,Weekday,Thursday,Maximum_Load,35.50,0.00
21/04/2018 04:30,2.95,Weekend,Saturday,Light_Load,3.53,0.00
07/04/2018 05:45,3.20,Weekend,Saturday,Light_Load,5.44,0.00
30/12/2018 06:00,3.10,Weekend,Sunday,Light_Load,2.48,0.00
12/06/2018 21:30,3.96,Weekday,Tuesday,Medium_Load,0.00,16.92
26/01/2018 01:45,41.80,Weekday,Friday,Light_Load,31.82,0.00
01/07/2018 05:00,2.84,Weekend,Sunday,Light_Load,3.71,0.00
26/11/2018 08:00,5.58,Weekday,Monday,Light_Load,2.74,0.25
28/12/2018 06:45,3.06,Weekday,Friday,Light_Load,1.91,0.32
23/04/2018 15:45,46.80,Weekday,Monday,Maximum_Load,9.11,0.00
20/03/2018 09:15,65.84,Weekday,Tuesday,Medium_Load,25.13,0.00
17/12/2018 10:30,49.54,Weekday,Monday,Maximum_Load,15.16,0.00
10/10/2018 23:15,4.39,Weekday,Wednesday,Light_Load,7.85,0.00
06/09/2018 04:45,3.60,Weekday,Thursday,Light_Load,7.49,0.00
30/11/2018 19:30,66.46,Weekday,Friday,Maximum_Load,31.07,0.00
25/11/2018 04:00,2.92,Weekend,Sunday,Light_Load,2.81,0.00
16/10/2018 14:30,56.74,Weekday,Tuesday,Maximum_Load,40.61,0.00
17/10/2018 23:45,3.56,Weekday,Wednesday,Light_Load,5.22,0.00
05/01/2018 06:15,4.61,Weekday,Friday,Light_Load,4.79,0.00
08/12/2018 16:30,49.54,Weekend,Saturday,Medium_Load,13.43,0.00
18/02/2018 06:45,3.82,Weekend,Sunday,Light_Load,4.82,0.00
17/06/2018 22:00,2.99,Weekend,Sunday,Light_Load,0.00,17.28
11/04/2018 08:15,53.96,Weekday,Wednesday,Light_Load,50.26,0.00
19/12/2018 03:00,4.14,Weekday,Wednesday,Light_Load,3.42,0.11
27/12/2018 12:30,6.62,Weekday,Thursday,Medium_Load,0.00,21.35
30/12/2018 05:00,3.17,Weekend,Sunday,Light_Load,2.59,0.00
06/07/2018 09:45,105.37,Weekday,Friday,Medium_Load,40.50,0.00
16/08/2018 23:45,2.74,Weekday,Thursday,Light_Load,5.22,0.00
22/10/2018 04:00,2.95,Weekday,Monday,Light_Load,5.72,0.00
24/03/2018 10:00,31.79,Weekend,Saturday,Medium_Load,0.00,4.79
21/05/2018 22:30,3.71,Weekday,Monday,Medium_Load,4.00,0.00
15/09/2018 01:15,2.81,Weekend,Saturday,Light_Load,5.47,0.00
09/09/2018 18:30,3.53,Weekend,Sunday,Medium_Load,0.00,7.78
31/05/2018 10:30,110.09,Weekday,Thursday,Maximum_Load,43.99,0.00
30/07/2018 00:45,2.74,Weekday,Monday,Light_Load,4.79,0.00
29/01/2018 11:00,71.14,Weekday,Monday,Maximum_Load,26.39,0.00
06/02/2018 13:00,8.24,Weekday,Tuesday,Medium_Load,0.00,26.06
09/06/2018 19:30,3.13,Weekend,Saturday,Light_Load,0.00,16.24
12/08/2018 22:15,2.99,Weekend,Sunday,Light_Load,1.12,3.74
09/08/2018 08:00,8.21,Weekday,Thursday,Light_Load,9.54,0.00
08/02/2018 12:30,9.22,Weekday,Thursday,Medium_Load,0.00,25.31
29/05/2018 18:00,8.28,Weekday,Tuesday,Medium_Load,0.00,23.36
08/12/2018 12:45,5.36,Weekend,Saturday,Medium_Load,0.00,20.02
14/04/2018 22:00,3.31,Weekend,Saturday,Medium_Load,0.00,17.53
11/08/2018 03:15,3.28,Weekend,Saturday,Light_Load,5.00,0.00
20/01/2018 12:00,55.91,Weekend,Saturday,Maximum_Load,30.53,0.00
17/07/2018 09:00,67.86,Weekday,Tuesday,Light_Load,59.08,0.00
14/02/2018 14:15,3.67,Weekday,Wednesday,Light_Load,0.00,22.57
17/09/2018 20:45,53.82,Weekday,Monday,Medium_Load,35.68,0.04
30/10/2018 15:00,59.76,Weekday,Tuesday,Maximum_Load,28.98,0.00
12/12/2018 07:30,4.32,Weekday,Wednesday,Light_Load,3.28,0.18
16/09/2018 06:45,3.17,Weekend,Sunday,Light_Load,6.08,0.00
05/12/2018 22:30,4.00,Weekday,Wednesday,Maximum_Load,4.25,0.00
10/06/2018 11:15,2.95,Weekend,Sunday,Light_Load,0.00,5.11
14/02/2018 03:30,5.15,Weekday,Wednesday,Light_Load,5.29,0.00
23/05/2018 19:45,43.49,Weekday,Wednesday,Medium_Load,9.04,0.11
09/04/2018 06:45,3.31,Weekday,Monday,Light_Load,4.07,0.00
27/01/2018 23:15,4.07,Weekend,Saturday,Light_Load,3.92,0.00
25/01/2018 03:45,34.88,Weekday,Thursday,Light_Load,25.24,0.00
21/07/2018 01:45,2.99,Weekend,Saturday,Light_Load,0.00,4.68
14/08/2018 02:45,3.06,Weekday,Tuesday,Light_Load,5.72,0.00
17/08/2018 23:00,2.63,Weekday,Friday,Medium_Load,4.43,0.00
10/12/2018 10:30,56.02,Weekday,Monday,Maximum_Load,20.88,0.00
17/01/2018 16:00,61.24,Weekday,Wednesday,Medium_Load,20.16,0.00
29/06/2018 10:30,36.72,Weekday,Friday,Maximum_Load,9.86,0.00
13/12/2018 04:30,4.21,Weekday,Thursday,Light_Load,3.13,0.22
13/07/2018 10:00,56.66,Weekday,Friday,Medium_Load,28.26,0.00
11/04/2018 05:00,3.35,Weekday,Wednesday,Light_Load,4.93,0.00
04/09/2018 21:00,11.30,Weekday,Tuesday,Medium_Load,1.55,9.65
14/02/2018 21:15,4.00,Weekday,Wednesday,Light_Load,0.00,21.82
12/10/2018 12:30,4.25,Weekday,Friday,Medium_Load,0.00,17.53
19/01/2018 16:30,57.96,Weekday,Friday,Medium_Load,20.70,0.00
07/11/2018 14:15,52.06,Weekday,Wednesday,Medium_Load,23.94,0.00
02/07/2018 19:00,35.96,Weekday,Monday,Medium_Load,3.35,0.04
14/11/2018 16:15,69.41,Weekday,Wednesday,Medium_Load,43.56,0.00
02/11/2018 21:45,4.18,Weekday,Friday,Medium_Load,0.00,17.50
04/07/2018 05:00,2.99,Weekday,Wednesday,Light_Load,4.00,0.00
11/07/2018 17:45,33.08,Weekday,Wednesday,Medium_Load,0.36,6.01
18/06/2018 01:15,2.77,Weekday,Monday,Light_Load,4.03,0.00
11/08/2018 22:45,2.74,Weekend,Saturday,Medium_Load,4.97,0.00
23/11/2018 02:00,3.67,Weekday,Friday,Light_Load,2.34,0.47
18/01/2018 23:00,81.04,Weekday,Thursday,Maximum_Load,41.51,0.00
07/05/2018 05:15,2.92,Weekday,Monday,Light_Load,4.10,0.00
02/12/2018 02:00,3.46,Weekend,Sunday,Light_Load,2.84,0.00
13/12/2018 19:30,78.52,Weekday,Thursday,Maximum_Load,28.58,0.00
31/08/2018 06:30,2.70,Weekday,Friday,Light_Load,5.22,0.00
29/12/2018 08:00,2.92,Weekend,Saturday,Light_Load,2.05,0.11
22/11/2018 05:45,3.49,Weekday,Thursday,Light_Load,3.28,0.00
08/10/2018 18:30,53.82,Weekday,Monday,Medium_Load,37.33,0.00
24/12/2018 04:00,3.35,Weekday,Monday,Light_Load,2.38,0.07
08/02/2018 03:15,6.01,Weekday,Thursday,Light_Load,6.52,0.00
27/04/2018 23:00,3.35,Weekday,Friday,Medium_Load,3.20,0.00
17/06/2018 17:15,2.95,Weekend,Sunday,Light_Load,0.00,17.17
20/05/2018 13:45,13.43,Weekend,Sunday,Maximum_Load,0.00,11.12
05/02/2018 14:15,124.42,Weekday,Monday,Medium_Load,39.92,0.00
27/09/2018 16:30,60.73,Weekday,Thursday,Maximum_Load,36.68,0.00
08/02/2018 15:00,108.65,Weekday,Thursday,Medium_Load,38.30,0.00
05/07/2018 23:45,3.64,Weekday,Thursday,Light_Load,3.92,0.00
06/05/2018 18:30,3.35,Weekend,Sunday,Light_Load,0.00,5.36
21/08/2018 00:30,2.74,Weekday,Tuesday,Light_Load,4.82,0.00
12/01/2018 23:00,4.79,Weekday,Friday,Maximum_Load,5.00,0.00
30/07/2018 11:00,54.14,Weekday,Monday,Maximum_Load,21.82,0.00
03/04/2018 08:30,112.64,Weekday,Tuesday,Light_Load,72.36,0.00
23/05/2018 06:15,3.02,Weekday,Wednesday,Light_Load,5.08,0.00
30/11/2018 02:30,4.10,Weekday,Friday,Light_Load,5.18,0.00
30/08/2018 04:00,2.70,Weekday,Thursday,Light_Load,5.11,0.00
13/11/2018 07:30,4.54,Weekday,Tuesday,Light_Load,5.18,0.00
31/01/2018 20:15,98.82,Weekday,Wednesday,Medium_Load,17.71,0.00
14/03/2018 00:15,3.82,Weekday,Wednesday,Light_Load,4.79,0.00
04/03/2018 18:15,3.13,Weekend,Sunday,Light_Load,0.00,6.01
26/05/2018 13:45,34.27,Weekend,Saturday,Maximum_Load,2.16,2.38
26/05/2018 06:00,3.17,Weekend,Saturday,Light_Load,5.90,0.00
28/08/2018 15:00,50.18,Weekday,Tuesday,Maximum_Load,25.38,0.00
12/08/2018 16:45,3.02,Weekend,Sunday,Light_Load,0.00,14.76
14/04/2018 22:15,3.20,Weekend,Saturday,Medium_Load,1.33,9.79
29/06/2018 15:00,32.58,Weekday,Friday,Maximum_Load,3.31,1.01
04/02/2018 23:15,3.82,Weekend,Sunday,Light_Load,3.46,0.00
23/02/2018 14:15,138.06,Weekday,Friday,Medium_Load,57.13,0.00
17/01/2018 00:00,36.90,Weekday,Wednesday,Light_Load,27.29,0.00
04/08/2018 22:45,2.81,Weekend,Saturday,Light_Load,5.04,0.00
30/08/2018 16:15,57.67,Weekday,Thursday,Maximum_Load,32.18,0.00
27/10/2018 02:45,3.13,Weekend,Saturday,Light_Load,6.16,0.00
18/04/2018 04:30,3.10,Weekday,Wednesday,Light_Load,3.35,0.00
14/08/2018 09:00,69.41,Weekday,Tuesday,Light_Load,31.72,0.00
15/09/2018 04:15,2.77,Weekend,Saturday,Light_Load,5.40,0.00
13/09/2018 22:00,4.79,Weekday,Thursday,Medium_Load,0.00,15.84
07/11/2018 01:30,3.85,Weekday,Wednesday,Light_Load,6.23,0.00
08/08/2018 22:15,3.71,Weekday,Wednesday,Medium_Load,1.08,5.11
25/09/2018 05:00,2.66,Weekday,Tuesday,Light_Load,5.65,0.00
10/11/2018 04:30,3.78,Weekend,Saturday,Light_Load,7.63,0.00
17/09/2018 23:00,3.60,Weekday,Monday,Medium_Load,7.27,0.00
04/06/2018 05:15,2.84,Weekday,Monday,Light_Load,5.44,0.00
19/03/2018 04:30,3.06,Weekday,Monday,Light_Load,3.60,0.00
21/04/2018 12:30,4.90,Weekend,Saturday,Medium_Load,0.00,25.24
11/12/2018 11:45,84.24,Weekday,Tuesday,Maximum_Load,45.54,0.00
11/01/2018 23:15,4.75,Weekday,Thursday,Light_Load,4.72,0.00
06/04/2018 07:45,4.14,Weekday,Friday,Light_Load,5.33,0.00
06/12/2018 06:00,3.38,Weekday,Thursday,Light_Load,2.63,0.00
01/04/2018 21:30,3.10,Weekend,Sunday,Light_Load,0.00,16.92
29/08/2018 06:00,2.74,Weekday,Wednesday,Light_Load,4.86,0.00
09/05/2018 03:00,3.13,Weekday,Wednesday,Light_Load,4.43,0.00
27/06/2018 10:45,38.02,Weekday,Wednesday,Maximum_Load,8.78,0.00
29/05/2018 19:00,36.50,Weekday,Tuesday,Medium_Load,5.00,0.18
25/05/2018 07:15,2.92,Weekday,Friday,Light_Load,4.07,0.00
18/11/2018 11:00,32.54,Weekend,Sunday,Maximum_Load,3.60,0.00
18/02/2018 20:30,3.53,Weekend,Sunday,Light_Load,0.00,16.67
02/03/2018 05:15,3.24,Weekday,Friday,Light_Load,2.63,0.04
14/02/2018 20:30,3.49,Weekday,Wednesday,Light_Load,0.00,16.81
08/12/2018 12:30,4.57,Weekend,Saturday,Medium_Load,0.00,13.79
04/12/2018 08:00,5.94,Weekday,Tuesday,Light_Load,4.07,0.00
25/11/2018 12:15,3.10,Weekend,Sunday,Light_Load,0.00,13.75
12/09/2018 20:15,40.39,Weekday,Wednesday,Medium_Load,22.79,0.00
12/07/2018 13:45,5.22,Weekday,Thursday,Maximum_Load,0.00,26.53
21/10/2018 06:30,2.74,Weekend,Sunday,Light_Load,4.86,0.00
25/01/2018 14:15,81.07,Weekday,Thursday,Medium_Load,35.75,0.00
02/12/2018 09:30,3.71,Weekend,Sunday,Light_Load,0.00,14.69
26/07/2018 07:45,3.56,Weekday,Thursday,Light_Load,4.36,0.00
01/07/2018 20:15,3.06,Weekend,Sunday,Light_Load,0.00,17.39
08/04/2018 04:15,3.20,Weekend,Sunday,Light_Load,5.04,0.00
06/09/2018 19:30,49.90,Weekday,Thursday,Medium_Load,25.60,0.00
24/06/2018 17:30,3.10,Weekend,Sunday,Medium_Load,0.00,16.88
22/02/2018 01:45,5.65,Weekday,Thursday,Light_Load,5.51,0.00
13/11/2018 20:00,90.14,Weekday,Tuesday,Maximum_Load,38.74,0.00
03/09/2018 18:00,30.92,Weekday,Monday,Medium_Load,5.98,0.76
04/10/2018 06:45,2.77,Weekday,Thursday,Light_Load,5.62,0.00
15/04/2018 15:15,3.35,Weekend,Sunday,Light_Load,0.00,17.39
28/02/2018 09:15,121.46,Weekday,Wednesday,Medium_Load,56.20,0.00
20/09/2018 12:15,26.78,Weekday,Thursday,Medium_Load,1.33,2.02
11/08/2018 14:30,105.59,Weekend,Saturday,Maximum_Load,40.86,0.00
17/11/2018 17:45,5.00,Weekend,Saturday,Maximum_Load,0.00,16.85
23/03/2018 17:30,81.83,Weekday,Friday,Medium_Load,21.42,0.07
05/08/2018 06:45,2.81,Weekend,Sunday,Light_Load,5.90,0.00
25/01/2018 22:30,35.89,Weekday,Thursday,Maximum_Load,27.43,0.00
28/03/2018 09:15,46.26,Weekday,Wednesday,Medium_Load,8.82,0.50
10/09/2018 12:00,59.08,Weekday,Monday,Maximum_Load,35.82,0.29
28/10/2018 11:30,3.10,Weekend,Sunday,Light_Load,0.00,10.69
23/02/2018 06:45,4.03,Weekday,Friday,Light_Load,4.86,0.00
31/12/2018 08:45,3.74,Weekday,Monday,Light_Load,1.26,5.29
27/07/2018 10:30,60.66,Weekday,Friday,Maximum_Load,21.82,0.00
09/03/2018 12:45,7.38,Weekday,Friday,Medium_Load,0.00,26.57
26/11/2018 05:00,2.95,Weekday,Monday,Light_Load,2.81,0.00
17/01/2018 00:15,4.64,Weekday,Wednesday,Light_Load,4.54,0.00
11/05/2018 06:45,3.06,Weekday,Friday,Light_Load,4.50,0.00
05/08/2018 14:45,3.17,Weekend,Sunday,Light_Load,0.00,15.98
06/11/2018 09:15,70.96,Weekday,Tuesday,Medium_Load,39.96,0.00
01/02/2018 23:15,69.26,Weekday,Thursday,Light_Load,39.67,0.00
04/09/2018 12:00,99.04,Weekday,Tuesday,Maximum_Load,55.98,0.07
25/09/2018 16:15,2.66,Weekday,Tuesday,Light_Load,0.00,11.59
29/03/2018 01:00,3.64,Weekday,Thursday,Light_Load,5.00,0.00
05/04/2018 09:15,64.62,Weekday,Thursday,Medium_Load,29.48,0.00
24/03/2018 21:00,3.38,Weekend,Saturday,Medium_Load,0.00,17.42
29/01/2018 09:45,64.62,Weekday,Monday,Medium_Load,13.25,0.00
01/09/2018 11:45,25.70,Weekend,Saturday,Maximum_Load,8.93,0.18
31/01/2018 06:00,4.18,Weekday,Wednesday,Light_Load,4.03,0.00
12/12/2018 07:15,4.10,Weekday,Wednesday,Light_Load,3.31,0.07
28/06/2018 20:45,33.16,Weekday,Thursday,Medium_Load,2.74,0.22
24/04/2018 23:30,3.60,Weekday,Tuesday,Light_Load,3.56,0.00
22/07/2018 11:45,2.70,Weekend,Sunday,Light_Load,4.14,0.00
03/09/2018 02:30,3.31,Weekday,Monday,Light_Load,6.34,0.00
15/02/2018 02:45,3.28,Weekday,Thursday,Light_Load,4.68,0.00
09/09/2018 16:00,17.71,Weekend,Sunday,Maximum_Load,0.43,6.66
08/03/2018 16:15,54.83,Weekday,Thursday,Maximum_Load,18.40,0.00
10/07/2018 09:00,70.13,Weekday,Tuesday,Light_Load,43.49,0.00
14/05/2018 19:00,52.49,Weekday,Monday,Medium_Load,23.62,0.00
09/04/2018 03:00,3.10,Weekday,Monday,Light_Load,3.96,0.00
09/11/2018 02:15,2.95,Weekday,Friday,Light_Load,4.50,0.00
30/05/2018 14:15,49.03,Weekday,Wednesday,Maximum_Load,13.28,0.00
08/02/2018 03:45,6.01,Weekday,Thursday,Light_Load,6.41,0.00
28/04/2018 11:00,67.07,Weekend,Saturday,Maximum_Load,9.22,0.04
12/10/2018 11:45,58.39,Weekday,Friday,Maximum_Load,38.16,0.00
11/06/2018 16:30,43.67,Weekday,Monday,Maximum_Load,15.55,0.00
06/02/2018 23:15,37.37,Weekday,Tuesday,Light_Load,25.09,0.00
14/04/2018 18:15,3.78,Weekend,Saturday,Medium_Load,0.00,8.46
26/09/2018 19:45,2.74,Weekday,Wednesday,Light_Load,0.00,11.66
01/10/2018 14:30,52.09,Weekday,Monday,Maximum_Load,26.75,0.00
06/09/2018 21:15,7.92,Weekday,Thursday,Medium_Load,0.40,13.86
30/08/2018 13:15,27.76,Weekday,Thursday,Maximum_Load,10.08,5.29
04/01/2018 14:45,121.07,Weekday,Thursday,Medium_Load,44.35,0.00
18/12/2018 22:15,4.25,Weekday,Tuesday,Maximum_Load,3.46,0.40
31/12/2018 00:15,3.64,Weekday,Monday,Light_Load,2.34,0.00
19/02/2018 18:00,41.83,Weekday,Monday,Maximum_Load,2.20,1.73
14/03/2018 13:30,56.88,Weekday,Wednesday,Maximum_Load,18.22,0.04
15/08/2018 08:15,33.73,Weekday,Wednesday,Light_Load,31.57,0.00
16/07/2018 03:15,2.92,Weekday,Monday,Light_Load,0.00,4.57
05/09/2018 08:45,98.06,Weekday,Wednesday,Light_Load,58.28,0.00
19/03/2018 20:15,49.18,Weekday,Monday,Medium_Load,15.41,0.00
09/11/2018 04:00,3.53,Weekday,Friday,Light_Load,5.80,0.00
22/12/2018 13:15,4.28,Weekend,Saturday,Light_Load,0.00,20.52
01/07/2018 00:00,2.88,Weekend,Sunday,Light_Load,3.92,0.00
05/06/2018 00:30,3.53,Weekday,Tuesday,Light_Load,5.08,0.00
14/01/2018 08:45,6.98,Weekend,Sunday,Light_Load,7.31,0.25
19/05/2018 03:15,3.17,Weekend,Saturday,Light_Load,5.11,0.00
24/05/2018 11:45,87.16,Weekday,Thursday,Maximum_Load,41.80,0.00
06/10/2018 05:45,3.10,Weekend,Saturday,Light_Load,6.23,0.00
03/08/2018 04:15,2.84,Weekday,Friday,Light_Load,6.08,0.00
02/09/2018 18:15,3.42,Weekend,Sunday,Medium_Load,0.00,7.42
17/02/2018 02:00,3.17,Weekend,Saturday,Light_Load,3.82,0.00
26/05/2018 22:00,3.60,Weekend,Saturday,Medium_Load,0.00,24.70
14/05/2018 01:15,3.35,Weekday,Monday,Light_Load,4.57,0.00
20/06/2018 17:00,51.52,Weekday,Wednesday,Maximum_Load,25.06,0.00
31/07/2018 22:45,2.88,Weekday,Tuesday,Medium_Load,5.76,0.00
18/05/2018 05:45,3.38,Weekday,Friday,Light_Load,5.54,0.00
04/09/2018 01:00,2.70,Weekday,Tuesday,Light_Load,5.11,0.00
30/10/2018 17:15,61.52,Weekday,Tuesday,Medium_Load,25.74,0.00
02/03/2018 12:30,4.75,Weekday,Friday,Medium_Load,0.00,26.21
08/06/2018 13:15,50.26,Weekday,Friday,Maximum_Load,21.67,1.94
07/01/2018 12:30,4.10,Weekend,Sunday,Light_Load,0.00,22.46
03/11/2018 17:45,3.89,Weekend,Saturday,Maximum_Load,0.00,18.25
21/06/2018 05:30,2.88,Weekday,Thursday,Light_Load,5.40,0.00
31/05/2018 00:45,3.28,Weekday,Thursday,Light_Load,5.11,0.00
11/02/2018 11:00,4.10,Weekend,Sunday,Light_Load,0.00,16.78
20/06/2018 19:30,45.43,Weekday,Wednesday,Medium_Load,20.09,0.00
02/06/2018 15:45,6.62,Weekend,Saturday,Light_Load,0.00,21.31
30/01/2018 18:30,65.45,Weekday,Tuesday,Maximum_Load,39.28,0.00
16/05/2018 23:30,3.60,Weekday,Wednesday,Light_Load,4.00,0.00
29/07/2018 13:00,3.56,Weekend,Sunday,Medium_Load,0.00,15.91
07/08/2018 22:15,3.82,Weekday,Tuesday,Medium_Load,1.04,5.11
27/01/2018 08:00,7.20,Weekend,Saturday,Light_Load,4.57,0.00
20/11/2018 02:45,3.02,Weekday,Tuesday,Light_Load,3.02,0.00
24/01/2018 03:45,42.59,Weekday,Wednesday,Light_Load,31.39,0.00
24/03/2018 19:00,4.10,Weekend,Saturday,Medium_Load,0.00,26.10
02/12/2018 05:15,4.39,Weekend,Sunday,Light_Load,4.03,0.00
22/10/2018 14:00,85.97,Weekday,Monday,Maximum_Load,54.86,0.00
31/05/2018 11:30,46.01,Weekday,Thursday,Maximum_Load,36.25,0.00
12/02/2018 13:15,63.18,Weekday,Monday,Medium_Load,23.98,3.20
20/11/2018 15:30,46.51,Weekday,Tuesday,Medium_Load,16.99,0.00
12/10/2018 16:15,47.99,Weekday,Friday,Maximum_Load,27.29,0.00
17/11/2018 18:45,4.14,Weekend,Saturday,Maximum_Load,0.00,16.88
03/08/2018 23:00,2.74,Weekday,Friday,Light_Load,5.36,0.00
22/04/2018 05:15,3.10,Weekend,Sunday,Light_Load,4.36,0.00
30/10/2018 05:30,2.84,Weekday,Tuesday,Light_Load,3.78,0.00
13/08/2018 05:00,3.74,Weekday,Monday,Light_Load,6.70,0.00
16/02/2018 15:00,3.46,Weekday,Friday,Light_Load,0.00,16.96
09/02/2018 15:00,130.18,Weekday,Friday,Medium_Load,54.54,0.00
19/09/2018 09:30,55.01,Weekday,Wednesday,Medium_Load,30.28,0.00
19/07/2018 08:00,5.33,Weekday,Thursday,Light_Load,6.01,0.00
04/11/2018 19:00,3.17,Weekend,Sunday,Maximum_Load,0.00,11.88
05/07/2018 00:45,3.10,Weekday,Thursday,Light_Load,4.43,0.00
27/05/2018 06:15,3.28,Weekend,Sunday,Light_Load,4.79,0.00
09/10/2018 13:15,32.29,Weekday,Tuesday,Maximum_Load,14.90,4.18
14/07/2018 11:30,35.68,Weekend,Saturday,Maximum_Load,30.56,0.00
06/12/2018 23:15,3.96,Weekday,Thursday,Light_Load,4.07,0.00
20/10/2018 15:15,104.51,Weekend,Saturday,Maximum_Load,48.64,0.00
19/09/2018 09:00,37.30,Weekday,Wednesday,Light_Load,9.54,0.00
26/04/2018 03:15,3.13,Weekday,Thursday,Light_Load,4.36,0.00
20/04/2018 05:15,3.02,Weekday,Friday,Light_Load,3.74,0.00
01/09/2018 04:45,3.02,Weekend,Saturday,Light_Load,5.58,0.00
15/05/2018 13:30,64.04,Weekday,Tuesday,Maximum_Load,29.95,0.00
27/01/2018 03:00,6.80,Weekend,Saturday,Light_Load,4.25,0.00
22/07/2018 06:30,2.74,Weekend,Sunday,Light_Load,4.64,0.00
03/06/2018 03:45,2.99,Weekend,Sunday,Light_Load,5.90,0.00
23/10/2018 16:45,44.57,Weekday,Tuesday,Maximum_Load,23.33,0.00
15/11/2018 06:30,4.54,Weekday,Thursday,Light_Load,4.90,0.00
30/06/2018 15:30,58.21,Weekend,Saturday,Maximum_Load,26.42,0.00
15/09/2018 21:00,2.95,Weekend,Saturday,Medium_Load,0.00,11.30
30/09/2018 22:45,2.81,Weekend,Sunday,Light_Load,5.26,0.00
13/03/2018 22:15,4.14,Weekday,Tuesday,Medium_Load,1.87,13.72
12/07/2018 06:30,2.92,Weekday,Thursday,Light_Load,5.00,0.00
05/07/2018 00:15,3.56,Weekday,Thursday,Light_Load,3.82,0.00
26/07/2018 11:15,51.01,Weekday,Thursday,Maximum_Load,30.24,0.00
30/08/2018 08:30,50.80,Weekday,Thursday,Light_Load,53.46,0.00
13/12/2018 23:15,5.26,Weekday,Thursday,Light_Load,2.59,0.07
05/03/2018 06:15,3.10,Weekday,Monday,Light_Load,3.85,0.00
10/09/2018 03:45,2.81,Weekday,Monday,Light_Load,5.80,0.00
03/07/2018 21:00,77.04,Weekday,Tuesday,Medium_Load,13.86,1.12
17/03/2018 17:00,50.65,Weekend,Saturday,Maximum_Load,5.00,5.18
02/08/2018 19:45,2.95,Weekday,Thursday,Light_Load,0.00,16.34
08/04/2018 00:15,3.28,Weekend,Sunday,Light_Load,4.36,0.00
11/11/2018 07:30,2.81,Weekend,Sunday,Light_Load,4.50,0.00
24/01/2018 14:30,79.27,Weekday,Wednesday,Medium_Load,34.16,0.00
16/01/2018 04:15,4.68,Weekday,Tuesday,Light_Load,5.83,0.00
15/01/2018 00:45,4.68,Weekday,Monday,Light_Load,4.39,0.00
22/07/2018 14:45,3.46,Weekend,Sunday,Light_Load,0.00,17.53
02/10/2018 22:15,3.46,Weekday,Tuesday,Medium_Load,7.31,0.07
17/12/2018 20:15,5.54,Weekday,Monday,Medium_Load,0.00,21.56
24/01/2018 15:30,79.52,Weekday,Wednesday,Medium_Load,32.08,0.00
07/09/2018 22:45,3.78,Weekday,Friday,Medium_Load,6.70,0.00
03/01/2018 20:45,32.72,Weekday,Wednesday,Medium_Load,2.02,6.98
13/01/2018 03:00,4.75,Weekend,Saturday,Light_Load,4.07,0.00
13/10/2018 05:00,2.81,Weekend,Saturday,Light_Load,4.28,0.00
22/09/2018 20:00,3.38,Weekend,Saturday,Light_Load,0.00,13.64
30/03/2018 05:45,3.20,Weekday,Friday,Light_Load,4.07,0.00
03/08/2018 03:45,2.88,Weekday,Friday,Light_Load,5.83,0.00
21/07/2018 01:30,3.02,Weekend,Saturday,Light_Load,0.00,4.57
24/06/2018 07:00,2.52,Weekend,Sunday,Light_Load,3.60,0.00
05/06/2018 16:15,110.77,Weekday,Tuesday,Maximum_Load,52.06,0.00
20/09/2018 19:45,45.04,Weekday,Thursday,Medium_Load,24.59,0.00
09/04/2018 01:30,3.10,Weekday,Monday,Light_Load,3.96,0.00
05/08/2018 21:45,3.17,Weekend,Sunday,Light_Load,0.00,16.20
07/10/2018 11:15,2.63,Weekend,Sunday,Light_Load,0.00,11.99
01/10/2018 19:00,39.13,Weekday,Monday,Medium_Load,17.24,0.00
26/07/2018 04:15,3.17,Weekday,Thursday,Light_Load,4.03,0.00
04/09/2018 05:45,2.59,Weekday,Tuesday,Light_Load,4.86,0.00
10/02/2018 15:00,5.76,Weekend,Saturday,Light_Load,0.00,27.22
30/06/2018 22:00,3.53,Weekend,Saturday,Medium_Load,0.00,18.68
12/06/2018 22:45,3.60,Weekday,Tuesday,Medium_Load,4.57,0.00
16/11/2018 16:45,56.34,Weekday,Friday,Medium_Load,32.40,0.00
31/12/2018 04:00,3.06,Weekday,Monday,Light_Load,2.20,0.07
21/10/2018 19:45,3.02,Weekend,Sunday,Light_Load,0.00,11.48
22/05/2018 15:00,52.20,Weekday,Tuesday,Maximum_Load,4.64,2.09
20/02/2018 01:30,10.62,Weekday,Tuesday,Light_Load,7.81,0.00
31/05/2018 03:15,2.92,Weekday,Thursday,Light_Load,5.36,0.00
18/11/2018 21:00,3.82,Weekend,Sunday,Medium_Load,0.00,16.78
28/12/2018 22:45,4.93,Weekday,Friday,Maximum_Load,3.92,0.00
18/09/2018 07:00,2.84,Weekday,Tuesday,Light_Load,5.22,0.00
07/03/2018 19:15,6.01,Weekday,Wednesday,Medium_Load,0.00,26.96
10/04/2018 14:30,59.22,Weekday,Tuesday,Maximum_Load,21.53,0.00
19/08/2018 13:30,3.89,Weekend,Sunday,Light_Load,0.00,12.89
05/04/2018 07:00,3.02,Weekday,Thursday,Light_Load,3.85,0.00
03/11/2018 20:00,3.74,Weekend,Saturday,Maximum_Load,0.00,18.47
28/03/2018 17:15,54.54,Weekday,Wednesday,Medium_Load,25.06,0.00
24/12/2018 18:45,5.33,Weekday,Monday,Maximum_Load,0.00,21.53
08/11/2018 14:30,54.61,Weekday,Thursday,Medium_Load,27.36,0.00
30/05/2018 00:00,3.53,Weekday,Wednesday,Light_Load,4.86,0.00
18/11/2018 04:15,3.24,Weekend,Sunday,Light_Load,5.51,0.00
28/07/2018 00:30,2.92,Weekend,Saturday,Light_Load,5.04,0.00
12/05/2018 08:30,6.01,Weekend,Saturday,Light_Load,7.60,0.00
25/10/2018 23:15,3.46,Weekday,Thursday,Light_Load,5.65,0.00
25/06/2018 07:15,2.81,Weekday,Monday,Light_Load,4.10,0.00
28/08/2018 13:30,53.32,Weekday,Tuesday,Maximum_Load,28.15,0.00
15/01/2018 13:15,75.74,Weekday,Monday,Medium_Load,31.50,6.66
22/05/2018 22:45,3.06,Weekday,Tuesday,Medium_Load,5.22,0.00
05/11/2018 11:45,73.80,Weekday,Monday,Maximum_Load,44.17,0.00
22/01/2018 16:30,64.94,Weekday,Monday,Medium_Load,21.82,0.00
15/03/2018 21:00,34.09,Weekday,Thursday,Medium_Load,3.53,5.54
09/02/2018 02:30,5.90,Weekday,Friday,Light_Load,5.54,0.00
18/10/2018 05:00,3.42,Weekday,Thursday,Light_Load,5.83,0.00
13/09/2018 18:15,41.22,Weekday,Thursday,Medium_Load,26.71,0.00
27/02/2018 00:00,5.94,Weekday,Tuesday,Light_Load,5.47,0.00
28/01/2018 08:45,12.06,Weekend,Sunday,Light_Load,8.42,0.22
12/08/2018 12:45,3.06,Weekend,Sunday,Light_Load,0.00,14.47
18/07/2018 10:15,44.75,Weekday,Wednesday,Maximum_Load,27.14,0.00
29/12/2018 01:15,3.82,Weekend,Saturday,Light_Load,3.24,0.04
12/07/2018 20:15,48.89,Weekday,Thursday,Medium_Load,13.93,0.00
19/11/2018 12:45,6.05,Weekday,Monday,Medium_Load,0.00,20.95
20/01/2018 07:00,91.66,Weekend,Saturday,Light_Load,43.81,0.00
12/02/2018 02:15,3.67,Weekday,Monday,Light_Load,3.38,0.00
10/05/2018 22:00,4.10,Weekday,Thursday,Medium_Load,0.00,21.10
14/06/2018 03:15,3.42,Weekday,Thursday,Light_Load,4.57,0.00
12/04/2018 19:00,37.58,Weekday,Thursday,Medium_Load,1.84,0.43
24/01/2018 23:00,36.94,Weekday,Wednesday,Maximum_Load,25.99,0.00
31/12/2018 20:45,3.42,Weekday,Monday,Light_Load,0.00,13.39
11/11/2018 10:00,3.20,Weekend,Sunday,Light_Load,0.00,14.08
19/02/2018 17:45,44.78,Weekday,Monday,Maximum_Load,2.20,1.76
14/08/2018 20:30,81.61,Weekday,Tuesday,Medium_Load,28.26,0.00
05/05/2018 15:00,3.20,Weekend,Saturday,Light_Load,0.00,17.24
14/03/2018 10:00,73.08,Weekday,Wednesday,Medium_Load,33.23,0.00
12/09/2018 08:45,87.91,Weekday,Wednesday,Light_Load,63.50,0.00
10/09/2018 11:15,51.08,Weekday,Monday,Maximum_Load,21.89,0.00
04/11/2018 10:15,60.05,Weekend,Sunday,Maximum_Load,14.22,0.00
01/11/2018 13:45,120.17,Weekday,Thursday,Medium_Load,64.76,0.00
18/01/2018 13:15,100.12,Weekday,Thursday,Medium_Load,38.38,0.00
24/11/2018 20:30,3.06,Weekend,Saturday,Light_Load,0.00,13.97
02/02/2018 09:15,56.66,Weekday,Friday,Medium_Load,12.28,0.00
28/09/2018 15:15,38.52,Weekday,Friday,Maximum_Load,17.39,0.00
25/09/2018 08:00,2.63,Weekday,Tuesday,Light_Load,6.16,0.00
13/05/2018 15:15,3.13,Weekend,Sunday,Light_Load,0.00,16.96
13/12/2018 22:45,5.36,Weekday,Thursday,Maximum_Load,3.17,0.00
01/09/2018 02:45,3.02,Weekend,Saturday,Light_Load,5.47,0.00
24/04/2018 21:30,5.26,Weekday,Tuesday,Medium_Load,0.00,26.53
18/09/2018 16:30,55.40,Weekday,Tuesday,Maximum_Load,31.36,0.00
13/01/2018 19:00,4.97,Weekend,Saturday,Maximum_Load,0.00,26.82
16/07/2018 12:45,5.36,Weekday,Monday,Medium_Load,0.00,10.15
12/07/2018 15:30,54.54,Weekday,Thursday,Maximum_Load,19.55,0.00
26/01/2018 23:15,65.66,Weekday,Friday,Light_Load,36.61,0.00
09/01/2018 01:15,4.68,Weekday,Tuesday,Light_Load,4.32,0.00
27/08/2018 00:45,3.02,Weekday,Monday,Light_Load,5.18,0.00
27/12/2018 20:30,40.93,Weekday,Thursday,Medium_Load,3.46,0.54
14/11/2018 21:45,4.97,Weekday,Wednesday,Medium_Load,0.00,19.04
05/10/2018 08:45,50.87,Weekday,Friday,Light_Load,40.39,0.00
21/09/2018 10:15,54.90,Weekday,Friday,Maximum_Load,29.02,0.00
28/05/2018 04:30,2.92,Weekday,Monday,Light_Load,5.22,0.00
12/04/2018 11:00,40.46,Weekday,Thursday,Maximum_Load,8.93,0.00
03/06/2018 11:00,2.95,Weekend,Sunday,Light_Load,0.00,16.99
05/10/2018 16:45,46.04,Weekday,Friday,Maximum_Load,19.98,0.00
20/11/2018 16:45,45.47,Weekday,Tuesday,Medium_Load,9.07,0.00
06/11/2018 10:15,63.32,Weekday,Tuesday,Maximum_Load,32.11,0.00
08/12/2018 15:15,43.67,Weekend,Saturday,Medium_Load,9.00,0.00
25/11/2018 21:30,2.95,Weekend,Sunday,Light_Load,0.00,14.54
19/04/2018 00:45,3.02,Weekday,Thursday,Light_Load,3.67,0.00
07/07/2018 15:45,98.71,Weekend,Saturday,Maximum_Load,31.07,0.00
19/01/2018 11:00,118.69,Weekday,Friday,Maximum_Load,45.83,0.00
31/10/2018 06:45,2.84,Weekday,Wednesday,Light_Load,3.78,0.00
13/01/2018 07:00,4.72,Weekend,Saturday,Light_Load,4.25,0.00
09/11/2018 16:45,59.72,Weekday,Friday,Medium_Load,35.64,0.00
17/02/2018 11:15,4.07,Weekend,Saturday,Light_Load,0.00,7.85
23/07/2018 06:45,2.77,Weekday,Monday,Light_Load,4.64,0.00
26/07/2018 07:15,3.24,Weekday,Thursday,Light_Load,3.96,0.00
26/06/2018 10:30,42.12,Weekday,Tuesday,Maximum_Load,12.02,0.00
17/06/2018 20:30,2.95,Weekend,Sunday,Light_Load,0.00,17.28
03/10/2018 01:15,3.42,Weekday,Wednesday,Light_Load,7.49,0.00
20/02/2018 06:30,4.72,Weekday,Tuesday,Light_Load,5.58,0.00
20/12/2018 06:00,3.92,Weekday,Thursday,Light_Load,2.59,0.07
10/02/2018 03:15,6.48,Weekend,Saturday,Light_Load,5.40,0.00
02/05/2018 06:45,2.95,Weekday,Wednesday,Light_Load,4.64,0.00
24/04/2018 08:45,55.15,Weekday,Tuesday,Light_Load,51.30,0.00
07/05/2018 15:30,119.34,Weekday,Monday,Maximum_Load,50.40,0.00
08/05/2018 09:15,110.56,Weekday,Tuesday,Medium_Load,58.25,0.00
11/05/2018 18:45,34.27,Weekday,Friday,Medium_Load,7.34,0.29
14/10/2018 00:00,2.77,Weekend,Sunday,Light_Load,4.97,0.00
08/04/2018 10:30,67.72,Weekend,Sunday,Maximum_Load,11.66,1.55
30/07/2018 12:45,6.01,Weekday,Monday,Medium_Load,0.00,24.88
27/01/2018 11:15,31.90,Weekend,Saturday,Maximum_Load,6.73,0.83
20/03/2018 07:15,3.06,Weekday,Tuesday,Light_Load,3.56,0.00
31/01/2018 22:30,80.50,Weekday,Wednesday,Maximum_Load,44.96,0.00
01/08/2018 19:45,2.74,Weekday,Wednesday,Light_Load,0.00,17.21
01/03/2018 10:30,77.40,Weekday,Thursday,Maximum_Load,21.31,0.00
07/03/2018 22:15,5.08,Weekday,Wednesday,Medium_Load,1.55,15.37
10/03/2018 13:15,10.62,Weekend,Saturday,Maximum_Load,0.00,21.60
06/06/2018 20:15,3.78,Weekday,Wednesday,Medium_Load,0.00,20.48
06/04/2018 03:15,3.28,Weekday,Friday,Light_Load,5.44,0.00
25/12/2018 07:30,3.85,Weekday,Tuesday,Light_Load,3.38,0.04
01/11/2018 00:15,3.89,Weekday,Thursday,Light_Load,5.51,0.00
30/11/2018 04:15,3.42,Weekday,Friday,Light_Load,3.67,0.00
14/06/2018 19:15,62.89,Weekday,Thursday,Medium_Load,37.22,0.00
22/03/2018 22:15,6.91,Weekday,Thursday,Medium_Load,2.34,13.93
10/12/2018 15:30,66.71,Weekday,Monday,Medium_Load,33.01,0.00
14/05/2018 04:00,2.99,Weekday,Monday,Light_Load,4.64,0.00
16/07/2018 14:45,57.60,Weekday,Monday,Maximum_Load,28.48,0.00
06/10/2018 21:45,3.56,Weekend,Saturday,Medium_Load,0.00,17.78
05/03/2018 16:15,74.27,Weekday,Monday,Maximum_Load,32.62,0.00
10/09/2018 19:45,3.53,Weekday,Monday,Medium_Load,0.00,17.82
25/02/2018 20:15,4.21,Weekend,Sunday,Light_Load,0.00,18.83
21/07/2018 04:15,3.24,Weekend,Saturday,Light_Load,5.36,0.00
09/03/2018 16:15,54.40,Weekday,Friday,Maximum_Load,14.94,0.00
11/08/2018 00:45,2.74,Weekend,Saturday,Light_Load,5.29,0.00
14/03/2018 03:45,3.28,Weekday,Wednesday,Light_Load,4.93,0.00
11/12/2018 07:30,4.07,Weekday,Tuesday,Light_Load,3.78,0.00
10/07/2018 03:30,2.95,Weekday,Tuesday,Light_Load,4.90,0.00
30/03/2018 01:30,3.53,Weekday,Friday,Light_Load,4.43,0.00
16/12/2018 12:45,5.44,Weekend,Sunday,Medium_Load,0.00,20.27
29/05/2018 19:45,37.51,Weekday,Tuesday,Medium_Load,3.92,0.25
15/09/2018 13:00,3.31,Weekend,Saturday,Medium_Load,0.00,13.39
17/11/2018 13:00,4.79,Weekend,Saturday,Medium_Load,0.00,16.16
20/12/2018 16:15,60.08,Weekday,Thursday,Medium_Load,26.57,0.00
05/10/2018 01:00,3.42,Weekday,Friday,Light_Load,6.12,0.00
24/11/2018 20:15,3.10,Weekend,Saturday,Light_Load,0.00,13.97
28/11/2018 14:15,84.46,Weekday,Wednesday,Medium_Load,50.65,0.00
07/04/2018 04:30,3.24,Weekend,Saturday,Light_Load,5.22,0.00
12/04/2018 06:45,3.67,Weekday,Thursday,Light_Load,5.26,0.00
16/11/2018 04:00,3.13,Weekday,Friday,Light_Load,5.22,0.00
22/11/2018 04:00,3.20,Weekday,Thursday,Light_Load,3.10,0.00
03/01/2018 06:30,4.57,Weekday,Wednesday,Light_Load,4.36,0.00
22/09/2018 08:45,3.31,Weekend,Saturday,Light_Load,3.17,1.69
11/04/2018 19:15,77.87,Weekday,Wednesday,Medium_Load,21.82,0.00
16/02/2018 01:30,3.10,Weekday,Friday,Light_Load,3.28,0.00
04/06/2018 12:30,5.00,Weekday,Monday,Medium_Load,0.00,23.22
25/03/2018 01:45,3.06,Weekend,Sunday,Light_Load,3.53,0.00
26/09/2018 20:00,2.74,Weekday,Wednesday,Light_Load,0.00,11.70
04/03/2018 09:00,3.28,Weekend,Sunday,Light_Load,0.00,13.07
14/06/2018 03:30,2.99,Weekday,Thursday,Light_Load,4.25,0.00
05/08/2018 00:15,3.10,Weekend,Sunday,Light_Load,4.68,0.00
21/11/2018 10:30,69.08,Weekday,Wednesday,Maximum_Load,31.39,0.00
21/04/2018 20:30,3.96,Weekend,Saturday,Medium_Load,0.00,25.85
28/11/2018 07:45,24.62,Weekday,Wednesday,Light_Load,15.01,0.00
06/12/2018 11:00,62.78,Weekday,Thursday,Maximum_Load,30.20,0.00
16/04/2018 18:45,40.10,Weekday,Monday,Medium_Load,5.87,0.68
04/06/2018 10:30,90.25,Weekday,Monday,Maximum_Load,44.78,0.00
29/03/2018 22:15,3.82,Weekday,Thursday,Medium_Load,1.84,14.80
13/03/2018 15:15,48.38,Weekday,Tuesday,Maximum_Load,20.09,0.00
22/10/2018 16:15,52.38,Weekday,Monday,Maximum_Load,25.99,0.00
16/03/2018 22:30,3.74,Weekday,Friday,Medium_Load,4.54,0.00
03/06/2018 19:45,2.92,Weekend,Sunday,Light_Load,0.00,17.42
08/03/2018 13:15,59.36,Weekday,Thursday,Maximum_Load,19.94,2.88
12/12/2018 00:00,4.21,Weekday,Wednesday,Light_Load,2.84,0.40
20/12/2018 10:30,68.72,Weekday,Thursday,Maximum_Load,32.33,0.00
28/04/2018 01:00,3.17,Weekend,Saturday,Light_Load,2.77,0.00
18/07/2018 13:15,44.89,Weekday,Wednesday,Maximum_Load,28.30,0.00
30/03/2018 14:15,60.34,Weekday,Friday,Maximum_Load,25.74,0.00
25/11/2018 20:45,3.60,Weekend,Sunday,Light_Load,0.00,21.17
09/04/2018 15:30,81.07,Weekday,Monday,Maximum_Load,39.06,0.00
27/03/2018 11:45,46.37,Weekday,Tuesday,Maximum_Load,35.50,0.00
14/07/2018 00:00,2.77,Weekend,Saturday,Light_Load,0.00,5.22
17/11/2018 06:15,3.20,Weekend,Saturday,Light_Load,4.21,0.00
27/04/2018 07:30,3.31,Weekday,Friday,Light_Load,3.42,0.00
13/12/2018 19:00,80.46,Weekday,Thursday,Maximum_Load,31.10,0.00
24/05/2018 04:30,2.95,Weekday,Thursday,Light_Load,4.64,0.00
18/06/2018 17:15,43.74,Weekday,Monday,Medium_Load,13.61,0.00
21/12/2018 19:15,5.54,Weekday,Friday,Maximum_Load,0.00,21.10
15/07/2018 16:15,97.85,Weekend,Sunday,Maximum_Load,31.68,0.00
21/02/2018 01:15,37.33,Weekday,Wednesday,Light_Load,23.44,0.00
13/02/2018 23:15,36.40,Weekday,Tuesday,Light_Load,26.06,0.00
25/10/2018 22:30,3.64,Weekday,Thursday,Medium_Load,6.30,0.00
12/11/2018 06:45,2.59,Weekday,Monday,Light_Load,3.02,0.00
30/01/2018 22:45,90.79,Weekday,Tuesday,Maximum_Load,46.73,0.00
25/12/2018 03:30,3.20,Weekday,Tuesday,Light_Load,2.30,0.07
13/03/2018 13:00,6.62,Weekday,Tuesday,Medium_Load,0.00,25.06
01/12/2018 13:45,26.86,Weekend,Saturday,Medium_Load,0.07,7.31
03/08/2018 08:00,3.24,Weekday,Friday,Light_Load,6.80,0.00
06/01/2018 17:30,3.38,Weekend,Saturday,Light_Load,0.00,18.00
07/11/2018 21:15,5.26,Weekday,Wednesday,Medium_Load,0.00,16.78
30/12/2018 18:15,3.89,Weekend,Sunday,Light_Load,0.00,10.76
30/07/2018 14:15,48.64,Weekday,Monday,Maximum_Load,27.83,0.00
27/08/2018 23:30,2.66,Weekday,Monday,Light_Load,4.14,0.00
21/07/2018 12:00,10.87,Weekend,Saturday,Maximum_Load,9.90,0.00
08/05/2018 23:15,3.71,Weekday,Tuesday,Light_Load,3.49,0.00
31/05/2018 04:30,3.02,Weekday,Thursday,Light_Load,5.22,0.00
10/08/2018 06:15,2.52,Weekday,Friday,Light_Load,4.10,0.00
29/08/2018 17:15,53.64,Weekday,Wednesday,Medium_Load,29.84,0.00
28/06/2018 15:30,47.84,Weekday,Thursday,Maximum_Load,20.66,0.00
20/11/2018 01:15,3.64,Weekday,Tuesday,Light_Load,3.42,0.00
05/08/2018 19:30,3.10,Weekend,Sunday,Light_Load,0.00,16.34
09/12/2018 09:45,3.31,Weekend,Sunday,Light_Load,0.00,14.15
04/09/2018 05:30,2.59,Weekday,Tuesday,Light_Load,4.86,0.00
21/06/2018 09:00,58.39,Weekday,Thursday,Light_Load,36.61,0.00
09/10/2018 06:00,2.56,Weekday,Tuesday,Light_Load,4.64,0.00
03/12/2018 07:45,5.98,Weekday,Monday,Light_Load,2.84,0.04
01/04/2018 08:15,2.70,Weekend,Sunday,Light_Load,3.64,0.00
15/11/2018 09:45,113.15,Weekday,Thursday,Medium_Load,54.97,0.00
13/03/2018 02:15,4.54,Weekday,Tuesday,Light_Load,6.80,0.00
04/01/2018 14:30,121.93,Weekday,Thursday,Medium_Load,43.56,0.00
02/08/2018 18:45,2.92,Weekday,Thursday,Light_Load,0.00,10.76
09/07/2018 20:00,48.10,Weekday,Monday,Medium_Load,14.62,0.00
02/05/2018 21:00,20.74,Weekday,Wednesday,Medium_Load,0.04,14.90
03/03/2018 17:30,5.54,Weekend,Saturday,Medium_Load,0.00,26.39
07/08/2018 11:15,96.23,Weekday,Tuesday,Maximum_Load,53.03,0.00
06/12/2018 20:30,38.84,Weekday,Thursday,Medium_Load,8.75,0.00
03/11/2018 20:15,3.74,Weekend,Saturday,Medium_Load,0.00,18.50
15/03/2018 18:15,58.50,Weekday,Thursday,Medium_Load,42.80,0.47
28/08/2018 05:30,2.52,Weekday,Tuesday,Light_Load,4.28,0.00
04/10/2018 16:45,75.20,Weekday,Thursday,Maximum_Load,51.84,0.00
28/10/2018 11:00,2.99,Weekend,Sunday,Light_Load,0.00,10.84
25/07/2018 12:30,5.44,Weekday,Wednesday,Medium_Load,0.00,23.69
17/12/2018 04:00,3.60,Weekday,Monday,Light_Load,2.77,0.00
31/03/2018 03:30,2.74,Weekend,Saturday,Light_Load,3.60,0.00
15/11/2018 03:15,3.56,Weekday,Thursday,Light_Load,5.15,0.00
08/09/2018 20:30,2.99,Weekend,Saturday,Medium_Load,0.00,11.52
10/09/2018 12:30,4.57,Weekday,Monday,Medium_Load,0.00,17.24
01/04/2018 06:00,2.77,Weekend,Sunday,Light_Load,3.64,0.00
21/11/2018 10:45,69.66,Weekday,Wednesday,Maximum_Load,31.03,0.00
10/04/2018 10:30,61.92,Weekday,Tuesday,Maximum_Load,24.23,0.00
22/10/2018 08:45,48.35,Weekday,Monday,Light_Load,38.02,0.00
02/04/2018 11:00,47.30,Weekday,Monday,Maximum_Load,19.62,0.00
11/11/2018 23:15,2.63,Weekend,Sunday,Light_Load,2.81,0.00
11/04/2018 20:30,71.50,Weekday,Wednesday,Medium_Load,17.64,0.04
16/12/2018 07:15,3.38,Weekend,Sunday,Light_Load,2.74,0.00
17/01/2018 08:45,62.75,Weekday,Wednesday,Light_Load,49.18,0.00
25/02/2018 06:45,4.46,Weekend,Sunday,Light_Load,5.22,0.00
01/06/2018 22:15,3.64,Weekday,Friday,Medium_Load,1.66,13.00
30/06/2018 04:45,2.84,Weekend,Saturday,Light_Load,4.68,0.00
25/11/2018 08:00,2.92,Weekend,Sunday,Light_Load,3.35,0.00
16/04/2018 02:00,3.10,Weekday,Monday,Light_Load,3.78,0.00
01/06/2018 20:15,3.60,Weekday,Friday,Medium_Load,0.00,25.16
02/01/2018 00:45,3.28,Weekday,Tuesday,Light_Load,3.67,0.00
29/07/2018 09:00,35.39,Weekend,Sunday,Light_Load,4.32,0.43
09/06/2018 02:30,2.92,Weekend,Saturday,Light_Load,5.47,0.00
28/05/2018 01:45,3.02,Weekday,Monday,Light_Load,6.01,0.00
15/03/2018 05:15,3.46,Weekday,Thursday,Light_Load,5.58,0.00
07/02/2018 10:15,69.34,Weekday,Wednesday,Maximum_Load,27.04,0.00
29/03/2018 01:30,3.71,Weekday,Thursday,Light_Load,4.39,0.00
25/09/2018 11:30,2.66,Weekday,Tuesday,Light_Load,0.00,11.77
01/02/2018 14:00,105.37,Weekday,Thursday,Medium_Load,48.10,0.00
25/06/2018 13:15,75.13,Weekday,Monday,Maximum_Load,23.47,1.55
27/06/2018 14:00,67.21,Weekday,Wednesday,Maximum_Load,32.62,0.00
16/12/2018 10:45,54.86,Weekend,Sunday,Maximum_Load,20.41,0.00
20/06/2018 22:15,3.67,Weekday,Wednesday,Medium_Load,0.94,13.32
30/07/2018 00:30,2.66,Weekday,Monday,Light_Load,4.72,0.00
17/12/2018 19:30,5.62,Weekday,Monday,Maximum_Load,0.00,21.85
03/04/2018 03:45,3.38,Weekday,Tuesday,Light_Load,4.21,0.00
17/05/2018 15:00,97.02,Weekday,Thursday,Maximum_Load,40.25,0.00
08/06/2018 22:45,3.46,Weekday,Friday,Medium_Load,4.93,0.00
25/05/2018 05:30,3.10,Weekday,Friday,Light_Load,3.46,0.00
29/08/2018 18:45,56.16,Weekday,Wednesday,Medium_Load,40.64,0.00
31/01/2018 04:15,5.87,Weekday,Wednesday,Light_Load,5.44,0.00
23/01/2018 21:00,42.44,Weekday,Tuesday,Medium_Load,2.63,3.35
30/11/2018 19:15,44.96,Weekday,Friday,Maximum_Load,15.19,0.00
23/12/2018 13:45,3.67,Weekend,Sunday,Light_Load,0.00,13.64
07/01/2018 12:15,3.53,Weekend,Sunday,Light_Load,0.00,13.21
28/02/2018 21:45,5.80,Weekday,Wednesday,Medium_Load,0.00,25.88
28/06/2018 02:45,3.31,Weekday,Thursday,Light_Load,4.10,0.00
09/02/2018 14:00,66.85,Weekday,Friday,Medium_Load,24.34,0.00
20/12/2018 23:00,5.04,Weekday,Thursday,Maximum_Load,2.63,0.00
26/05/2018 11:45,33.95,Weekend,Saturday,Maximum_Load,16.70,0.00
29/08/2018 07:30,3.24,Weekday,Wednesday,Light_Load,4.90,0.00
31/07/2018 10:30,63.86,Weekday,Tuesday,Maximum_Load,21.60,0.00
15/07/2018 02:30,2.88,Weekend,Sunday,Light_Load,0.00,4.50
21/09/2018 14:45,8.60,Weekday,Friday,Maximum_Load,0.00,15.08
30/01/2018 00:00,97.99,Weekday,Tuesday,Light_Load,47.77,0.00
31/05/2018 04:45,2.92,Weekday,Thursday,Light_Load,5.29,0.00
24/11/2018 07:45,3.53,Weekend,Saturday,Light_Load,3.20,0.00
11/10/2018 22:00,3.92,Weekday,Thursday,Medium_Load,0.04,15.98
31/03/2018 02:15,2.74,Weekend,Saturday,Light_Load,3.60,0.00
09/02/2018 10:30,57.28,Weekday,Friday,Maximum_Load,13.28,0.00
26/02/2018 02:15,3.85,Weekday,Monday,Light_Load,3.49,0.00
26/11/2018 13:15,56.52,Weekday,Monday,Medium_Load,25.31,7.20
09/01/2018 16:00,123.30,Weekday,Tuesday,Medium_Load,49.03,0.00
14/07/2018 18:30,2.99,Weekend,Saturday,Medium_Load,0.00,5.15
05/09/2018 19:00,45.90,Weekday,Wednesday,Medium_Load,21.96,0.00
25/08/2018 06:15,2.77,Weekend,Saturday,Light_Load,5.29,0.00
23/09/2018 22:30,2.63,Weekend,Sunday,Light_Load,5.76,0.00
07/07/2018 09:30,54.90,Weekend,Saturday,Medium_Load,25.49,0.00
28/11/2018 17:15,83.74,Weekday,Wednesday,Maximum_Load,34.63,0.00
28/07/2018 06:30,3.28,Weekend,Saturday,Light_Load,5.22,0.00
16/02/2018 11:30,3.31,Weekday,Friday,Light_Load,0.00,4.75
19/02/2018 12:00,58.28,Weekday,Monday,Maximum_Load,30.28,0.04
21/10/2018 02:30,2.74,Weekend,Sunday,Light_Load,4.36,0.00
14/10/2018 20:00,2.99,Weekend,Sunday,Light_Load,0.00,11.45
28/04/2018 09:30,69.30,Weekend,Saturday,Medium_Load,4.28,0.90
11/09/2018 07:45,2.99,Weekday,Tuesday,Light_Load,4.93,0.00
20/12/2018 07:15,3.96,Weekday,Thursday,Light_Load,2.70,0.36
28/11/2018 07:15,22.46,Weekday,Wednesday,Light_Load,15.70,0.00
19/12/2018 21:45,4.25,Weekday,Wednesday,Medium_Load,0.00,21.96
04/11/2018 23:15,2.92,Weekend,Sunday,Light_Load,4.18,0.00
26/08/2018 21:15,3.13,Weekend,Sunday,Medium_Load,0.00,13.90
16/02/2018 08:15,3.06,Weekday,Friday,Light_Load,3.49,0.00
02/04/2018 01:45,2.92,Weekday,Monday,Light_Load,4.36,0.00
21/12/2018 20:30,5.44,Weekday,Friday,Medium_Load,0.00,21.35
17/07/2018 20:15,37.48,Weekday,Tuesday,Medium_Load,5.00,0.00
24/02/2018 10:00,88.78,Weekend,Saturday,Medium_Load,13.00,0.00
13/02/2018 06:15,4.75,Weekday,Tuesday,Light_Load,5.15,0.00
02/06/2018 23:45,2.88,Weekend,Saturday,Light_Load,5.29,0.00
01/09/2018 15:30,26.17,Weekend,Saturday,Maximum_Load,0.58,1.94
11/07/2018 13:15,42.88,Weekday,Wednesday,Maximum_Load,14.54,6.12
17/02/2018 01:45,3.13,Weekend,Saturday,Light_Load,3.85,0.00
12/03/2018 05:45,3.10,Weekday,Monday,Light_Load,3.24,0.00
05/05/2018 04:30,2.99,Weekend,Saturday,Light_Load,3.82,0.00
30/11/2018 07:00,3.35,Weekday,Friday,Light_Load,3.31,0.00
04/05/2018 21:30,3.85,Weekday,Friday,Medium_Load,0.00,25.99
04/05/2018 02:15,4.61,Weekday,Friday,Light_Load,5.15,0.00
28/10/2018 08:30,2.81,Weekend,Sunday,Light_Load,5.58,0.00
29/11/2018 21:45,5.65,Weekday,Thursday,Medium_Load,0.00,20.02
08/01/2018 21:15,13.57,Weekday,Monday,Medium_Load,0.14,20.30
08/04/2018 16:00,27.00,Weekend,Sunday,Maximum_Load,0.00,8.24
19/04/2018 15:30,66.06,Weekday,Thursday,Maximum_Load,33.23,0.00
31/05/2018 17:00,39.78,Weekday,Thursday,Maximum_Load,8.57,0.00
05/03/2018 00:15,2.99,Weekday,Monday,Light_Load,3.71,0.00
05/01/2018 01:15,4.68,Weekday,Friday,Light_Load,5.36,0.00
12/07/2018 13:00,4.61,Weekday,Thursday,Medium_Load,0.00,20.77
29/03/2018 06:00,3.02,Weekday,Thursday,Light_Load,3.96,0.00
13/09/2018 15:15,109.01,Weekday,Thursday,Maximum_Load,54.58,0.00
25/10/2018 20:00,57.06,Weekday,Thursday,Medium_Load,28.08,0.00
28/06/2018 22:15,3.82,Weekday,Thursday,Medium_Load,1.01,12.71
19/06/2018 21:00,14.98,Weekday,Tuesday,Medium_Load,0.61,15.70
07/10/2018 22:15,2.59,Weekend,Sunday,Light_Load,4.97,0.04
22/07/2018 19:30,3.53,Weekend,Sunday,Light_Load,0.00,16.78
06/07/2018 15:45,111.24,Weekday,Friday,Maximum_Load,44.28,0.00
25/04/2018 14:15,59.62,Weekday,Wednesday,Maximum_Load,26.93,0.00
16/06/2018 12:00,4.68,Weekend,Saturday,Maximum_Load,0.32,4.25
02/03/2018 16:15,26.42,Weekday,Friday,Maximum_Load,0.00,12.67
10/09/2018 20:00,3.49,Weekday,Monday,Medium_Load,0.00,17.71
09/10/2018 13:00,3.89,Weekday,Tuesday,Medium_Load,0.00,14.72
03/10/2018 10:00,57.10,Weekday,Wednesday,Medium_Load,36.79,0.00
10/09/2018 07:00,2.74,Weekday,Monday,Light_Load,5.54,0.00
18/06/2018 13:15,72.65,Weekday,Monday,Maximum_Load,22.82,2.05
02/05/2018 02:30,2.88,Weekday,Wednesday,Light_Load,4.32,0.00
23/11/2018 23:15,4.68,Weekday,Friday,Light_Load,2.59,0.00
30/09/2018 10:00,2.77,Weekend,Sunday,Light_Load,0.00,11.66
29/12/2018 05:45,2.99,Weekend,Saturday,Light_Load,2.27,0.00
03/02/2018 04:15,5.90,Weekend,Saturday,Light_Load,4.68,0.00
10/08/2018 07:30,3.53,Weekday,Friday,Light_Load,5.08,0.00
29/11/2018 23:00,4.03,Weekday,Thursday,Maximum_Load,5.26,0.00
20/04/2018 23:30,3.46,Weekday,Friday,Light_Load,3.46,0.00
27/03/2018 15:15,38.41,Weekday,Tuesday,Maximum_Load,3.13,0.61
11/11/2018 13:00,3.02,Weekend,Sunday,Light_Load,0.00,11.99
06/05/2018 21:30,3.20,Weekend,Sunday,Light_Load,0.00,16.99
20/06/2018 06:30,3.49,Weekday,Wednesday,Light_Load,6.30,0.00
18/07/2018 23:15,2.81,Weekday,Wednesday,Light_Load,0.00,4.86
13/11/2018 05:30,3.67,Weekday,Tuesday,Light_Load,6.48,0.00
29/09/2018 04:00,2.59,Weekend,Saturday,Light_Load,4.14,0.00
13/02/2018 08:15,40.46,Weekday,Tuesday,Light_Load,27.97,0.00
24/02/2018 01:30,6.70,Weekend,Saturday,Light_Load,5.26,0.00
11/06/2018 15:15,88.02,Weekday,Monday,Maximum_Load,47.84,0.00
14/01/2018 07:30,4.10,Weekend,Sunday,Light_Load,4.07,0.00
26/08/2018 19:15,3.06,Weekend,Sunday,Medium_Load,0.00,13.72
27/06/2018 08:45,51.41,Weekday,Wednesday,Light_Load,48.96,0.00
10/03/2018 03:45,3.13,Weekend,Saturday,Light_Load,2.74,0.00
07/05/2018 04:45,2.95,Weekday,Monday,Light_Load,4.07,0.00
01/01/2018 11:45,4.00,Weekday,Monday,Light_Load,0.00,6.70
24/05/2018 16:00,86.72,Weekday,Thursday,Maximum_Load,38.70,0.00
28/12/2018 04:45,4.10,Weekday,Friday,Light_Load,2.70,0.22
02/10/2018 14:45,53.75,Weekday,Tuesday,Maximum_Load,36.40,0.00
06/11/2018 08:45,60.37,Weekday,Tuesday,Light_Load,50.51,0.00
14/05/2018 00:00,4.54,Weekday,Monday,Light_Load,5.98,0.00
13/05/2018 21:15,3.20,Weekend,Sunday,Light_Load,0.00,16.92
19/06/2018 10:15,37.26,Weekday,Tuesday,Maximum_Load,5.18,0.97
13/12/2018 10:00,56.84,Weekday,Thursday,Medium_Load,17.93,0.00
10/02/2018 02:00,7.06,Weekend,Saturday,Light_Load,5.80,0.00
01/06/2018 07:30,3.10,Weekday,Friday,Light_Load,5.29,0.00
11/01/2018 18:45,116.06,Weekday,Thursday,Maximum_Load,47.88,0.00
07/11/2018 18:45,52.49,Weekday,Wednesday,Maximum_Load,29.38,0.00
28/03/2018 07:00,2.95,Weekday,Wednesday,Light_Load,3.24,0.00
09/06/2018 12:00,2.92,Weekend,Saturday,Light_Load,0.00,4.61
24/04/2018 18:30,80.64,Weekday,Tuesday,Medium_Load,46.76,0.00
06/06/2018 17:15,88.99,Weekday,Wednesday,Medium_Load,39.53,0.00
29/05/2018 04:15,3.06,Weekday,Tuesday,Light_Load,5.11,0.00
31/10/2018 16:00,56.88,Weekday,Wednesday,Maximum_Load,34.42,0.00
12/01/2018 02:30,4.79,Weekday,Friday,Light_Load,5.22,0.00
23/05/2018 23:30,3.38,Weekday,Wednesday,Light_Load,3.78,0.00
30/11/2018 16:30,44.75,Weekday,Friday,Medium_Load,11.63,0.00
11/09/2018 09:15,115.13,Weekday,Tuesday,Medium_Load,61.56,0.00
16/08/2018 12:30,4.64,Weekday,Thursday,Medium_Load,0.00,14.15
12/06/2018 11:45,60.77,Weekday,Tuesday,Maximum_Load,42.48,0.00
16/02/2018 14:00,3.38,Weekday,Friday,Light_Load,0.00,16.96
03/01/2018 07:45,7.92,Weekday,Wednesday,Light_Load,4.68,0.00
14/01/2018 14:00,30.78,Weekend,Sunday,Medium_Load,0.47,5.94
19/04/2018 14:15,56.81,Weekday,Thursday,Maximum_Load,23.22,0.00
25/05/2018 16:30,69.80,Weekday,Friday,Maximum_Load,47.27,0.00
21/10/2018 10:45,2.99,Weekend,Sunday,Light_Load,0.00,11.30
14/03/2018 05:30,3.31,Weekday,Wednesday,Light_Load,4.82,0.00
04/05/2018 07:15,3.02,Weekday,Friday,Light_Load,4.28,0.00
09/11/2018 05:00,2.88,Weekday,Friday,Light_Load,4.25,0.00
31/07/2018 03:15,2.95,Weekday,Tuesday,Light_Load,4.07,0.00
09/09/2018 19:45,2.99,Weekend,Sunday,Medium_Load,0.00,11.66
13/08/2018 06:45,2.74,Weekday,Monday,Light_Load,5.18,0.00
20/09/2018 17:15,50.33,Weekday,Thursday,Medium_Load,29.41,0.00
05/06/2018 10:30,49.97,Weekday,Tuesday,Maximum_Load,27.86,0.00
27/03/2018 18:00,30.31,Weekday,Tuesday,Medium_Load,0.00,9.18
06/10/2018 17:00,84.56,Weekend,Saturday,Maximum_Load,33.62,0.00
24/03/2018 19:30,4.46,Weekend,Saturday,Medium_Load,0.00,26.24
23/01/2018 04:30,38.12,Weekday,Tuesday,Light_Load,27.43,0.00
28/07/2018 03:00,3.64,Weekend,Saturday,Light_Load,5.98,0.00
18/07/2018 12:00,47.59,Weekday,Wednesday,Maximum_Load,45.61,0.00
17/10/2018 15:45,67.39,Weekday,Wednesday,Maximum_Load,48.17,0.00
19/02/2018 08:45,74.48,Weekday,Monday,Light_Load,58.32,0.00
31/10/2018 22:30,4.14,Weekday,Wednesday,Medium_Load,7.52,0.00
05/10/2018 00:45,3.42,Weekday,Friday,Light_Load,6.48,0.00
13/09/2018 02:45,2.99,Weekday,Thursday,Light_Load,5.58,0.00
23/06/2018 00:45,2.70,Weekend,Saturday,Light_Load,4.43,0.00
10/02/2018 22:15,4.64,Weekend,Saturday,Light_Load,1.76,15.34
11/05/2018 09:45,69.08,Weekday,Friday,Medium_Load,37.44,0.00
24/04/2018 10:45,47.27,Weekday,Tuesday,Maximum_Load,8.32,0.00
22/12/2018 21:30,5.51,Weekend,Saturday,Light_Load,0.00,20.84
22/04/2018 19:15,4.07,Weekend,Sunday,Medium_Load,0.00,21.24
03/10/2018 22:15,2.74,Weekday,Wednesday,Medium_Load,5.18,0.11
14/09/2018 12:00,63.40,Weekday,Friday,Maximum_Load,52.63,0.00
29/03/2018 05:45,3.10,Weekday,Thursday,Light_Load,3.92,0.00
27/11/2018 22:15,24.88,Weekday,Tuesday,Maximum_Load,15.66,0.00
30/04/2018 17:45,50.90,Weekday,Monday,Medium_Load,18.14,0.43
29/07/2018 12:00,11.09,Weekend,Sunday,Maximum_Load,4.54,3.06
03/12/2018 20:30,45.36,Weekday,Monday,Medium_Load,18.40,0.00
07/02/2018 22:15,37.84,Weekday,Wednesday,Maximum_Load,12.56,2.45
31/08/2018 18:15,31.82,Weekday,Friday,Medium_Load,10.37,0.54
08/01/2018 13:30,76.14,Weekday,Monday,Medium_Load,37.66,0.00
30/06/2018 18:00,3.89,Weekend,Saturday,Medium_Load,0.00,17.24
05/01/2018 23:00,4.07,Weekday,Friday,Maximum_Load,4.07,0.00
01/01/2018 22:45,3.24,Weekday,Monday,Light_Load,3.35,0.00
13/11/2018 03:15,3.74,Weekday,Tuesday,Light_Load,6.52,0.00
28/12/2018 06:00,3.06,Weekday,Friday,Light_Load,1.84,0.40
09/02/2018 11:30,66.46,Weekday,Friday,Maximum_Load,40.10,0.00
29/07/2018 16:30,32.54,Weekend,Sunday,Maximum_Load,2.12,1.22
01/10/2018 22:45,3.24,Weekday,Monday,Medium_Load,6.91,0.00
03/05/2018 16:00,80.78,Weekday,Thursday,Maximum_Load,31.82,0.00
26/07/2018 20:30,52.60,Weekday,Thursday,Medium_Load,20.09,0.11
13/06/2018 00:45,3.24,Weekday,Wednesday,Light_Load,4.86,0.00
21/09/2018 19:45,2.77,Weekday,Friday,Medium_Load,0.00,11.92
30/05/2018 04:30,2.99,Weekday,Wednesday,Light_Load,5.15,0.00
18/05/2018 00:30,3.71,Weekday,Friday,Light_Load,4.79,0.00
22/11/2018 20:45,68.98,Weekday,Thursday,Medium_Load,27.90,0.00
21/03/2018 04:00,3.31,Weekday,Wednesday,Light_Load,3.60,0.00
10/02/2018 00:15,88.60,Weekend,Saturday,Light_Load,49.14,0.00
13/02/2018 18:45,90.86,Weekday,Tuesday,Maximum_Load,14.90,0.11
10/05/2018 20:30,58.07,Weekday,Thursday,Medium_Load,30.78,0.00
26/05/2018 08:30,35.46,Weekend,Saturday,Light_Load,31.82,0.00
19/12/2018 20:00,5.33,Weekday,Wednesday,Maximum_Load,0.00,22.36
14/05/2018 16:15,54.22,Weekday,Monday,Maximum_Load,23.98,0.00
04/02/2018 13:15,4.32,Weekend,Sunday,Light_Load,0.00,16.92
15/02/2018 05:45,3.92,Weekday,Thursday,Light_Load,6.26,0.00
14/05/2018 19:30,60.44,Weekday,Monday,Medium_Load,32.65,0.00
07/01/2018 12:45,3.74,Weekend,Sunday,Light_Load,0.00,17.96
23/06/2018 13:15,29.05,Weekend,Saturday,Maximum_Load,4.21,6.08
28/07/2018 21:00,2.84,Weekend,Saturday,Medium_Load,0.00,17.24
07/07/2018 07:15,3.02,Weekend,Saturday,Light_Load,4.50,0.00
04/12/2018 14:45,53.46,Weekday,Tuesday,Medium_Load,29.38,0.00
07/11/2018 08:30,54.94,Weekday,Wednesday,Light_Load,45.83,0.00
12/03/2018 02:45,3.82,Weekday,Monday,Light_Load,5.08,0.00
02/12/2018 06:00,3.35,Weekend,Sunday,Light_Load,2.74,0.00
23/01/2018 07:15,39.49,Weekday,Tuesday,Light_Load,29.02,0.00
27/12/2018 11:15,51.16,Weekday,Thursday,Maximum_Load,14.94,0.00
17/08/2018 13:30,81.14,Weekday,Friday,Maximum_Load,46.33,0.00
07/02/2018 17:00,70.02,Weekday,Wednesday,Medium_Load,21.92,0.00
04/03/2018 22:00,3.74,Weekend,Sunday,Light_Load,0.00,22.32
29/03/2018 15:30,47.66,Weekday,Thursday,Maximum_Load,20.41,0.00
26/07/2018 16:30,53.64,Weekday,Thursday,Maximum_Load,17.71,0.00
29/12/2018 02:30,3.82,Weekend,Saturday,Light_Load,3.38,0.00
24/02/2018 00:45,82.30,Weekend,Saturday,Light_Load,40.10,0.00
05/07/2018 15:15,81.04,Weekday,Thursday,Maximum_Load,27.61,0.00
14/12/2018 14:45,84.74,Weekday,Friday,Medium_Load,35.42,0.00
13/12/2018 07:45,5.69,Weekday,Thursday,Light_Load,2.70,0.50
05/09/2018 19:30,51.34,Weekday,Wednesday,Medium_Load,23.29,0.00
07/03/2018 13:00,6.48,Weekday,Wednesday,Medium_Load,0.00,26.10
27/09/2018 02:00,2.52,Weekday,Thursday,Light_Load,5.29,0.00
15/11/2018 03:45,4.43,Weekday,Thursday,Light_Load,5.18,0.00
11/08/2018 20:45,3.10,Weekend,Saturday,Medium_Load,0.00,14.58
17/06/2018 01:30,2.88,Weekend,Sunday,Light_Load,4.18,0.00
13/09/2018 03:15,2.74,Weekday,Thursday,Light_Load,4.90,0.00
14/04/2018 08:15,17.39,Weekend,Saturday,Light_Load,14.65,0.00
22/05/2018 04:00,3.06,Weekday,Tuesday,Light_Load,4.10,0.00
04/07/2018 18:00,36.68,Weekday,Wednesday,Medium_Load,3.10,3.85
11/10/2018 19:45,114.98,Weekday,Thursday,Medium_Load,56.09,0.00
01/04/2018 03:30,2.84,Weekend,Sunday,Light_Load,4.18,0.00
15/08/2018 16:00,99.68,Weekday,Wednesday,Maximum_Load,40.43,0.00
25/11/2018 07:00,2.81,Weekend,Sunday,Light_Load,2.84,0.00
03/02/2018 10:15,38.12,Weekend,Saturday,Maximum_Load,1.04,2.09
30/01/2018 21:15,70.13,Weekday,Tuesday,Medium_Load,8.96,0.50
12/07/2018 15:15,54.86,Weekday,Thursday,Maximum_Load,17.17,0.00
11/07/2018 06:45,3.35,Weekday,Wednesday,Light_Load,4.50,0.00
05/11/2018 10:15,61.56,Weekday,Monday,Maximum_Load,31.54,0.00
02/08/2018 09:45,2.70,Weekday,Thursday,Light_Load,0.00,17.46
10/05/2018 13:30,60.34,Weekday,Thursday,Maximum_Load,28.58,0.00
27/10/2018 06:45,3.49,Weekend,Saturday,Light_Load,7.20,0.00
18/04/2018 21:15,4.82,Weekday,Wednesday,Medium_Load,0.00,26.39
29/03/2018 00:00,3.49,Weekday,Thursday,Light_Load,4.64,0.00
06/05/2018 09:00,3.13,Weekend,Sunday,Light_Load,0.00,13.18
29/11/2018 02:30,4.03,Weekday,Thursday,Light_Load,4.68,0.00
23/02/2018 00:00,89.57,Weekday,Friday,Light_Load,41.62,0.00
06/03/2018 18:15,49.25,Weekday,Tuesday,Medium_Load,20.52,0.04
21/08/2018 19:15,56.27,Weekday,Tuesday,Medium_Load,32.51,0.00
07/01/2018 00:45,3.64,Weekend,Sunday,Light_Load,3.60,0.00
29/03/2018 13:00,4.39,Weekday,Thursday,Medium_Load,0.00,17.21
05/07/2018 12:15,8.42,Weekday,Thursday,Medium_Load,1.15,15.84
01/02/2018 11:30,108.11,Weekday,Thursday,Maximum_Load,58.32,0.00
29/03/2018 14:30,72.00,Weekday,Thursday,Maximum_Load,38.09,0.00
25/01/2018 01:15,36.94,Weekday,Thursday,Light_Load,26.35,0.00
03/12/2018 02:00,3.49,Weekday,Monday,Light_Load,2.59,0.00
17/01/2018 04:30,4.64,Weekday,Wednesday,Light_Load,4.50,0.00
06/07/2018 18:00,32.98,Weekday,Friday,Medium_Load,0.47,3.78
09/08/2018 00:45,2.70,Weekday,Thursday,Light_Load,4.82,0.00
20/07/2018 03:45,2.81,Weekday,Friday,Light_Load,5.15,0.00
12/05/2018 08:15,3.82,Weekend,Saturday,Light_Load,5.22,0.00
20/12/2018 08:15,39.49,Weekday,Thursday,Light_Load,26.78,0.11
30/03/2018 17:45,42.62,Weekday,Friday,Medium_Load,7.27,0.04
21/05/2018 11:00,55.40,Weekday,Monday,Maximum_Load,27.11,0.00
12/05/2018 11:00,22.79,Weekend,Saturday,Maximum_Load,0.00,14.15
13/08/2018 04:30,2.81,Weekday,Monday,Light_Load,5.36,0.00
15/11/2018 22:30,3.85,Weekday,Thursday,Maximum_Load,7.52,0.00
10/10/2018 17:45,32.54,Weekday,Wednesday,Medium_Load,1.12,0.97
22/10/2018 09:15,47.41,Weekday,Monday,Medium_Load,18.86,0.00
21/07/2018 00:30,2.99,Weekend,Saturday,Light_Load,0.00,4.82
13/07/2018 14:00,48.24,Weekday,Friday,Maximum_Load,10.84,0.00
13/12/2018 03:00,4.21,Weekday,Thursday,Light_Load,3.24,0.18
05/07/2018 13:45,50.94,Weekday,Thursday,Maximum_Load,23.26,0.00
27/10/2018 05:00,3.42,Weekend,Saturday,Light_Load,6.37,0.00
17/11/2018 16:00,81.50,Weekend,Saturday,Medium_Load,32.08,0.00
02/12/2018 05:45,3.46,Weekend,Sunday,Light_Load,2.70,0.00
25/05/2018 08:00,3.71,Weekday,Friday,Light_Load,4.86,0.00
07/12/2018 08:45,60.19,Weekday,Friday,Light_Load,31.61,0.00
13/05/2018 14:30,3.56,Weekend,Sunday,Light_Load,0.00,22.07
29/12/2018 18:45,3.35,Weekend,Saturday,Light_Load,0.00,13.97
20/12/2018 11:45,71.46,Weekday,Thursday,Maximum_Load,35.50,0.00
24/06/2018 18:30,2.84,Weekend,Sunday,Medium_Load,0.00,5.15
16/05/2018 22:15,3.92,Weekday,Wednesday,Medium_Load,1.76,10.37
27/11/2018 16:30,53.46,Weekday,Tuesday,Medium_Load,23.26,0.00
27/02/2018 19:45,121.93,Weekday,Tuesday,Maximum_Load,48.31,0.00
06/03/2018 09:00,120.89,Weekday,Tuesday,Light_Load,47.38,0.00
16/04/2018 11:15,77.83,Weekday,Monday,Maximum_Load,55.40,0.00
22/02/2018 13:30,113.94,Weekday,Thursday,Medium_Load,51.34,0.00
07/03/2018 13:30,102.28,Weekday,Wednesday,Maximum_Load,43.78,0.00
15/12/2018 23:45,3.20,Weekend,Saturday,Light_Load,1.98,0.32
13/04/2018 17:30,32.54,Weekday,Friday,Medium_Load,0.83,6.16
27/11/2018 06:15,5.62,Weekday,Tuesday,Light_Load,4.03,0.00
18/09/2018 12:45,4.07,Weekday,Tuesday,Medium_Load,0.00,14.58
03/04/2018 19:15,83.52,Weekday,Tuesday,Medium_Load,52.56,0.00
19/01/2018 02:15,82.26,Weekday,Friday,Light_Load,42.59,0.00
15/12/2018 14:00,3.31,Weekend,Saturday,Light_Load,0.00,14.83
21/10/2018 20:00,2.99,Weekend,Sunday,Light_Load,0.00,11.48
05/12/2018 07:45,4.32,Weekday,Wednesday,Light_Load,3.13,0.18
31/10/2018 08:00,4.25,Weekday,Wednesday,Light_Load,5.98,0.00
21/06/2018 02:30,2.88,Weekday,Thursday,Light_Load,4.90,0.00
24/12/2018 08:00,6.52,Weekday,Monday,Light_Load,2.34,0.22
11/04/2018 13:30,56.02,Weekday,Wednesday,Maximum_Load,26.96,0.00
04/06/2018 01:15,3.20,Weekday,Monday,Light_Load,5.44,0.00
02/12/2018 17:30,3.60,Weekend,Sunday,Light_Load,0.00,13.93
28/01/2018 14:00,28.51,Weekend,Sunday,Medium_Load,0.04,8.71
13/11/2018 21:15,32.15,Weekday,Tuesday,Medium_Load,9.29,0.00
14/02/2018 15:30,3.31,Weekday,Wednesday,Light_Load,0.00,17.53
07/06/2018 18:15,38.77,Weekday,Thursday,Medium_Load,22.97,0.54
31/03/2018 22:45,2.77,Weekend,Saturday,Light_Load,3.96,0.00
29/10/2018 06:00,2.70,Weekday,Monday,Light_Load,4.79,0.00
24/03/2018 03:45,3.67,Weekend,Saturday,Light_Load,4.28,0.00
28/11/2018 07:30,22.93,Weekday,Wednesday,Light_Load,15.16,0.00
06/02/2018 12:15,21.10,Weekday,Tuesday,Medium_Load,6.12,17.53
26/10/2018 21:00,47.02,Weekday,Friday,Medium_Load,24.48,0.18
19/02/2018 03:15,3.28,Weekday,Monday,Light_Load,4.86,0.00
11/06/2018 06:30,2.77,Weekday,Monday,Light_Load,5.00,0.00
18/06/2018 14:30,94.36,Weekday,Monday,Maximum_Load,28.51,0.00
27/10/2018 02:30,3.17,Weekend,Saturday,Light_Load,6.05,0.00
16/08/2018 07:30,3.49,Weekday,Thursday,Light_Load,4.75,0.00
20/09/2018 12:30,10.15,Weekday,Thursday,Medium_Load,0.22,8.68
22/12/2018 16:45,3.56,Weekend,Saturday,Light_Load,0.00,14.08
26/12/2018 14:15,57.02,Weekday,Wednesday,Medium_Load,20.52,0.00
09/01/2018 03:15,4.72,Weekday,Tuesday,Light_Load,4.57,0.00
30/12/2018 07:15,4.36,Weekend,Sunday,Light_Load,3.85,0.00
08/12/2018 10:45,47.66,Weekend,Saturday,Maximum_Load,13.28,0.29
27/03/2018 00:30,3.82,Weekday,Tuesday,Light_Load,4.79,0.00
10/03/2018 00:30,3.02,Weekend,Saturday,Light_Load,2.56,0.00
12/07/2018 16:15,57.46,Weekday,Thursday,Maximum_Load,23.98,0.00
19/04/2018 04:30,2.99,Weekday,Thursday,Light_Load,3.60,0.00
11/09/2018 07:00,2.52,Weekday,Tuesday,Light_Load,5.18,0.00
16/07/2018 12:15,5.69,Weekday,Monday,Medium_Load,3.64,4.00
29/06/2018 23:45,3.28,Weekday,Friday,Light_Load,3.82,0.00
28/05/2018 21:30,3.92,Weekday,Monday,Medium_Load,0.00,17.78
21/07/2018 22:15,2.95,Weekend,Saturday,Medium_Load,0.00,14.44
13/12/2018 14:45,66.24,Weekday,Thursday,Medium_Load,33.73,0.00
15/02/2018 16:15,4.28,Weekday,Thursday,Light_Load,0.00,23.33
12/12/2018 06:45,3.42,Weekday,Wednesday,Light_Load,2.38,0.04
03/03/2018 15:00,79.16,Weekend,Saturday,Maximum_Load,11.30,0.22
01/01/2018 01:15,3.82,Weekday,Monday,Light_Load,4.50,0.00
03/04/2018 18:00,30.38,Weekday,Tuesday,Medium_Load,0.00,7.27
28/07/2018 23:15,2.88,Weekend,Saturday,Light_Load,3.71,0.00
09/03/2018 14:30,54.83,Weekday,Friday,Maximum_Load,15.34,0.00
31/01/2018 00:00,60.01,Weekday,Wednesday,Light_Load,34.70,0.00
26/04/2018 22:30,3.64,Weekday,Thursday,Medium_Load,3.20,0.00
29/12/2018 10:00,4.03,Weekend,Saturday,Light_Load,0.00,21.17
08/07/2018 20:15,3.56,Weekend,Sunday,Medium_Load,0.00,26.21
19/07/2018 13:00,26.32,Weekday,Thursday,Medium_Load,4.64,0.32
05/02/2018 08:45,69.77,Weekday,Monday,Light_Load,53.24,0.00
28/10/2018 20:30,2.95,Weekend,Sunday,Light_Load,0.00,11.34
23/05/2018 01:30,3.02,Weekday,Wednesday,Light_Load,4.90,0.00
09/12/2018 00:45,3.82,Weekend,Sunday,Light_Load,3.38,0.00
11/02/2018 02:45,3.89,Weekend,Sunday,Light_Load,4.00,0.00
09/01/2018 11:30,106.49,Weekday,Tuesday,Maximum_Load,55.62,0.00
09/02/2018 15:45,138.64,Weekday,Friday,Medium_Load,58.79,0.00
07/12/2018 10:30,46.22,Weekday,Friday,Maximum_Load,5.04,0.04
12/07/2018 05:00,3.28,Weekday,Thursday,Light_Load,5.18,0.00
15/02/2018 22:45,3.49,Weekday,Thursday,Light_Load,3.92,0.00
08/04/2018 21:15,3.92,Weekend,Sunday,Medium_Load,0.00,24.73
14/11/2018 20:15,5.15,Weekday,Wednesday,Medium_Load,0.00,17.78
12/01/2018 23:30,4.64,Weekday,Friday,Light_Load,3.38,0.00
15/07/2018 00:00,2.92,Weekend,Sunday,Light_Load,0.00,5.04
20/09/2018 14:30,48.85,Weekday,Thursday,Maximum_Load,27.86,0.00
04/07/2018 04:15,2.81,Weekday,Wednesday,Light_Load,3.82,0.00
19/10/2018 20:00,60.19,Weekday,Friday,Medium_Load,45.65,0.00
26/08/2018 01:00,2.59,Weekend,Sunday,Light_Load,4.36,0.00
25/11/2018 09:45,3.49,Weekend,Sunday,Light_Load,0.00,20.16
28/12/2018 22:30,4.97,Weekday,Friday,Maximum_Load,3.92,0.00
16/01/2018 12:00,92.66,Weekday,Tuesday,Maximum_Load,63.29,0.00
28/11/2018 04:45,22.46,Weekday,Wednesday,Light_Load,14.98,0.00
13/07/2018 02:15,2.77,Weekday,Friday,Light_Load,4.79,0.00
30/11/2018 04:45,3.46,Weekday,Friday,Light_Load,3.60,0.00
18/05/2018 00:45,3.82,Weekday,Friday,Light_Load,4.82,0.00
20/12/2018 00:00,3.89,Weekday,Thursday,Light_Load,2.74,0.32
20/12/2018 19:45,4.07,Weekday,Thursday,Maximum_Load,0.00,22.14
05/06/2018 11:45,116.10,Weekday,Tuesday,Maximum_Load,66.49,0.00
21/07/2018 23:45,2.92,Weekend,Saturday,Light_Load,0.00,5.40
04/09/2018 00:45,2.70,Weekday,Tuesday,Light_Load,5.22,0.00
18/02/2018 16:15,3.64,Weekend,Sunday,Light_Load,0.00,16.13
09/02/2018 09:15,114.73,Weekday,Friday,Medium_Load,48.13,0.00
12/10/2018 18:45,47.34,Weekday,Friday,Medium_Load,24.26,0.00
21/06/2018 00:15,4.50,Weekday,Thursday,Light_Load,6.26,0.00
30/11/2018 11:00,60.34,Weekday,Friday,Maximum_Load,27.07,0.00
22/09/2018 17:30,2.81,Weekend,Saturday,Light_Load,0.00,10.73
26/05/2018 03:00,3.17,Weekend,Saturday,Light_Load,5.29,0.00
17/06/2018 16:15,2.99,Weekend,Sunday,Light_Load,0.00,16.96
09/10/2018 15:45,86.80,Weekday,Tuesday,Maximum_Load,56.34,0.00
31/10/2018 05:45,3.38,Weekday,Wednesday,Light_Load,4.72,0.00
27/12/2018 06:45,4.21,Weekday,Thursday,Light_Load,2.92,0.04
31/03/2018 14:45,3.02,Weekend,Saturday,Light_Load,0.00,17.35
15/07/2018 19:30,47.45,Weekend,Sunday,Medium_Load,13.61,0.29
01/07/2018 23:30,2.92,Weekend,Sunday,Light_Load,3.67,0.00
07/10/2018 12:30,2.74,Weekend,Sunday,Light_Load,0.00,11.45
30/03/2018 09:00,64.91,Weekday,Friday,Light_Load,40.28,0.00
28/10/2018 23:30,2.74,Weekend,Sunday,Light_Load,4.75,0.00
23/03/2018 11:45,92.30,Weekday,Friday,Maximum_Load,54.43,0.00
04/02/2018 21:30,5.04,Weekend,Sunday,Light_Load,0.00,26.28
20/03/2018 22:30,4.00,Weekday,Tuesday,Medium_Load,5.51,0.00
03/11/2018 02:30,3.82,Weekend,Saturday,Light_Load,6.73,0.00
03/04/2018 13:45,108.79,Weekday,Tuesday,Maximum_Load,42.95,0.00
18/02/2018 20:15,3.56,Weekend,Sunday,Light_Load,0.00,16.67
03/07/2018 13:30,66.17,Weekday,Tuesday,Maximum_Load,32.44,0.00
17/06/2018 10:00,3.20,Weekend,Sunday,Light_Load,0.00,18.47
24/07/2018 13:15,42.08,Weekday,Tuesday,Maximum_Load,25.38,2.34
24/08/2018 08:45,64.44,Weekday,Friday,Light_Load,60.41,0.00
25/11/2018 17:15,2.95,Weekend,Sunday,Light_Load,0.00,14.40
17/08/2018 06:00,2.74,Weekday,Friday,Light_Load,6.01,0.00
05/05/2018 17:30,3.20,Weekend,Saturday,Light_Load,0.00,16.92
01/11/2018 18:15,16.31,Weekday,Thursday,Maximum_Load,4.46,3.74
07/10/2018 10:30,3.02,Weekend,Sunday,Light_Load,0.00,14.90
18/04/2018 02:00,3.64,Weekday,Wednesday,Light_Load,3.49,0.00
15/09/2018 22:00,2.88,Weekend,Saturday,Medium_Load,0.00,10.76
14/12/2018 03:45,4.14,Weekday,Friday,Light_Load,3.46,0.07
30/09/2018 21:00,2.77,Weekend,Sunday,Light_Load,0.00,11.99
28/12/2018 00:15,3.74,Weekday,Friday,Light_Load,2.23,0.50
09/05/2018 12:00,53.86,Weekday,Wednesday,Maximum_Load,42.08,0.00
03/04/2018 08:45,96.12,Weekday,Tuesday,Light_Load,68.65,0.00
02/03/2018 14:00,84.71,Weekday,Friday,Maximum_Load,14.15,1.01
27/04/2018 11:15,75.82,Weekday,Friday,Maximum_Load,35.42,0.00
06/06/2018 23:45,3.02,Weekday,Wednesday,Light_Load,5.40,0.00
04/06/2018 06:30,2.84,Weekday,Monday,Light_Load,5.51,0.00
19/11/2018 05:45,2.92,Weekday,Monday,Light_Load,4.28,0.00
18/04/2018 23:30,3.56,Weekday,Wednesday,Light_Load,3.31,0.00
04/07/2018 10:15,86.62,Weekday,Wednesday,Maximum_Load,49.75,0.00
17/10/2018 17:45,29.77,Weekday,Wednesday,Medium_Load,1.01,1.40
27/05/2018 14:45,3.17,Weekend,Sunday,Light_Load,0.00,16.88
20/07/2018 17:30,59.51,Weekday,Friday,Medium_Load,34.70,0.00
19/06/2018 10:30,38.38,Weekday,Tuesday,Maximum_Load,7.52,0.04
04/04/2018 18:15,5.54,Weekday,Wednesday,Medium_Load,0.00,10.48
03/04/2018 06:45,3.06,Weekday,Tuesday,Light_Load,4.21,0.00
04/07/2018 11:00,105.05,Weekday,Wednesday,Maximum_Load,34.49,0.00
28/08/2018 01:30,2.74,Weekday,Tuesday,Light_Load,4.03,0.00
12/11/2018 04:00,3.31,Weekday,Monday,Light_Load,5.04,0.00
19/07/2018 15:30,79.38,Weekday,Thursday,Maximum_Load,30.46,0.00
16/12/2018 19:00,5.69,Weekend,Sunday,Maximum_Load,0.00,21.31
08/04/2018 05:30,3.17,Weekend,Sunday,Light_Load,4.72,0.00
07/03/2018 07:00,3.82,Weekday,Wednesday,Light_Load,4.32,0.00
16/08/2018 22:00,3.60,Weekday,Thursday,Medium_Load,0.00,13.03
19/09/2018 00:30,2.74,Weekday,Wednesday,Light_Load,5.26,0.00
01/01/2018 06:00,3.78,Weekday,Monday,Light_Load,4.32,0.00
28/06/2018 22:45,3.56,Weekday,Thursday,Medium_Load,4.28,0.00
10/09/2018 13:45,89.75,Weekday,Monday,Maximum_Load,38.81,0.00
18/10/2018 17:15,81.22,Weekday,Thursday,Medium_Load,61.52,0.00
08/03/2018 15:00,65.74,Weekday,Thursday,Maximum_Load,30.20,0.00
01/06/2018 07:45,3.24,Weekday,Friday,Light_Load,4.82,0.00
18/12/2018 07:15,3.28,Weekday,Tuesday,Light_Load,2.12,0.18
31/05/2018 05:45,2.92,Weekday,Thursday,Light_Load,5.83,0.00
12/05/2018 09:30,5.18,Weekend,Saturday,Medium_Load,0.00,24.98
11/04/2018 03:45,3.28,Weekday,Wednesday,Light_Load,4.68,0.00
28/08/2018 20:30,60.16,Weekday,Tuesday,Medium_Load,33.26,0.00
04/08/2018 04:45,2.84,Weekend,Saturday,Light_Load,6.05,0.00
05/01/2018 13:45,114.05,Weekday,Friday,Medium_Load,36.43,0.00
24/06/2018 13:30,29.41,Weekend,Sunday,Maximum_Load,1.26,1.08
12/12/2018 21:45,5.76,Weekday,Wednesday,Medium_Load,0.00,21.60
03/01/2018 14:15,76.57,Weekday,Wednesday,Medium_Load,30.60,0.00
16/05/2018 13:45,124.88,Weekday,Wednesday,Maximum_Load,57.28,0.00
19/02/2018 17:15,87.19,Weekday,Monday,Maximum_Load,27.07,0.00
06/06/2018 22:00,3.82,Weekday,Wednesday,Medium_Load,0.00,16.60
08/05/2018 08:00,5.40,Weekday,Tuesday,Light_Load,5.87,0.00
01/06/2018 23:30,3.42,Weekday,Friday,Light_Load,4.32,0.00
19/03/2018 05:00,3.10,Weekday,Monday,Light_Load,3.53,0.00
01/04/2018 07:15,2.70,Weekend,Sunday,Light_Load,3.64,0.00
11/01/2018 16:00,106.92,Weekday,Thursday,Medium_Load,43.09,0.00
09/10/2018 02:30,2.59,Weekday,Tuesday,Light_Load,4.54,0.00
24/09/2018 21:15,2.88,Weekday,Monday,Light_Load,0.00,10.87
13/09/2018 10:45,51.80,Weekday,Thursday,Maximum_Load,29.30,0.00
10/10/2018 01:45,2.81,Weekday,Wednesday,Light_Load,4.82,0.00
19/12/2018 11:00,83.09,Weekday,Wednesday,Maximum_Load,43.96,0.00
03/10/2018 17:15,3.89,Weekday,Wednesday,Medium_Load,0.00,17.75
11/09/2018 04:00,2.66,Weekday,Tuesday,Light_Load,5.11,0.00
16/10/2018 19:15,72.11,Weekday,Tuesday,Medium_Load,51.62,0.00
01/08/2018 03:45,2.81,Weekday,Wednesday,Light_Load,4.86,0.00
01/11/2018 07:15,3.17,Weekday,Thursday,Light_Load,3.60,0.00
16/01/2018 17:45,55.69,Weekday,Tuesday,Maximum_Load,17.64,0.50
12/12/2018 20:45,53.35,Weekday,Wednesday,Medium_Load,16.96,0.04
21/02/2018 04:30,3.92,Weekday,Wednesday,Light_Load,3.78,0.00
02/11/2018 14:45,55.76,Weekday,Friday,Medium_Load,34.13,0.00
30/11/2018 06:00,5.11,Weekday,Friday,Light_Load,5.15,0.00
21/02/2018 02:00,5.94,Weekday,Wednesday,Light_Load,5.47,0.00
28/01/2018 08:15,4.25,Weekend,Sunday,Light_Load,5.29,0.00
13/11/2018 15:15,88.88,Weekday,Tuesday,Medium_Load,39.67,0.00
19/11/2018 04:00,2.92,Weekday,Monday,Light_Load,4.57,0.00
26/08/2018 14:15,5.62,Weekend,Sunday,Maximum_Load,0.00,19.12
17/12/2018 19:00,5.54,Weekday,Monday,Maximum_Load,0.00,22.21
22/07/2018 01:30,2.88,Weekend,Sunday,Light_Load,0.00,4.90
01/08/2018 14:15,3.31,Weekday,Wednesday,Light_Load,0.00,20.48
19/11/2018 12:30,6.08,Weekday,Monday,Medium_Load,0.00,21.92
08/05/2018 12:15,15.66,Weekday,Tuesday,Medium_Load,6.88,18.14
27/04/2018 21:45,3.64,Weekday,Friday,Medium_Load,0.00,26.39
22/05/2018 00:45,3.13,Weekday,Tuesday,Light_Load,4.28,0.00
03/08/2018 00:45,3.35,Weekday,Friday,Light_Load,5.83,0.00
19/08/2018 07:00,2.66,Weekend,Sunday,Light_Load,5.00,0.00
22/05/2018 14:15,92.09,Weekday,Tuesday,Maximum_Load,14.94,0.00
29/11/2018 14:15,57.28,Weekday,Thursday,Medium_Load,27.76,0.00
12/09/2018 02:15,2.88,Weekday,Wednesday,Light_Load,4.93,0.00
18/04/2018 10:00,109.55,Weekday,Wednesday,Medium_Load,33.44,0.00
28/09/2018 14:45,53.68,Weekday,Friday,Maximum_Load,31.86,0.00
29/09/2018 11:15,48.02,Weekend,Saturday,Maximum_Load,21.24,0.00
10/10/2018 23:45,3.56,Weekday,Wednesday,Light_Load,7.31,0.00
04/02/2018 23:30,3.74,Weekend,Sunday,Light_Load,3.38,0.00
09/05/2018 17:30,50.08,Weekday,Wednesday,Medium_Load,17.75,0.00
04/12/2018 10:45,58.86,Weekday,Tuesday,Maximum_Load,34.27,0.00
31/08/2018 23:00,4.64,Weekday,Friday,Medium_Load,7.88,0.00
06/09/2018 07:30,3.28,Weekday,Thursday,Light_Load,6.59,0.00
09/10/2018 18:00,26.39,Weekday,Tuesday,Medium_Load,11.05,1.80
27/11/2018 05:45,3.92,Weekday,Tuesday,Light_Load,2.84,0.00
21/04/2018 21:45,3.96,Weekend,Saturday,Medium_Load,0.00,23.08
27/01/2018 01:00,37.37,Weekend,Saturday,Light_Load,24.55,0.00
21/08/2018 13:45,40.82,Weekday,Tuesday,Maximum_Load,14.22,0.00
26/02/2018 09:45,63.11,Weekday,Monday,Medium_Load,18.04,0.00
22/04/2018 13:45,32.83,Weekend,Sunday,Maximum_Load,0.94,2.52
07/08/2018 05:15,3.24,Weekday,Tuesday,Light_Load,5.22,0.00
13/03/2018 02:45,3.71,Weekday,Tuesday,Light_Load,4.79,0.00
27/04/2018 15:45,71.60,Weekday,Friday,Maximum_Load,31.75,0.00
24/08/2018 12:15,4.68,Weekday,Friday,Medium_Load,0.00,9.90
30/01/2018 18:00,41.72,Weekday,Tuesday,Maximum_Load,0.04,4.14
02/08/2018 09:30,2.74,Weekday,Thursday,Light_Load,0.00,17.35
06/01/2018 06:30,4.21,Weekend,Saturday,Light_Load,5.29,0.00
30/01/2018 20:00,110.81,Weekday,Tuesday,Maximum_Load,35.28,0.00
25/05/2018 20:15,36.68,Weekday,Friday,Medium_Load,2.12,0.68
14/07/2018 07:15,2.66,Weekend,Saturday,Light_Load,4.61,0.00
05/09/2018 15:15,49.68,Weekday,Wednesday,Maximum_Load,25.78,0.00
02/05/2018 21:30,4.10,Weekday,Wednesday,Medium_Load,0.00,24.59
17/04/2018 13:30,84.85,Weekday,Tuesday,Maximum_Load,32.15,0.00
07/02/2018 14:45,77.04,Weekday,Wednesday,Medium_Load,27.79,0.00
29/09/2018 23:30,2.56,Weekend,Saturday,Light_Load,4.14,0.00
24/10/2018 15:00,51.19,Weekday,Wednesday,Maximum_Load,21.89,0.00
27/12/2018 01:30,3.67,Weekday,Thursday,Light_Load,3.02,0.11
19/07/2018 22:30,3.82,Weekday,Thursday,Medium_Load,0.00,5.15
03/05/2018 00:45,3.74,Weekday,Thursday,Light_Load,3.85,0.00
17/05/2018 22:15,3.89,Weekday,Thursday,Medium_Load,1.76,11.23
02/05/2018 17:30,85.14,Weekday,Wednesday,Medium_Load,24.19,0.97
28/02/2018 07:00,4.14,Weekday,Wednesday,Light_Load,4.54,0.00
30/03/2018 07:15,2.88,Weekday,Friday,Light_Load,3.89,0.00
27/07/2018 21:00,15.80,Weekday,Friday,Medium_Load,0.68,15.80
28/05/2018 16:30,58.90,Weekday,Monday,Maximum_Load,22.97,0.00
17/12/2018 12:00,54.50,Weekday,Monday,Maximum_Load,22.61,0.00
24/12/2018 07:15,3.96,Weekday,Monday,Light_Load,2.81,0.32
12/05/2018 16:45,3.67,Weekend,Saturday,Maximum_Load,0.00,26.35
20/09/2018 13:15,31.36,Weekday,Thursday,Maximum_Load,10.76,2.99
07/08/2018 03:30,3.20,Weekday,Tuesday,Light_Load,5.04,0.00
22/04/2018 01:15,3.02,Weekend,Sunday,Light_Load,4.18,0.00
10/11/2018 02:45,3.82,Weekend,Saturday,Light_Load,7.52,0.00
29/01/2018 19:15,89.82,Weekday,Monday,Maximum_Load,39.17,0.00
20/06/2018 15:00,79.09,Weekday,Wednesday,Maximum_Load,31.00,0.00
20/12/2018 20:00,4.10,Weekday,Thursday,Maximum_Load,0.00,22.07
25/02/2018 15:30,4.25,Weekend,Sunday,Light_Load,0.00,16.88
20/10/2018 01:15,5.72,Weekend,Saturday,Light_Load,7.06,0.00
02/06/2018 09:45,3.13,Weekend,Saturday,Light_Load,0.00,16.45
26/12/2018 17:00,57.67,Weekday,Wednesday,Medium_Load,24.12,0.00
24/03/2018 12:45,3.74,Weekend,Saturday,Medium_Load,0.00,16.20
06/02/2018 11:45,131.65,Weekday,Tuesday,Maximum_Load,67.75,0.00
09/03/2018 12:30,7.06,Weekday,Friday,Medium_Load,0.00,27.04
15/02/2018 13:15,3.38,Weekday,Thursday,Light_Load,0.00,18.11
12/11/2018 23:00,5.04,Weekday,Monday,Maximum_Load,8.53,0.00
16/02/2018 07:30,3.67,Weekday,Friday,Light_Load,4.07,0.00
28/08/2018 18:00,30.53,Weekday,Tuesday,Medium_Load,0.40,2.84
01/03/2018 19:45,5.33,Weekday,Thursday,Medium_Load,0.00,27.58
17/03/2018 12:45,3.85,Weekend,Saturday,Medium_Load,0.00,17.35
11/03/2018 06:45,3.24,Weekend,Sunday,Light_Load,3.24,0.00
17/07/2018 15:30,72.97,Weekday,Tuesday,Maximum_Load,20.09,0.00
29/07/2018 06:45,2.88,Weekend,Sunday,Light_Load,5.00,0.00
20/06/2018 21:15,6.55,Weekday,Wednesday,Medium_Load,0.00,23.76
26/11/2018 19:15,59.33,Weekday,Monday,Maximum_Load,29.34,0.00
19/08/2018 14:15,3.49,Weekend,Sunday,Light_Load,0.00,13.21
27/10/2018 15:45,53.89,Weekend,Saturday,Maximum_Load,25.42,0.00
05/04/2018 00:45,4.39,Weekday,Thursday,Light_Load,4.90,0.00
21/01/2018 18:45,4.93,Weekend,Sunday,Light_Load,0.00,23.04
24/04/2018 00:00,3.60,Weekday,Tuesday,Light_Load,3.13,0.00
22/11/2018 22:15,3.74,Weekday,Thursday,Maximum_Load,2.84,0.61
12/10/2018 16:30,47.20,Weekday,Friday,Maximum_Load,26.32,0.00
16/10/2018 17:00,65.84,Weekday,Tuesday,Maximum_Load,46.48,0.00
14/10/2018 06:45,2.74,Weekend,Sunday,Light_Load,5.04,0.00
18/09/2018 18:00,31.28,Weekday,Tuesday,Medium_Load,6.41,0.47
15/03/2018 14:00,71.14,Weekday,Thursday,Maximum_Load,28.08,0.00
03/04/2018 03:30,3.67,Weekday,Tuesday,Light_Load,4.46,0.00
18/10/2018 07:45,5.08,Weekday,Thursday,Light_Load,5.51,0.00
29/11/2018 18:30,46.91,Weekday,Thursday,Maximum_Load,21.13,0.00
05/06/2018 02:15,3.49,Weekday,Tuesday,Light_Load,5.08,0.00
04/06/2018 18:30,86.36,Weekday,Monday,Medium_Load,59.11,0.00
16/01/2018 10:45,83.05,Weekday,Tuesday,Maximum_Load,37.44,0.00
14/03/2018 16:30,58.07,Weekday,Wednesday,Maximum_Load,22.07,0.00
30/11/2018 00:30,4.00,Weekday,Friday,Light_Load,4.61,0.00
16/03/2018 01:30,3.71,Weekday,Friday,Light_Load,4.54,0.00
21/01/2018 03:00,40.79,Weekend,Sunday,Light_Load,31.21,0.00
09/06/2018 18:30,2.92,Weekend,Saturday,Light_Load,0.00,4.28
31/01/2018 17:45,99.29,Weekday,Wednesday,Maximum_Load,18.61,0.00
16/08/2018 09:15,80.03,Weekday,Thursday,Medium_Load,40.10,0.00
26/04/2018 15:15,51.80,Weekday,Thursday,Maximum_Load,26.93,0.00
03/10/2018 10:30,54.50,Weekday,Wednesday,Maximum_Load,36.83,0.00
27/01/2018 01:30,58.14,Weekend,Saturday,Light_Load,34.02,0.00
07/02/2018 19:15,39.92,Weekday,Wednesday,Maximum_Load,1.08,2.45
15/09/2018 02:00,2.66,Weekend,Saturday,Light_Load,4.97,0.00
05/11/2018 13:45,69.26,Weekday,Monday,Medium_Load,45.68,0.00
25/03/2018 13:30,32.08,Weekend,Sunday,Maximum_Load,0.29,4.36
11/01/2018 05:00,4.57,Weekday,Thursday,Light_Load,4.46,0.00
25/05/2018 12:45,5.44,Weekday,Friday,Medium_Load,0.00,25.60
29/09/2018 17:00,4.97,Weekend,Saturday,Maximum_Load,0.00,18.14
21/11/2018 06:30,2.88,Weekday,Wednesday,Light_Load,1.94,0.25
09/11/2018 22:45,4.97,Weekday,Friday,Maximum_Load,7.45,0.00
17/05/2018 10:15,110.45,Weekday,Thursday,Maximum_Load,53.28,0.00
21/08/2018 08:30,69.77,Weekday,Tuesday,Light_Load,67.07,0.00
07/11/2018 16:00,55.91,Weekday,Wednesday,Medium_Load,33.48,0.00
08/01/2018 22:45,4.72,Weekday,Monday,Maximum_Load,5.00,0.00
23/12/2018 22:45,3.20,Weekend,Sunday,Light_Load,1.73,0.58
04/12/2018 17:15,61.52,Weekday,Tuesday,Maximum_Load,28.33,0.00
23/03/2018 02:30,3.85,Weekday,Friday,Light_Load,5.54,0.00
14/12/2018 19:30,26.64,Weekday,Friday,Maximum_Load,0.00,8.86
05/01/2018 10:00,132.16,Weekday,Friday,Medium_Load,45.47,0.00
16/03/2018 07:30,3.78,Weekday,Friday,Light_Load,3.82,0.00
16/11/2018 07:30,3.35,Weekday,Friday,Light_Load,4.79,0.00
22/11/2018 15:45,80.57,Weekday,Thursday,Medium_Load,44.42,0.00
27/06/2018 03:00,2.74,Weekday,Wednesday,Light_Load,3.96,0.00
27/05/2018 09:15,3.13,Weekend,Sunday,Light_Load,0.00,16.67
31/01/2018 23:30,87.19,Weekday,Wednesday,Light_Load,43.92,0.00
18/09/2018 13:45,60.48,Weekday,Tuesday,Maximum_Load,34.92,0.00
14/01/2018 08:15,19.80,Weekend,Sunday,Light_Load,16.63,0.00
10/09/2018 02:15,3.02,Weekday,Monday,Light_Load,5.62,0.00
07/11/2018 05:00,3.56,Weekday,Wednesday,Light_Load,6.23,0.00
07/04/2018 01:45,3.82,Weekend,Saturday,Light_Load,5.11,0.00
29/11/2018 17:00,56.88,Weekday,Thursday,Medium_Load,25.13,0.00
06/12/2018 15:30,48.78,Weekday,Thursday,Medium_Load,17.71,0.00
25/03/2018 17:30,4.21,Weekend,Sunday,Medium_Load,0.00,25.74
12/10/2018 10:30,50.40,Weekday,Friday,Maximum_Load,28.37,0.00
10/08/2018 05:15,2.59,Weekday,Friday,Light_Load,4.32,0.00
27/12/2018 15:15,44.75,Weekday,Thursday,Medium_Load,13.57,0.00
30/12/2018 18:45,3.20,Weekend,Sunday,Light_Load,0.00,14.58
07/09/2018 05:30,2.99,Weekday,Friday,Light_Load,5.36,0.00
18/11/2018 12:15,3.82,Weekend,Sunday,Medium_Load,0.00,11.84
20/07/2018 18:45,43.42,Weekday,Friday,Medium_Load,20.81,0.00
24/06/2018 01:00,2.63,Weekend,Sunday,Light_Load,3.31,0.00
02/04/2018 20:00,102.67,Weekday,Monday,Medium_Load,33.16,0.00
11/05/2018 17:15,61.70,Weekday,Friday,Medium_Load,22.14,0.00
10/10/2018 04:45,3.46,Weekday,Wednesday,Light_Load,6.91,0.00
20/01/2018 03:45,66.85,Weekend,Saturday,Light_Load,36.58,0.00
20/11/2018 18:30,8.17,Weekday,Tuesday,Maximum_Load,0.00,12.92
26/02/2018 02:45,4.75,Weekday,Monday,Light_Load,4.75,0.00
27/05/2018 00:00,2.88,Weekend,Sunday,Light_Load,5.51,0.00
03/07/2018 11:45,57.64,Weekday,Tuesday,Maximum_Load,45.07,0.00
03/01/2018 21:45,5.11,Weekday,Wednesday,Medium_Load,0.00,26.78
08/01/2018 02:30,3.89,Weekday,Monday,Light_Load,6.05,0.00
27/05/2018 04:45,2.84,Weekend,Sunday,Light_Load,4.82,0.00
21/02/2018 15:00,101.95,Weekday,Wednesday,Medium_Load,46.62,0.00
01/10/2018 09:15,44.96,Weekday,Monday,Medium_Load,19.76,0.00
05/03/2018 21:30,7.06,Weekday,Monday,Medium_Load,0.00,25.52
21/02/2018 05:00,3.92,Weekday,Wednesday,Light_Load,3.60,0.00
01/03/2018 02:30,3.64,Weekday,Thursday,Light_Load,4.57,0.00
30/08/2018 02:45,2.66,Weekday,Thursday,Light_Load,4.93,0.00
17/02/2018 20:15,3.38,Weekend,Saturday,Light_Load,0.00,17.46
04/05/2018 00:15,3.64,Weekday,Friday,Light_Load,3.56,0.00
12/03/2018 09:30,56.77,Weekday,Monday,Medium_Load,15.19,0.00
21/10/2018 23:30,2.81,Weekend,Sunday,Light_Load,4.72,0.00
18/04/2018 03:30,3.64,Weekday,Wednesday,Light_Load,3.53,0.00
03/11/2018 04:00,3.28,Weekend,Saturday,Light_Load,4.93,0.00
11/07/2018 01:45,2.74,Weekday,Wednesday,Light_Load,3.78,0.00
26/12/2018 20:45,3.96,Weekday,Wednesday,Medium_Load,0.00,21.74
18/03/2018 08:00,2.99,Weekend,Sunday,Light_Load,3.31,0.00
19/03/2018 00:00,3.64,Weekday,Monday,Light_Load,4.36,0.00
10/10/2018 03:15,2.84,Weekday,Wednesday,Light_Load,5.00,0.00
30/10/2018 08:00,5.15,Weekday,Tuesday,Light_Load,4.72,0.00
21/09/2018 01:15,2.84,Weekday,Friday,Light_Load,5.11,0.00
01/05/2018 09:30,3.20,Weekday,Tuesday,Light_Load,0.00,16.99
17/02/2018 02:15,3.74,Weekend,Saturday,Light_Load,5.29,0.00
23/06/2018 16:00,28.73,Weekend,Saturday,Maximum_Load,1.30,1.76
27/08/2018 14:15,52.42,Weekday,Monday,Maximum_Load,27.76,0.00
06/09/2018 18:45,57.85,Weekday,Thursday,Medium_Load,31.86,0.00
16/06/2018 19:30,3.71,Weekend,Saturday,Medium_Load,0.00,17.35
07/08/2018 14:15,58.75,Weekday,Tuesday,Maximum_Load,28.62,0.00
26/08/2018 20:30,3.10,Weekend,Sunday,Medium_Load,0.00,13.97
03/02/2018 16:45,41.54,Weekend,Saturday,Medium_Load,1.80,0.18
25/02/2018 16:45,4.61,Weekend,Sunday,Light_Load,0.00,19.91
31/12/2018 10:00,3.24,Weekday,Monday,Light_Load,0.00,14.54
28/09/2018 12:00,46.12,Weekday,Friday,Maximum_Load,33.91,0.04
28/07/2018 17:15,11.23,Weekend,Saturday,Medium_Load,0.00,17.50
28/07/2018 05:15,3.35,Weekend,Saturday,Light_Load,6.41,0.00
10/02/2018 08:45,5.69,Weekend,Saturday,Light_Load,5.58,0.25
01/10/2018 08:15,24.88,Weekday,Monday,Light_Load,24.95,0.00
05/11/2018 22:30,24.44,Weekday,Monday,Maximum_Load,25.42,0.00
04/04/2018 07:30,3.38,Weekday,Wednesday,Light_Load,3.85,0.00
07/10/2018 22:00,2.81,Weekend,Sunday,Light_Load,0.00,11.02
27/01/2018 02:30,6.77,Weekend,Saturday,Light_Load,5.40,0.00
29/12/2018 17:00,4.10,Weekend,Saturday,Light_Load,0.00,20.84
26/12/2018 16:45,54.68,Weekday,Wednesday,Medium_Load,22.18,0.00
15/08/2018 18:30,2.81,Weekday,Wednesday,Medium_Load,0.00,4.10
01/02/2018 06:45,4.43,Weekday,Thursday,Light_Load,4.36,0.00
03/06/2018 16:45,2.95,Weekend,Sunday,Light_Load,0.00,17.03
10/03/2018 17:15,4.43,Weekend,Saturday,Medium_Load,0.00,26.60
13/05/2018 16:45,3.13,Weekend,Sunday,Light_Load,0.00,16.88
04/06/2018 23:00,3.53,Weekday,Monday,Medium_Load,5.29,0.00
25/01/2018 07:00,38.34,Weekday,Thursday,Light_Load,27.68,0.00
18/02/2018 07:15,3.13,Weekend,Sunday,Light_Load,3.49,0.00
21/07/2018 23:15,2.81,Weekend,Saturday,Light_Load,0.00,5.36
20/12/2018 08:45,66.96,Weekday,Thursday,Light_Load,47.16,0.00
14/10/2018 22:15,2.88,Weekend,Sunday,Light_Load,5.26,0.04
29/03/2018 01:45,3.67,Weekday,Thursday,Light_Load,4.39,0.00
24/08/2018 00:00,2.81,Weekday,Friday,Light_Load,4.28,0.00
12/07/2018 17:45,31.86,Weekday,Thursday,Medium_Load,1.48,6.88
20/10/2018 11:00,95.62,Weekend,Saturday,Maximum_Load,52.02,0.00
22/05/2018 12:00,65.56,Weekday,Tuesday,Maximum_Load,24.88,0.18
29/03/2018 10:45,54.76,Weekday,Thursday,Maximum_Load,23.62,0.00
11/01/2018 06:30,4.57,Weekday,Thursday,Light_Load,4.36,0.00
26/09/2018 11:15,2.59,Weekday,Wednesday,Light_Load,0.00,12.13
22/10/2018 23:45,3.60,Weekday,Monday,Light_Load,6.66,0.00
27/07/2018 00:15,2.77,Weekday,Friday,Light_Load,5.04,0.00
22/12/2018 16:15,3.49,Weekend,Saturday,Light_Load,0.00,14.15
04/01/2018 04:15,4.61,Weekday,Thursday,Light_Load,4.72,0.00
31/01/2018 01:30,60.77,Weekday,Wednesday,Light_Load,34.06,0.00
14/06/2018 18:30,56.12,Weekday,Thursday,Medium_Load,49.50,0.00
15/08/2018 05:45,2.66,Weekday,Wednesday,Light_Load,4.50,0.00
09/12/2018 02:00,3.78,Weekend,Sunday,Light_Load,3.49,0.00
27/06/2018 15:45,63.25,Weekday,Wednesday,Maximum_Load,38.63,0.00
26/10/2018 10:30,52.45,Weekday,Friday,Maximum_Load,27.18,0.00
27/12/2018 23:00,3.82,Weekday,Thursday,Maximum_Load,2.52,0.40
27/02/2018 01:30,5.80,Weekday,Tuesday,Light_Load,4.75,0.00
29/01/2018 05:00,4.28,Weekday,Monday,Light_Load,4.21,0.00
26/04/2018 08:45,93.71,Weekday,Thursday,Light_Load,81.18,0.00
13/05/2018 02:30,2.99,Weekend,Sunday,Light_Load,4.75,0.00
14/02/2018 07:15,5.08,Weekday,Wednesday,Light_Load,5.65,0.00
07/09/2018 01:45,3.10,Weekday,Friday,Light_Load,5.29,0.00
23/10/2018 08:45,86.98,Weekday,Tuesday,Light_Load,66.53,0.00
19/08/2018 15:15,2.77,Weekend,Sunday,Light_Load,0.00,13.75
27/04/2018 10:15,39.96,Weekday,Friday,Maximum_Load,4.10,0.40
13/01/2018 15:30,81.29,Weekend,Saturday,Medium_Load,24.62,0.00
28/02/2018 01:15,5.98,Weekday,Wednesday,Light_Load,5.98,0.00
16/08/2018 03:30,2.74,Weekday,Thursday,Light_Load,5.18,0.00
20/07/2018 02:15,2.81,Weekday,Friday,Light_Load,0.00,4.57
08/12/2018 03:00,4.00,Weekend,Saturday,Light_Load,3.89,0.00
06/07/2018 21:30,4.10,Weekday,Friday,Medium_Load,0.00,16.49
12/12/2018 16:30,75.10,Weekday,Wednesday,Medium_Load,38.66,0.00
13/03/2018 04:15,3.71,Weekday,Tuesday,Light_Load,4.57,0.00
03/09/2018 15:00,60.88,Weekday,Monday,Maximum_Load,42.70,0.00
09/12/2018 23:30,3.74,Weekend,Sunday,Light_Load,2.95,0.25
18/09/2018 06:00,2.84,Weekday,Tuesday,Light_Load,5.36,0.00
24/05/2018 22:15,3.89,Weekday,Thursday,Medium_Load,1.48,13.25
16/08/2018 11:15,58.03,Weekday,Thursday,Maximum_Load,39.28,0.00
21/05/2018 22:45,3.64,Weekday,Monday,Medium_Load,4.03,0.00
13/02/2018 18:30,64.22,Weekday,Tuesday,Maximum_Load,20.05,0.00
04/10/2018 17:30,50.08,Weekday,Thursday,Medium_Load,30.60,0.04
30/03/2018 22:30,3.31,Weekday,Friday,Medium_Load,4.64,0.00
25/04/2018 18:00,40.25,Weekday,Wednesday,Medium_Load,2.92,0.04
17/11/2018 00:30,4.03,Weekend,Saturday,Light_Load,6.55,0.00
06/07/2018 02:30,3.20,Weekday,Friday,Light_Load,5.29,0.00
26/01/2018 19:15,131.26,Weekday,Friday,Maximum_Load,42.19,0.00
03/12/2018 21:45,5.62,Weekday,Monday,Medium_Load,0.00,19.87
17/06/2018 00:00,2.74,Weekend,Sunday,Light_Load,3.82,0.00
12/01/2018 01:15,4.72,Weekday,Friday,Light_Load,4.90,0.00
07/07/2018 20:15,3.02,Weekend,Saturday,Medium_Load,0.00,17.10
16/08/2018 18:00,28.08,Weekday,Thursday,Medium_Load,0.14,3.10
02/11/2018 03:15,3.31,Weekday,Friday,Light_Load,6.19,0.00
08/07/2018 09:30,104.69,Weekend,Sunday,Medium_Load,33.16,0.00
28/04/2018 15:00,34.56,Weekend,Saturday,Maximum_Load,0.07,5.87
23/11/2018 16:45,104.29,Weekday,Friday,Medium_Load,62.78,0.00
03/04/2018 12:00,114.88,Weekday,Tuesday,Maximum_Load,70.16,0.00
13/03/2018 20:15,58.14,Weekday,Tuesday,Medium_Load,28.30,0.00
19/09/2018 13:45,43.27,Weekday,Wednesday,Maximum_Load,14.11,0.00
25/09/2018 04:00,2.63,Weekday,Tuesday,Light_Load,5.65,0.00
19/05/2018 17:00,7.20,Weekend,Saturday,Maximum_Load,0.00,25.16
02/03/2018 00:45,3.28,Weekday,Friday,Light_Load,2.59,0.00
04/07/2018 06:00,2.81,Weekday,Wednesday,Light_Load,4.10,0.00
05/06/2018 21:15,7.70,Weekday,Tuesday,Medium_Load,0.00,20.63
08/06/2018 02:30,2.88,Weekday,Friday,Light_Load,5.83,0.00
03/08/2018 11:30,2.70,Weekday,Friday,Light_Load,0.00,5.08
07/03/2018 03:15,3.24,Weekday,Wednesday,Light_Load,3.31,0.00
04/10/2018 21:30,3.89,Weekday,Thursday,Medium_Load,0.00,17.06
27/10/2018 21:15,4.61,Weekend,Saturday,Medium_Load,0.00,17.68
20/03/2018 20:45,39.64,Weekday,Tuesday,Medium_Load,1.48,0.68
04/04/2018 00:30,3.67,Weekday,Wednesday,Light_Load,4.61,0.00
28/12/2018 20:00,5.15,Weekday,Friday,Maximum_Load,0.00,21.71
28/09/2018 17:30,51.48,Weekday,Friday,Medium_Load,27.29,0.00
13/09/2018 03:30,2.74,Weekday,Thursday,Light_Load,4.68,0.00
06/07/2018 13:30,54.94,Weekday,Friday,Maximum_Load,29.77,0.00
04/06/2018 06:00,2.99,Weekday,Monday,Light_Load,5.62,0.00
21/04/2018 08:45,30.89,Weekend,Saturday,Light_Load,25.06,0.00
03/06/2018 13:45,2.99,Weekend,Sunday,Light_Load,0.00,16.92
13/12/2018 07:15,3.42,Weekday,Thursday,Light_Load,2.12,0.25
14/12/2018 20:45,31.93,Weekday,Friday,Medium_Load,0.36,2.77
15/07/2018 01:15,3.17,Weekend,Sunday,Light_Load,0.00,4.82
16/05/2018 07:30,3.53,Weekday,Wednesday,Light_Load,5.08,0.00
22/04/2018 21:00,3.42,Weekend,Sunday,Medium_Load,0.00,16.85
18/11/2018 01:45,3.20,Weekend,Sunday,Light_Load,5.54,0.00
25/08/2018 03:00,2.92,Weekend,Saturday,Light_Load,4.86,0.00
29/11/2018 16:15,50.36,Weekday,Thursday,Medium_Load,21.82,0.00
03/04/2018 17:45,29.77,Weekday,Tuesday,Medium_Load,0.29,6.77
08/06/2018 10:15,39.53,Weekday,Friday,Maximum_Load,15.62,0.00
23/02/2018 15:15,64.76,Weekday,Friday,Medium_Load,34.24,0.00
25/09/2018 19:15,2.70,Weekday,Tuesday,Light_Load,0.00,11.92
28/05/2018 14:30,62.14,Weekday,Monday,Maximum_Load,31.18,0.00
27/08/2018 12:00,40.57,Weekday,Monday,Maximum_Load,29.59,0.00
30/11/2018 00:00,3.96,Weekday,Friday,Light_Load,2.52,0.47
09/12/2018 08:15,3.13,Weekend,Sunday,Light_Load,2.27,0.07
10/03/2018 23:15,3.06,Weekend,Saturday,Light_Load,2.59,0.00
13/09/2018 18:30,50.65,Weekday,Thursday,Medium_Load,40.07,0.00
04/09/2018 02:00,2.77,Weekday,Tuesday,Light_Load,5.47,0.00
13/06/2018 06:30,3.38,Weekday,Wednesday,Light_Load,5.54,0.00
04/10/2018 11:15,62.39,Weekday,Thursday,Maximum_Load,39.42,0.00
01/07/2018 18:15,2.88,Weekend,Sunday,Light_Load,0.00,8.17
16/10/2018 18:30,51.95,Weekday,Tuesday,Medium_Load,40.39,0.00
23/12/2018 04:00,3.46,Weekend,Sunday,Light_Load,2.84,0.00
17/01/2018 03:30,4.68,Weekday,Wednesday,Light_Load,4.86,0.00
07/02/2018 22:00,40.54,Weekday,Wednesday,Medium_Load,1.15,2.63
14/05/2018 03:30,2.95,Weekday,Monday,Light_Load,4.64,0.00
22/10/2018 22:45,3.74,Weekday,Monday,Medium_Load,6.55,0.00
08/10/2018 17:15,110.99,Weekday,Monday,Medium_Load,53.93,0.00
25/08/2018 07:00,3.28,Weekend,Saturday,Light_Load,4.86,0.00
09/07/2018 08:15,17.39,Weekday,Monday,Light_Load,15.84,0.00
13/04/2018 21:15,5.08,Weekday,Friday,Medium_Load,0.00,25.74
02/08/2018 11:45,2.59,Weekday,Thursday,Light_Load,0.00,5.58
04/06/2018 08:15,30.46,Weekday,Monday,Light_Load,32.44,0.00
12/11/2018 17:30,108.97,Weekday,Monday,Maximum_Load,44.75,0.04
20/04/2018 16:00,91.30,Weekday,Friday,Maximum_Load,35.28,0.00
23/12/2018 02:15,3.46,Weekend,Sunday,Light_Load,2.74,0.00
13/04/2018 21:00,29.63,Weekday,Friday,Medium_Load,0.68,6.66
27/11/2018 10:15,129.20,Weekday,Tuesday,Maximum_Load,56.81,0.00
26/02/2018 03:15,3.82,Weekday,Monday,Light_Load,3.24,0.00
06/03/2018 05:15,5.65,Weekday,Tuesday,Light_Load,5.36,0.00
19/11/2018 23:00,3.56,Weekday,Monday,Maximum_Load,3.64,0.00
16/12/2018 11:15,69.95,Weekend,Sunday,Maximum_Load,35.64,0.00
06/08/2018 03:00,2.59,Weekday,Monday,Light_Load,4.64,0.00
14/02/2018 03:00,5.15,Weekday,Wednesday,Light_Load,5.29,0.00
06/06/2018 04:15,3.42,Weekday,Wednesday,Light_Load,5.72,0.00
10/08/2018 16:15,103.46,Weekday,Friday,Maximum_Load,39.60,0.00
18/07/2018 01:15,2.70,Weekday,Wednesday,Light_Load,0.00,5.36
03/12/2018 05:00,3.78,Weekday,Monday,Light_Load,2.84,0.00
16/09/2018 00:30,2.81,Weekend,Sunday,Light_Load,4.93,0.00
21/05/2018 05:00,3.60,Weekday,Monday,Light_Load,5.00,0.00
31/12/2018 18:45,4.14,Weekday,Monday,Light_Load,0.00,20.23
15/06/2018 13:45,69.48,Weekday,Friday,Maximum_Load,33.98,0.00
02/12/2018 05:00,4.54,Weekend,Sunday,Light_Load,4.36,0.00
08/11/2018 16:15,56.48,Weekday,Thursday,Medium_Load,27.97,0.00
09/07/2018 19:45,58.82,Weekday,Monday,Medium_Load,21.42,0.00
10/12/2018 18:15,5.47,Weekday,Monday,Maximum_Load,0.00,10.66
25/05/2018 20:30,36.72,Weekday,Friday,Medium_Load,2.16,0.83
02/05/2018 14:45,118.76,Weekday,Wednesday,Maximum_Load,46.62,0.00
20/11/2018 21:45,3.85,Weekday,Tuesday,Medium_Load,0.00,20.95
29/04/2018 02:00,2.59,Weekend,Sunday,Light_Load,3.53,0.00
29/06/2018 15:15,35.42,Weekday,Friday,Maximum_Load,6.91,0.58
01/05/2018 12:00,2.99,Weekday,Tuesday,Light_Load,0.00,4.79
25/06/2018 04:15,2.84,Weekday,Monday,Light_Load,4.61,0.00
02/01/2018 01:00,3.35,Weekday,Tuesday,Light_Load,3.60,0.00
30/10/2018 20:30,113.98,Weekday,Tuesday,Medium_Load,61.92,0.00
06/12/2018 08:45,60.84,Weekday,Thursday,Light_Load,42.55,0.00
06/02/2018 13:45,125.57,Weekday,Tuesday,Medium_Load,44.89,0.00
09/03/2018 15:45,53.32,Weekday,Friday,Maximum_Load,15.12,0.00
13/08/2018 14:30,85.75,Weekday,Monday,Maximum_Load,36.14,0.00
20/11/2018 05:00,2.84,Weekday,Tuesday,Light_Load,1.98,0.25
29/09/2018 08:00,3.06,Weekend,Saturday,Light_Load,5.40,0.00
15/03/2018 22:15,4.03,Weekday,Thursday,Medium_Load,1.69,14.18
07/09/2018 18:15,52.27,Weekday,Friday,Medium_Load,31.64,0.00
15/04/2018 06:45,3.06,Weekend,Sunday,Light_Load,3.78,0.00
26/06/2018 01:15,2.66,Weekday,Tuesday,Light_Load,3.53,0.00
25/04/2018 22:45,3.67,Weekday,Wednesday,Medium_Load,3.82,0.00
21/03/2018 21:00,77.65,Weekday,Wednesday,Medium_Load,9.54,1.08
09/05/2018 01:00,3.28,Weekday,Wednesday,Light_Load,4.32,0.00
23/05/2018 02:45,3.02,Weekday,Wednesday,Light_Load,4.79,0.00
19/12/2018 06:15,4.07,Weekday,Wednesday,Light_Load,2.77,0.00
09/03/2018 08:00,9.61,Weekday,Friday,Light_Load,5.54,0.00
17/01/2018 18:45,38.92,Weekday,Wednesday,Maximum_Load,4.32,2.20
15/06/2018 00:45,3.60,Weekday,Friday,Light_Load,5.11,0.00
09/02/2018 07:15,4.72,Weekday,Friday,Light_Load,5.54,0.00
23/10/2018 16:30,46.80,Weekday,Tuesday,Maximum_Load,26.42,0.00
24/01/2018 17:45,53.35,Weekday,Wednesday,Maximum_Load,11.81,1.12
10/04/2018 16:45,61.74,Weekday,Tuesday,Maximum_Load,26.82,0.00
09/02/2018 11:00,56.30,Weekday,Friday,Maximum_Load,15.23,0.00
12/08/2018 17:15,3.02,Weekend,Sunday,Light_Load,0.00,14.69
22/12/2018 05:15,3.42,Weekend,Saturday,Light_Load,2.41,0.04
08/04/2018 17:30,4.10,Weekend,Sunday,Medium_Load,0.00,25.99
01/11/2018 19:30,3.89,Weekday,Thursday,Maximum_Load,0.00,18.25
06/07/2018 18:45,90.36,Weekday,Friday,Medium_Load,50.33,0.00
04/11/2018 22:00,3.82,Weekend,Sunday,Medium_Load,0.00,17.86
02/01/2018 08:15,29.02,Weekday,Tuesday,Light_Load,18.83,0.07
19/02/2018 09:30,76.14,Weekday,Monday,Medium_Load,28.69,0.00
19/05/2018 15:15,39.17,Weekend,Saturday,Maximum_Load,6.37,0.00
02/08/2018 12:30,2.81,Weekday,Thursday,Light_Load,0.00,16.99
02/10/2018 22:30,3.53,Weekday,Tuesday,Medium_Load,8.06,0.00
30/01/2018 20:30,84.92,Weekday,Tuesday,Medium_Load,26.75,0.00
20/03/2018 07:00,3.02,Weekday,Tuesday,Light_Load,3.53,0.00
11/03/2018 16:45,30.38,Weekend,Sunday,Maximum_Load,0.58,1.94
16/04/2018 16:45,70.85,Weekday,Monday,Maximum_Load,37.62,0.00
21/05/2018 21:30,5.22,Weekday,Monday,Medium_Load,0.00,25.60
25/12/2018 09:30,3.46,Weekday,Tuesday,Light_Load,0.00,14.00
11/12/2018 08:15,44.21,Weekday,Tuesday,Light_Load,31.14,0.00
07/05/2018 10:00,103.36,Weekday,Monday,Medium_Load,39.53,0.00
07/08/2018 00:15,2.77,Weekday,Tuesday,Light_Load,5.62,0.00
10/09/2018 11:45,54.79,Weekday,Monday,Maximum_Load,26.21,0.00
18/03/2018 02:00,3.10,Weekend,Sunday,Light_Load,3.60,0.00
12/12/2018 11:15,57.71,Weekday,Wednesday,Maximum_Load,22.54,0.00
12/03/2018 01:30,3.89,Weekday,Monday,Light_Load,5.47,0.00
18/01/2018 01:00,40.90,Weekday,Thursday,Light_Load,31.72,0.00
13/01/2018 18:45,5.00,Weekend,Saturday,Maximum_Load,0.00,23.08
06/11/2018 18:15,43.92,Weekday,Tuesday,Maximum_Load,27.58,0.00
05/12/2018 02:30,4.64,Weekday,Wednesday,Light_Load,2.74,0.11
28/09/2018 06:00,3.64,Weekday,Friday,Light_Load,7.42,0.00
09/08/2018 00:30,2.84,Weekday,Thursday,Light_Load,4.90,0.00
17/04/2018 06:30,3.10,Weekday,Tuesday,Light_Load,4.03,0.00
02/11/2018 17:00,53.53,Weekday,Friday,Medium_Load,28.22,0.00
23/07/2018 09:15,72.36,Weekday,Monday,Medium_Load,48.74,0.00
18/09/2018 14:00,64.69,Weekday,Tuesday,Maximum_Load,37.91,0.00
13/10/2018 11:45,42.98,Weekend,Saturday,Maximum_Load,15.44,0.00
20/06/2018 05:15,3.13,Weekday,Wednesday,Light_Load,6.16,0.00
13/05/2018 09:45,3.24,Weekend,Sunday,Light_Load,0.00,17.53
23/05/2018 13:15,93.53,Weekday,Wednesday,Maximum_Load,35.17,0.11
23/02/2018 07:00,4.07,Weekday,Friday,Light_Load,5.00,0.00
13/01/2018 00:15,4.61,Weekend,Saturday,Light_Load,3.46,0.00
06/04/2018 12:30,4.61,Weekday,Friday,Medium_Load,0.00,17.46
23/11/2018 11:30,67.03,Weekday,Friday,Maximum_Load,28.01,0.00
28/04/2018 16:15,28.66,Weekend,Saturday,Maximum_Load,0.00,9.50
13/04/2018 10:00,63.76,Weekday,Friday,Medium_Load,26.03,0.00
06/08/2018 13:45,98.93,Weekday,Monday,Maximum_Load,39.92,0.00
02/10/2018 17:15,54.58,Weekday,Tuesday,Medium_Load,37.94,0.00
06/08/2018 19:30,86.98,Weekday,Monday,Medium_Load,35.57,0.00
12/11/2018 16:30,104.40,Weekday,Monday,Medium_Load,56.34,0.00
07/01/2018 18:30,3.96,Weekend,Sunday,Light_Load,0.00,7.78
07/12/2018 05:45,4.07,Weekday,Friday,Light_Load,4.61,0.00
27/01/2018 05:45,5.98,Weekend,Saturday,Light_Load,5.00,0.00
29/09/2018 15:45,36.14,Weekend,Saturday,Maximum_Load,10.44,0.00
18/03/2018 02:30,3.06,Weekend,Sunday,Light_Load,3.13,0.00
13/10/2018 14:15,43.88,Weekend,Saturday,Maximum_Load,20.66,0.00
03/06/2018 13:15,3.06,Weekend,Sunday,Light_Load,0.00,16.70
26/08/2018 18:15,3.60,Weekend,Sunday,Medium_Load,0.00,7.20
25/01/2018 20:30,57.10,Weekday,Thursday,Medium_Load,14.22,0.00
27/11/2018 03:00,4.72,Weekday,Tuesday,Light_Load,4.28,0.00
29/12/2018 04:15,3.02,Weekend,Saturday,Light_Load,2.27,0.04
25/04/2018 09:45,53.64,Weekday,Wednesday,Medium_Load,34.02,0.00
24/06/2018 17:00,3.89,Weekend,Sunday,Maximum_Load,0.00,24.12
12/10/2018 08:30,57.49,Weekday,Friday,Light_Load,54.76,0.00
08/06/2018 08:00,3.35,Weekday,Friday,Light_Load,5.69,0.00
03/06/2018 09:00,2.92,Weekend,Sunday,Light_Load,0.00,12.92
24/09/2018 22:15,2.66,Weekday,Monday,Light_Load,5.72,0.07
12/04/2018 23:30,3.96,Weekday,Thursday,Light_Load,5.80,0.00
14/06/2018 19:45,51.88,Weekday,Thursday,Medium_Load,27.61,0.00
14/06/2018 12:30,7.06,Weekday,Thursday,Medium_Load,0.00,20.56
06/10/2018 00:45,3.28,Weekend,Saturday,Light_Load,6.66,0.00
24/09/2018 18:00,2.77,Weekday,Monday,Light_Load,0.00,6.95
24/03/2018 02:30,3.64,Weekend,Saturday,Light_Load,4.36,0.00
21/05/2018 19:30,35.21,Weekday,Monday,Medium_Load,1.76,0.94
04/04/2018 00:15,3.64,Weekday,Wednesday,Light_Load,4.61,0.00
13/02/2018 13:30,125.03,Weekday,Tuesday,Medium_Load,40.50,0.00
27/11/2018 11:45,123.80,Weekday,Tuesday,Maximum_Load,57.89,0.00
31/01/2018 03:30,5.83,Weekday,Wednesday,Light_Load,5.33,0.00
03/10/2018 12:00,33.05,Weekday,Wednesday,Maximum_Load,22.75,3.60
16/11/2018 06:15,3.10,Weekday,Friday,Light_Load,4.86,0.00
03/01/2018 13:00,7.70,Weekday,Wednesday,Medium_Load,0.00,25.74
11/08/2018 22:00,3.24,Weekend,Saturday,Medium_Load,0.00,13.86
16/03/2018 10:15,110.74,Weekday,Friday,Maximum_Load,49.28,0.00
24/07/2018 11:30,103.64,Weekday,Tuesday,Maximum_Load,72.76,0.00
30/06/2018 12:30,3.85,Weekend,Saturday,Medium_Load,0.00,16.38
24/07/2018 01:15,2.92,Weekday,Tuesday,Light_Load,0.00,4.50
02/07/2018 18:15,31.68,Weekday,Monday,Medium_Load,12.49,2.02
22/05/2018 22:00,3.31,Weekday,Tuesday,Medium_Load,0.00,16.42
26/08/2018 23:00,3.89,Weekend,Sunday,Medium_Load,5.62,0.00
07/05/2018 23:15,4.75,Weekday,Monday,Light_Load,5.26,0.00
27/03/2018 02:45,3.85,Weekday,Tuesday,Light_Load,4.72,0.00
11/02/2018 13:30,4.75,Weekend,Sunday,Light_Load,0.00,25.67
17/10/2018 08:15,31.50,Weekday,Wednesday,Light_Load,28.73,0.00
31/08/2018 03:30,2.74,Weekday,Friday,Light_Load,5.40,0.00
24/03/2018 16:30,34.74,Weekend,Saturday,Maximum_Load,1.48,1.33
31/12/2018 06:00,2.95,Weekday,Monday,Light_Load,1.91,0.25
01/08/2018 08:00,2.66,Weekday,Wednesday,Light_Load,4.82,0.00
13/08/2018 14:00,111.46,Weekday,Monday,Maximum_Load,61.38,0.00
08/09/2018 21:45,3.06,Weekend,Saturday,Medium_Load,0.00,11.30
17/06/2018 23:15,2.66,Weekend,Sunday,Light_Load,3.56,0.00
18/04/2018 01:15,3.71,Weekday,Wednesday,Light_Load,3.28,0.00
21/07/2018 10:45,44.64,Weekend,Saturday,Maximum_Load,23.94,0.00
15/01/2018 05:45,4.64,Weekday,Monday,Light_Load,4.36,0.00
27/08/2018 16:45,44.42,Weekday,Monday,Maximum_Load,17.93,0.00
19/08/2018 21:45,2.88,Weekend,Sunday,Light_Load,0.00,13.72
04/02/2018 07:45,3.92,Weekend,Sunday,Light_Load,3.74,0.00
28/03/2018 16:30,57.64,Weekday,Wednesday,Maximum_Load,25.78,0.00
11/02/2018 23:30,3.89,Weekend,Sunday,Light_Load,3.49,0.00
20/11/2018 03:45,3.67,Weekday,Tuesday,Light_Load,4.07,0.00
20/12/2018 05:30,3.38,Weekday,Thursday,Light_Load,2.34,0.07
26/01/2018 12:30,9.00,Weekday,Friday,Medium_Load,0.00,26.17
27/06/2018 14:45,72.11,Weekday,Wednesday,Maximum_Load,45.47,0.00
11/10/2018 13:30,65.02,Weekday,Thursday,Maximum_Load,37.62,0.00
02/10/2018 05:45,2.77,Weekday,Tuesday,Light_Load,5.08,0.00
08/08/2018 14:00,93.92,Weekday,Wednesday,Maximum_Load,40.68,0.00
21/10/2018 05:00,2.81,Weekend,Sunday,Light_Load,4.64,0.00
05/02/2018 17:00,100.66,Weekday,Monday,Medium_Load,39.71,0.00
25/08/2018 16:15,7.13,Weekend,Saturday,Light_Load,0.00,16.99
15/12/2018 01:15,4.14,Weekend,Saturday,Light_Load,3.96,0.00
25/11/2018 12:30,3.02,Weekend,Sunday,Light_Load,0.00,13.64
15/01/2018 15:45,59.76,Weekday,Monday,Medium_Load,20.02,0.00
04/09/2018 11:00,105.95,Weekday,Tuesday,Maximum_Load,50.22,0.00
29/10/2018 04:00,2.81,Weekday,Monday,Light_Load,5.15,0.00
25/09/2018 22:45,2.56,Weekday,Tuesday,Light_Load,5.40,0.00
05/12/2018 20:00,5.44,Weekday,Wednesday,Maximum_Load,0.00,20.59
18/04/2018 08:30,113.90,Weekday,Wednesday,Light_Load,71.50,0.00
31/05/2018 22:15,3.35,Weekday,Thursday,Medium_Load,1.91,10.91
24/08/2018 03:15,3.13,Weekday,Friday,Light_Load,5.87,0.00
21/12/2018 18:45,5.62,Weekday,Friday,Maximum_Load,0.00,21.02
06/12/2018 19:30,38.63,Weekday,Thursday,Maximum_Load,7.27,0.00
29/10/2018 16:00,115.24,Weekday,Monday,Maximum_Load,51.12,0.00
27/01/2018 10:15,33.52,Weekend,Saturday,Maximum_Load,0.00,10.37
13/11/2018 07:15,3.60,Weekday,Tuesday,Light_Load,5.72,0.00
18/07/2018 06:45,2.77,Weekday,Wednesday,Light_Load,4.00,0.00
21/11/2018 00:45,3.46,Weekday,Wednesday,Light_Load,2.38,0.36
26/12/2018 14:00,51.41,Weekday,Wednesday,Medium_Load,14.54,0.07
28/11/2018 04:30,22.50,Weekday,Wednesday,Light_Load,15.01,0.00
16/07/2018 10:15,101.27,Weekday,Monday,Maximum_Load,53.46,0.00
30/12/2018 17:45,4.75,Weekend,Sunday,Light_Load,0.00,21.71
08/08/2018 21:30,4.18,Weekday,Wednesday,Medium_Load,0.00,16.31
25/07/2018 21:00,8.86,Weekday,Wednesday,Medium_Load,0.00,23.58
21/04/2018 12:45,4.28,Weekend,Saturday,Medium_Load,0.00,16.60
29/07/2018 22:15,2.99,Weekend,Sunday,Medium_Load,1.12,5.26
17/11/2018 07:15,3.20,Weekend,Saturday,Light_Load,4.79,0.00
06/04/2018 15:30,110.81,Weekday,Friday,Maximum_Load,39.46,0.00
25/07/2018 19:30,92.09,Weekday,Wednesday,Medium_Load,34.24,0.00
30/06/2018 09:45,42.01,Weekend,Saturday,Medium_Load,7.88,0.40
14/07/2018 12:30,4.32,Weekend,Saturday,Medium_Load,0.00,12.13
13/02/2018 20:30,95.98,Weekday,Tuesday,Medium_Load,12.92,0.00
27/11/2018 06:45,3.82,Weekday,Tuesday,Light_Load,3.02,0.00
12/01/2018 16:45,116.24,Weekday,Friday,Medium_Load,46.40,0.00
26/04/2018 09:15,87.73,Weekday,Thursday,Medium_Load,41.51,0.00
09/08/2018 10:15,111.67,Weekday,Thursday,Maximum_Load,63.40,0.00
21/12/2018 16:00,63.00,Weekday,Friday,Medium_Load,31.64,0.00
29/09/2018 12:30,3.28,Weekend,Saturday,Medium_Load,0.00,11.12
21/09/2018 13:00,4.21,Weekday,Friday,Medium_Load,0.00,11.88
31/03/2018 10:45,3.35,Weekend,Saturday,Light_Load,0.00,21.53
25/04/2018 17:00,60.91,Weekday,Wednesday,Maximum_Load,23.87,0.00
09/09/2018 22:15,3.74,Weekend,Sunday,Medium_Load,6.66,0.11
26/08/2018 06:15,2.70,Weekend,Sunday,Light_Load,5.69,0.00
27/02/2018 21:15,20.30,Weekday,Tuesday,Medium_Load,1.98,15.59
21/01/2018 01:00,37.44,Weekend,Sunday,Light_Load,27.90,0.00
15/11/2018 21:00,28.37,Weekday,Thursday,Medium_Load,1.04,1.51
19/12/2018 12:00,101.99,Weekday,Wednesday,Maximum_Load,48.56,0.00
21/09/2018 18:00,3.24,Weekday,Friday,Medium_Load,0.00,12.92
17/05/2018 20:30,103.10,Weekday,Thursday,Medium_Load,38.56,0.00
28/06/2018 18:30,37.44,Weekday,Thursday,Medium_Load,20.99,0.00
08/05/2018 00:30,3.64,Weekday,Tuesday,Light_Load,3.56,0.00
07/11/2018 02:45,2.95,Weekday,Wednesday,Light_Load,4.57,0.00
18/05/2018 04:30,3.20,Weekday,Friday,Light_Load,5.40,0.00
08/10/2018 00:00,3.24,Weekday,Monday,Light_Load,6.23,0.00
20/11/2018 23:30,3.49,Weekday,Tuesday,Light_Load,2.09,0.54
15/12/2018 15:45,3.96,Weekend,Saturday,Light_Load,0.00,20.95
19/06/2018 11:45,42.01,Weekday,Tuesday,Maximum_Load,28.55,0.00
15/08/2018 06:30,2.99,Weekday,Wednesday,Light_Load,4.25,0.00
22/09/2018 06:30,3.10,Weekend,Saturday,Light_Load,6.59,0.00
15/07/2018 14:15,99.86,Weekend,Sunday,Maximum_Load,36.94,0.00
24/07/2018 12:45,5.51,Weekday,Tuesday,Medium_Load,0.00,8.86
27/11/2018 00:30,4.79,Weekday,Tuesday,Light_Load,4.57,0.00
26/09/2018 05:15,2.63,Weekday,Wednesday,Light_Load,5.36,0.00
15/02/2018 01:30,3.35,Weekday,Thursday,Light_Load,4.72,0.00
10/07/2018 06:45,2.84,Weekday,Tuesday,Light_Load,5.08,0.00
10/12/2018 00:00,5.36,Weekday,Monday,Light_Load,2.84,0.04
12/02/2018 22:30,33.16,Weekday,Monday,Maximum_Load,23.69,0.00
11/11/2018 06:30,2.99,Weekend,Sunday,Light_Load,5.04,0.00
23/10/2018 20:15,61.20,Weekday,Tuesday,Medium_Load,40.18,0.00
11/10/2018 18:45,95.15,Weekday,Thursday,Medium_Load,43.34,0.00
02/09/2018 04:15,3.20,Weekend,Sunday,Light_Load,6.30,0.00
19/03/2018 09:00,95.04,Weekday,Monday,Light_Load,48.82,0.00
27/06/2018 08:15,38.45,Weekday,Wednesday,Light_Load,38.12,0.00
08/03/2018 09:30,121.57,Weekday,Thursday,Medium_Load,49.75,0.00
08/01/2018 03:30,3.38,Weekday,Monday,Light_Load,4.64,0.00
23/04/2018 21:00,17.17,Weekday,Monday,Medium_Load,0.07,15.26
14/12/2018 16:15,96.80,Weekday,Friday,Medium_Load,42.62,0.00
28/06/2018 19:00,46.73,Weekday,Thursday,Medium_Load,11.52,0.04
01/08/2018 10:45,2.81,Weekday,Wednesday,Light_Load,0.00,17.32
21/08/2018 11:15,60.80,Weekday,Tuesday,Maximum_Load,52.85,0.00
11/11/2018 23:45,2.66,Weekend,Sunday,Light_Load,2.95,0.00
10/08/2018 23:00,2.74,Weekday,Friday,Medium_Load,5.04,0.00
08/01/2018 14:30,108.14,Weekday,Monday,Medium_Load,45.68,0.00
07/10/2018 20:30,2.74,Weekend,Sunday,Light_Load,0.00,11.66
02/02/2018 08:45,51.44,Weekday,Friday,Light_Load,36.25,0.00
26/02/2018 13:00,6.66,Weekday,Monday,Medium_Load,0.00,26.75
06/12/2018 15:00,56.88,Weekday,Thursday,Medium_Load,24.98,0.00
20/02/2018 22:45,38.66,Weekday,Tuesday,Maximum_Load,27.94,0.00
11/06/2018 04:30,3.31,Weekday,Monday,Light_Load,4.97,0.00
12/03/2018 06:45,3.74,Weekday,Monday,Light_Load,4.39,0.00
23/03/2018 04:30,3.24,Weekday,Friday,Light_Load,4.03,0.00
25/01/2018 18:00,33.70,Weekday,Thursday,Maximum_Load,0.00,9.36
18/06/2018 22:15,3.67,Weekday,Monday,Medium_Load,1.12,12.31
06/02/2018 15:30,50.69,Weekday,Tuesday,Medium_Load,7.63,0.00
13/04/2018 03:30,3.38,Weekday,Friday,Light_Load,4.03,0.00
03/03/2018 13:45,37.55,Weekend,Saturday,Maximum_Load,5.08,1.84
30/08/2018 18:15,100.58,Weekday,Thursday,Medium_Load,45.61,0.00
25/12/2018 22:15,3.20,Weekday,Tuesday,Light_Load,2.30,0.32
19/05/2018 12:45,6.23,Weekend,Saturday,Medium_Load,0.00,24.16
20/08/2018 06:30,2.63,Weekday,Monday,Light_Load,4.93,0.00
25/01/2018 14:30,78.12,Weekday,Thursday,Medium_Load,33.34,0.00
06/02/2018 06:15,4.39,Weekday,Tuesday,Light_Load,3.35,0.00
14/04/2018 09:45,34.74,Weekend,Saturday,Medium_Load,0.47,4.86
20/02/2018 19:30,98.57,Weekday,Tuesday,Maximum_Load,29.45,0.00
17/07/2018 21:45,3.85,Weekday,Tuesday,Medium_Load,0.00,16.27
22/09/2018 14:15,2.99,Weekend,Saturday,Light_Load,0.00,10.73
14/01/2018 22:15,4.82,Weekend,Sunday,Maximum_Load,1.37,15.62
21/03/2018 10:30,57.06,Weekday,Wednesday,Maximum_Load,18.83,0.00
14/12/2018 13:15,86.98,Weekday,Friday,Medium_Load,42.37,3.67
20/12/2018 18:00,24.80,Weekday,Thursday,Maximum_Load,2.84,4.79
07/12/2018 23:45,4.00,Weekday,Friday,Light_Load,3.53,0.07
28/03/2018 15:30,54.65,Weekday,Wednesday,Maximum_Load,28.55,0.00
23/01/2018 22:30,37.33,Weekday,Tuesday,Maximum_Load,27.79,0.00
04/06/2018 11:00,69.98,Weekday,Monday,Maximum_Load,38.59,0.00
28/12/2018 09:30,59.90,Weekday,Friday,Medium_Load,23.87,0.00
30/11/2018 10:15,49.21,Weekday,Friday,Maximum_Load,16.70,0.00
19/10/2018 07:00,3.10,Weekday,Friday,Light_Load,6.19,0.00
06/07/2018 14:45,93.24,Weekday,Friday,Maximum_Load,41.87,0.00
06/06/2018 00:45,3.56,Weekday,Wednesday,Light_Load,4.90,0.00
30/07/2018 09:45,62.21,Weekday,Monday,Medium_Load,32.94,0.00
30/10/2018 19:30,52.60,Weekday,Tuesday,Medium_Load,25.38,0.00
20/02/2018 03:15,5.76,Weekday,Tuesday,Light_Load,5.29,0.00
18/01/2018 06:00,40.39,Weekday,Thursday,Light_Load,31.21,0.00
08/06/2018 05:15,3.06,Weekday,Friday,Light_Load,5.87,0.00
02/12/2018 12:15,4.86,Weekend,Sunday,Light_Load,0.00,20.27
28/12/2018 00:00,4.82,Weekday,Friday,Light_Load,2.81,0.00
10/09/2018 18:45,3.82,Weekday,Monday,Medium_Load,0.00,17.60
03/03/2018 06:30,3.46,Weekend,Saturday,Light_Load,3.24,0.00
26/09/2018 05:00,2.56,Weekday,Wednesday,Light_Load,5.33,0.00
02/07/2018 10:00,71.35,Weekday,Monday,Medium_Load,39.02,0.00
22/04/2018 11:15,31.79,Weekend,Sunday,Maximum_Load,15.77,0.11
22/12/2018 14:00,4.21,Weekend,Saturday,Light_Load,0.00,21.24
25/02/2018 23:30,4.39,Weekend,Sunday,Light_Load,4.10,0.00
08/03/2018 13:45,65.95,Weekday,Thursday,Maximum_Load,24.55,0.00
22/01/2018 11:00,79.88,Weekday,Monday,Maximum_Load,34.92,0.00
03/01/2018 19:00,42.98,Weekday,Wednesday,Maximum_Load,5.47,0.18
01/06/2018 17:15,54.50,Weekday,Friday,Medium_Load,18.25,0.00
26/08/2018 07:30,2.74,Weekend,Sunday,Light_Load,5.58,0.00
27/02/2018 16:15,51.41,Weekday,Tuesday,Medium_Load,15.73,0.00
30/10/2018 16:30,68.98,Weekday,Tuesday,Maximum_Load,35.64,0.00
07/04/2018 20:45,3.31,Weekend,Saturday,Medium_Load,0.00,17.28
01/10/2018 17:00,49.00,Weekday,Monday,Maximum_Load,27.72,0.00
08/09/2018 11:15,39.49,Weekend,Saturday,Maximum_Load,16.02,0.00
17/05/2018 17:15,109.87,Weekday,Thursday,Medium_Load,41.15,0.00
02/12/2018 01:45,4.14,Weekend,Sunday,Light_Load,3.67,0.00
20/04/2018 01:15,3.60,Weekday,Friday,Light_Load,3.78,0.00
26/11/2018 14:45,69.05,Weekday,Monday,Medium_Load,34.31,0.00
18/10/2018 15:30,64.19,Weekday,Thursday,Maximum_Load,45.94,0.00
19/05/2018 01:15,3.67,Weekend,Saturday,Light_Load,5.04,0.00
24/09/2018 17:45,2.77,Weekday,Monday,Light_Load,0.00,10.55
11/07/2018 03:30,2.84,Weekday,Wednesday,Light_Load,3.96,0.00
20/10/2018 19:15,4.18,Weekend,Saturday,Medium_Load,0.00,18.00
23/06/2018 20:00,2.88,Weekend,Saturday,Medium_Load,0.00,17.39
12/10/2018 19:30,49.46,Weekday,Friday,Medium_Load,30.38,0.00
23/05/2018 01:45,2.99,Weekday,Wednesday,Light_Load,4.72,0.00
15/04/2018 11:45,3.17,Weekend,Sunday,Light_Load,0.00,5.62
25/12/2018 16:45,3.46,Weekday,Tuesday,Light_Load,0.00,13.93
03/02/2018 07:45,4.14,Weekend,Saturday,Light_Load,3.53,0.00
10/12/2018 11:30,70.31,Weekday,Monday,Maximum_Load,33.34,0.00
19/09/2018 20:15,3.67,Weekday,Wednesday,Medium_Load,0.00,17.06
20/08/2018 22:30,3.31,Weekday,Monday,Medium_Load,4.50,0.00
26/11/2018 10:00,85.43,Weekday,Monday,Medium_Load,42.95,0.00
05/08/2018 09:30,3.02,Weekend,Sunday,Light_Load,0.00,15.91
20/04/2018 11:30,60.55,Weekday,Friday,Maximum_Load,47.48,0.00
29/11/2018 19:45,63.50,Weekday,Thursday,Maximum_Load,26.78,0.00
06/06/2018 18:45,3.85,Weekday,Wednesday,Medium_Load,0.00,14.15
23/03/2018 13:15,70.34,Weekday,Friday,Maximum_Load,22.10,4.54
15/02/2018 18:30,3.96,Weekday,Thursday,Light_Load,0.00,8.96
26/06/2018 23:00,3.53,Weekday,Tuesday,Medium_Load,4.79,0.00
29/04/2018 11:30,2.99,Weekend,Sunday,Light_Load,0.00,4.68
09/08/2018 21:45,4.46,Weekday,Thursday,Medium_Load,0.00,16.13
26/02/2018 12:45,6.88,Weekday,Monday,Medium_Load,0.00,26.64
03/10/2018 05:45,2.92,Weekday,Wednesday,Light_Load,6.05,0.00
11/01/2018 09:15,121.90,Weekday,Thursday,Medium_Load,47.52,0.00
07/09/2018 10:30,91.69,Weekday,Friday,Maximum_Load,33.91,0.00
08/05/2018 21:15,4.43,Weekday,Tuesday,Medium_Load,0.00,24.23
17/05/2018 22:00,4.10,Weekday,Thursday,Medium_Load,0.00,21.38
19/11/2018 07:45,4.07,Weekday,Monday,Light_Load,5.18,0.00
02/12/2018 23:15,3.31,Weekend,Sunday,Light_Load,2.09,0.04
04/10/2018 14:45,59.22,Weekday,Thursday,Maximum_Load,39.31,0.00
18/08/2018 06:15,2.88,Weekend,Saturday,Light_Load,4.18,0.00
22/12/2018 23:30,3.31,Weekend,Saturday,Light_Load,2.12,0.29
09/09/2018 02:00,2.81,Weekend,Sunday,Light_Load,5.33,0.00
20/09/2018 19:15,57.13,Weekday,Thursday,Medium_Load,32.72,0.00
15/01/2018 17:00,59.83,Weekday,Monday,Medium_Load,19.15,0.00
26/06/2018 07:45,3.53,Weekday,Tuesday,Light_Load,4.25,0.00
18/11/2018 12:45,4.18,Weekend,Sunday,Medium_Load,0.00,15.08
04/12/2018 09:45,59.36,Weekday,Tuesday,Medium_Load,34.45,0.00
11/11/2018 07:00,3.13,Weekend,Sunday,Light_Load,5.65,0.00
08/02/2018 10:45,55.73,Weekday,Thursday,Maximum_Load,14.22,0.00
14/10/2018 14:45,3.02,Weekend,Sunday,Light_Load,0.00,11.05
09/01/2018 20:45,99.72,Weekday,Tuesday,Medium_Load,25.88,0.00
24/01/2018 00:15,40.03,Weekday,Wednesday,Light_Load,29.66,0.00
27/05/2018 15:00,3.56,Weekend,Sunday,Light_Load,0.00,17.46
02/05/2018 16:15,99.58,Weekday,Wednesday,Maximum_Load,41.33,0.00
16/09/2018 14:15,2.92,Weekend,Sunday,Light_Load,0.00,11.74
02/07/2018 18:45,40.50,Weekday,Monday,Medium_Load,16.13,0.04
05/04/2018 16:00,58.46,Weekday,Thursday,Maximum_Load,24.01,0.00
19/12/2018 14:15,149.18,Weekday,Wednesday,Medium_Load,74.56,0.00
08/04/2018 18:00,4.03,Weekend,Sunday,Medium_Load,0.00,26.10
26/09/2018 21:30,2.92,Weekday,Wednesday,Light_Load,0.00,13.46
03/12/2018 21:00,25.45,Weekday,Monday,Medium_Load,0.83,6.91
22/04/2018 04:00,3.10,Weekend,Sunday,Light_Load,4.46,0.00
14/08/2018 21:00,37.73,Weekday,Tuesday,Medium_Load,6.34,2.70
23/04/2018 23:00,3.78,Weekday,Monday,Medium_Load,4.07,0.00
24/01/2018 22:45,39.42,Weekday,Wednesday,Maximum_Load,28.26,0.00
15/06/2018 05:45,2.92,Weekday,Friday,Light_Load,5.87,0.00
19/12/2018 11:15,140.80,Weekday,Wednesday,Maximum_Load,69.77,0.00
10/07/2018 06:15,2.88,Weekday,Tuesday,Light_Load,4.90,0.00
19/03/2018 11:45,55.69,Weekday,Monday,Maximum_Load,40.93,0.00
25/01/2018 21:15,43.63,Weekday,Thursday,Medium_Load,2.63,1.51
24/04/2018 18:00,30.02,Weekday,Tuesday,Medium_Load,0.00,9.65
29/03/2018 16:15,92.52,Weekday,Thursday,Maximum_Load,35.50,0.00
26/12/2018 22:15,4.00,Weekday,Wednesday,Maximum_Load,3.10,0.43
15/12/2018 09:15,3.56,Weekend,Saturday,Light_Load,0.00,14.04
09/02/2018 22:45,107.89,Weekday,Friday,Maximum_Load,58.61,0.00
20/05/2018 03:00,3.17,Weekend,Sunday,Light_Load,5.62,0.00
18/06/2018 10:30,72.54,Weekday,Monday,Maximum_Load,20.48,0.00
22/04/2018 23:00,3.60,Weekend,Sunday,Medium_Load,4.32,0.00
15/09/2018 23:00,2.88,Weekend,Saturday,Medium_Load,5.58,0.00
05/08/2018 08:30,2.74,Weekend,Sunday,Light_Load,5.44,0.00
14/03/2018 11:15,97.60,Weekday,Wednesday,Maximum_Load,59.44,0.00
20/08/2018 20:00,41.18,Weekday,Monday,Medium_Load,19.22,0.00
25/04/2018 10:15,61.52,Weekday,Wednesday,Maximum_Load,48.13,0.00
03/06/2018 04:15,3.06,Weekend,Sunday,Light_Load,6.01,0.00
08/01/2018 16:15,82.22,Weekday,Monday,Medium_Load,35.82,0.00
09/08/2018 06:15,2.81,Weekday,Thursday,Light_Load,5.51,0.00
12/06/2018 23:15,3.42,Weekday,Tuesday,Light_Load,4.25,0.00
05/03/2018 05:45,3.02,Weekday,Monday,Light_Load,3.78,0.00
02/10/2018 00:15,2.52,Weekday,Tuesday,Light_Load,4.25,0.00
17/03/2018 19:30,4.07,Weekend,Saturday,Medium_Load,0.00,26.57
28/03/2018 10:15,43.09,Weekday,Wednesday,Maximum_Load,6.12,0.25
08/02/2018 14:15,124.63,Weekday,Thursday,Medium_Load,55.33,0.00
01/03/2018 03:15,4.32,Weekday,Thursday,Light_Load,5.87,0.00
26/01/2018 01:15,36.54,Weekday,Friday,Light_Load,26.64,0.00
15/08/2018 07:30,3.10,Weekday,Wednesday,Light_Load,4.36,0.00
08/05/2018 01:00,3.64,Weekday,Tuesday,Light_Load,3.64,0.00
10/07/2018 11:30,71.86,Weekday,Tuesday,Maximum_Load,54.65,0.00
18/09/2018 07:45,4.54,Weekday,Tuesday,Light_Load,7.34,0.00
20/03/2018 02:00,3.10,Weekday,Tuesday,Light_Load,3.82,0.00
24/08/2018 04:00,3.24,Weekday,Friday,Light_Load,6.23,0.00
27/02/2018 13:00,7.52,Weekday,Tuesday,Medium_Load,0.00,26.35
11/01/2018 12:30,11.84,Weekday,Thursday,Medium_Load,0.00,25.45
26/07/2018 03:30,3.64,Weekday,Thursday,Light_Load,3.78,0.00
03/06/2018 18:00,3.02,Weekend,Sunday,Light_Load,0.00,16.88
14/10/2018 05:15,2.77,Weekend,Sunday,Light_Load,5.04,0.00
11/07/2018 15:45,38.92,Weekday,Wednesday,Maximum_Load,3.56,0.36
13/03/2018 08:00,6.77,Weekday,Tuesday,Light_Load,7.45,0.00
25/04/2018 20:15,84.56,Weekday,Wednesday,Medium_Load,19.87,0.47
25/02/2018 09:30,4.28,Weekend,Sunday,Light_Load,0.00,16.60
03/07/2018 03:45,3.06,Weekday,Tuesday,Light_Load,4.18,0.00
21/10/2018 11:45,3.02,Weekend,Sunday,Light_Load,0.00,10.08
04/04/2018 11:00,50.76,Weekday,Wednesday,Maximum_Load,21.10,0.00
07/09/2018 19:15,48.42,Weekday,Friday,Medium_Load,24.34,0.00
29/06/2018 22:00,3.78,Weekday,Friday,Medium_Load,0.00,24.84
22/11/2018 06:30,3.13,Weekday,Thursday,Light_Load,2.77,0.00
22/03/2018 07:15,3.31,Weekday,Thursday,Light_Load,4.03,0.00
10/11/2018 00:45,4.90,Weekend,Saturday,Light_Load,7.27,0.00
22/09/2018 05:30,2.59,Weekend,Saturday,Light_Load,4.75,0.00
28/08/2018 18:15,34.49,Weekday,Tuesday,Medium_Load,14.54,0.58
06/09/2018 21:30,3.96,Weekday,Thursday,Medium_Load,0.00,15.84
14/03/2018 08:45,72.86,Weekday,Wednesday,Light_Load,67.90,0.00
25/02/2018 10:30,4.32,Weekend,Sunday,Light_Load,0.00,16.52
27/08/2018 21:45,2.84,Weekday,Monday,Medium_Load,0.00,13.68
26/10/2018 15:45,49.10,Weekday,Friday,Maximum_Load,23.65,0.00
02/02/2018 20:45,42.30,Weekday,Friday,Medium_Load,0.65,0.90
07/11/2018 19:00,65.66,Weekday,Wednesday,Maximum_Load,38.66,0.00
08/05/2018 17:00,64.33,Weekday,Tuesday,Maximum_Load,37.76,0.00
04/01/2018 18:00,65.38,Weekday,Thursday,Maximum_Load,7.09,2.12
19/07/2018 01:15,2.81,Weekday,Thursday,Light_Load,0.00,4.79
28/09/2018 02:30,4.10,Weekday,Friday,Light_Load,7.56,0.00
03/08/2018 22:30,2.81,Weekday,Friday,Light_Load,5.54,0.00
02/09/2018 15:30,31.68,Weekend,Sunday,Maximum_Load,7.49,0.00
21/06/2018 21:30,3.92,Weekday,Thursday,Medium_Load,0.00,19.87
03/02/2018 00:00,38.20,Weekend,Saturday,Light_Load,30.89,0.00
10/11/2018 03:00,3.74,Weekend,Saturday,Light_Load,7.45,0.00
09/06/2018 09:30,3.02,Weekend,Saturday,Light_Load,0.00,16.60
14/06/2018 04:00,2.84,Weekday,Thursday,Light_Load,4.28,0.00
13/08/2018 11:30,81.54,Weekday,Monday,Maximum_Load,47.16,0.00
31/07/2018 18:30,3.42,Weekday,Tuesday,Medium_Load,0.00,4.82
11/09/2018 06:30,2.63,Weekday,Tuesday,Light_Load,5.36,0.00
28/04/2018 07:45,2.92,Weekend,Saturday,Light_Load,3.56,0.00
02/07/2018 21:15,4.46,Weekday,Monday,Medium_Load,0.00,25.31
31/05/2018 11:00,57.89,Weekday,Thursday,Maximum_Load,32.36,0.00
10/08/2018 11:30,94.32,Weekday,Friday,Maximum_Load,61.96,0.00
14/01/2018 20:15,4.97,Weekend,Sunday,Medium_Load,0.00,27.04
30/10/2018 16:15,70.16,Weekday,Tuesday,Maximum_Load,39.06,0.00
23/08/2018 16:45,53.28,Weekday,Thursday,Maximum_Load,29.77,0.00
31/03/2018 07:45,2.77,Weekend,Saturday,Light_Load,3.92,0.00
26/02/2018 20:00,62.03,Weekday,Monday,Maximum_Load,22.54,0.00
06/02/2018 03:45,6.34,Weekday,Tuesday,Light_Load,5.29,0.00
04/03/2018 21:15,3.31,Weekend,Sunday,Light_Load,0.00,17.28
16/06/2018 23:45,2.88,Weekend,Saturday,Light_Load,5.08,0.00
14/03/2018 14:30,56.12,Weekday,Wednesday,Maximum_Load,23.40,0.00
26/08/2018 05:00,2.59,Weekend,Sunday,Light_Load,4.18,0.00
17/08/2018 05:15,2.81,Weekday,Friday,Light_Load,6.08,0.00
21/08/2018 08:00,4.10,Weekday,Tuesday,Light_Load,6.01,0.00
17/07/2018 21:00,9.86,Weekday,Tuesday,Medium_Load,0.00,20.56
16/11/2018 01:00,3.71,Weekday,Friday,Light_Load,6.80,0.00
22/05/2018 05:00,3.10,Weekday,Tuesday,Light_Load,4.03,0.00
31/01/2018 01:15,100.08,Weekday,Wednesday,Light_Load,48.17,0.00
09/06/2018 14:00,3.02,Weekend,Saturday,Light_Load,0.00,16.74
25/12/2018 06:45,3.20,Weekday,Tuesday,Light_Load,2.30,0.07
08/05/2018 14:30,69.80,Weekday,Tuesday,Maximum_Load,53.28,0.00
08/09/2018 04:30,3.17,Weekend,Saturday,Light_Load,5.29,0.00
01/08/2018 15:30,2.70,Weekday,Wednesday,Light_Load,0.00,17.53
17/03/2018 06:00,3.28,Weekend,Saturday,Light_Load,3.64,0.00
18/09/2018 08:30,51.59,Weekday,Tuesday,Light_Load,51.73,0.00
31/08/2018 17:45,28.40,Weekday,Friday,Medium_Load,0.22,3.10
28/01/2018 02:45,4.21,Weekend,Sunday,Light_Load,4.61,0.00
09/09/2018 03:45,2.95,Weekend,Sunday,Light_Load,5.72,0.00
09/07/2018 23:30,3.35,Weekday,Monday,Light_Load,3.74,0.00
19/06/2018 20:45,32.44,Weekday,Tuesday,Medium_Load,3.89,0.04
22/11/2018 10:30,103.50,Weekday,Thursday,Maximum_Load,39.35,0.00
17/07/2018 23:30,2.70,Weekday,Tuesday,Light_Load,0.00,5.65
28/05/2018 08:15,27.07,Weekday,Monday,Light_Load,27.14,0.00
03/08/2018 01:15,2.84,Weekday,Friday,Light_Load,6.30,0.00
28/04/2018 19:30,3.42,Weekend,Saturday,Medium_Load,0.00,26.68
26/08/2018 00:30,2.63,Weekend,Sunday,Light_Load,4.57,0.00
26/04/2018 20:30,95.62,Weekday,Thursday,Medium_Load,30.92,0.00
24/09/2018 15:00,3.24,Weekday,Monday,Light_Load,0.00,12.92
30/03/2018 11:45,63.83,Weekday,Friday,Maximum_Load,50.29,0.00
22/03/2018 05:15,3.35,Weekday,Thursday,Light_Load,4.25,0.00
10/08/2018 20:30,84.46,Weekday,Friday,Medium_Load,34.74,0.00
03/05/2018 10:45,118.37,Weekday,Thursday,Maximum_Load,51.55,0.00
06/07/2018 10:15,108.94,Weekday,Friday,Maximum_Load,44.21,0.00
15/05/2018 17:30,101.74,Weekday,Tuesday,Medium_Load,34.92,0.00
04/05/2018 22:45,3.53,Weekday,Friday,Medium_Load,4.03,0.00
29/03/2018 02:45,3.56,Weekday,Thursday,Light_Load,4.72,0.00
22/03/2018 20:00,37.48,Weekday,Thursday,Medium_Load,2.38,3.20
14/05/2018 05:45,3.20,Weekday,Monday,Light_Load,4.75,0.00
02/03/2018 23:30,5.11,Weekday,Friday,Light_Load,4.00,0.00
20/11/2018 05:30,2.88,Weekday,Tuesday,Light_Load,1.94,0.25
21/05/2018 21:15,4.79,Weekday,Monday,Medium_Load,0.00,22.28
21/06/2018 04:15,3.13,Weekday,Thursday,Light_Load,4.82,0.00
11/09/2018 10:15,125.46,Weekday,Tuesday,Maximum_Load,66.17,0.00
25/12/2018 14:15,3.49,Weekday,Tuesday,Light_Load,0.00,13.90
01/11/2018 13:00,6.05,Weekday,Thursday,Medium_Load,0.00,16.92
26/03/2018 19:30,47.77,Weekday,Monday,Medium_Load,17.21,0.00
18/03/2018 23:00,3.02,Weekend,Sunday,Light_Load,3.53,0.00
27/04/2018 15:00,99.43,Weekday,Friday,Maximum_Load,44.68,0.00
18/04/2018 04:45,3.02,Weekday,Wednesday,Light_Load,3.06,0.00
12/02/2018 22:00,34.85,Weekday,Monday,Medium_Load,0.00,7.56
11/06/2018 19:30,72.36,Weekday,Monday,Medium_Load,26.96,0.00
06/05/2018 14:45,3.78,Weekend,Sunday,Light_Load,0.00,19.84
19/08/2018 01:00,2.66,Weekend,Sunday,Light_Load,4.18,0.00
21/11/2018 09:30,67.43,Weekday,Wednesday,Medium_Load,31.28,0.00
05/09/2018 09:45,103.54,Weekday,Wednesday,Medium_Load,50.08,0.00
23/07/2018 20:15,101.09,Weekday,Monday,Medium_Load,33.84,0.00
01/11/2018 22:30,3.74,Weekday,Thursday,Maximum_Load,7.34,0.00
27/02/2018 01:45,4.72,Weekday,Tuesday,Light_Load,4.79,0.00
21/04/2018 00:45,3.46,Weekend,Saturday,Light_Load,3.10,0.00
18/10/2018 21:30,49.57,Weekday,Thursday,Medium_Load,15.26,0.11
21/02/2018 22:30,52.85,Weekday,Wednesday,Maximum_Load,31.32,0.00
22/04/2018 00:15,2.99,Weekend,Sunday,Light_Load,3.92,0.00
19/08/2018 18:00,2.74,Weekend,Sunday,Light_Load,0.00,14.00
21/10/2018 17:45,2.95,Weekend,Sunday,Light_Load,0.00,11.48
18/08/2018 03:30,2.52,Weekend,Saturday,Light_Load,3.60,0.00
22/01/2018 09:45,98.89,Weekday,Monday,Medium_Load,47.99,0.00
25/02/2018 06:15,4.18,Weekend,Sunday,Light_Load,4.72,0.00
15/10/2018 01:15,2.88,Weekday,Monday,Light_Load,5.04,0.00
20/06/2018 16:00,62.57,Weekday,Wednesday,Maximum_Load,33.26,0.00
29/06/2018 13:15,32.15,Weekday,Friday,Maximum_Load,7.74,7.38
06/10/2018 03:15,2.84,Weekend,Saturday,Light_Load,5.76,0.00
04/06/2018 11:15,61.06,Weekday,Monday,Maximum_Load,43.56,0.00
14/12/2018 10:45,92.81,Weekday,Friday,Maximum_Load,38.02,0.00
10/02/2018 16:30,4.57,Weekend,Saturday,Light_Load,0.00,25.74
24/04/2018 09:00,47.09,Weekday,Tuesday,Light_Load,13.79,0.04
19/08/2018 06:30,2.63,Weekend,Sunday,Light_Load,4.90,0.00
05/08/2018 21:00,3.10,Weekend,Sunday,Light_Load,0.00,16.38
07/08/2018 00:45,2.84,Weekday,Tuesday,Light_Load,5.72,0.00
07/03/2018 08:00,32.87,Weekday,Wednesday,Light_Load,26.21,0.00
29/11/2018 11:15,55.55,Weekday,Thursday,Maximum_Load,14.98,0.00
09/01/2018 13:00,14.62,Weekday,Tuesday,Medium_Load,0.00,20.56
04/05/2018 09:00,63.79,Weekday,Friday,Light_Load,36.47,0.00
08/01/2018 01:30,3.31,Weekday,Monday,Light_Load,4.25,0.00
29/07/2018 05:15,2.74,Weekend,Sunday,Light_Load,4.93,0.00
03/04/2018 02:15,3.60,Weekday,Tuesday,Light_Load,4.50,0.00
20/07/2018 18:15,42.01,Weekday,Friday,Medium_Load,19.73,1.44
20/09/2018 02:15,2.70,Weekday,Thursday,Light_Load,4.72,0.00
07/10/2018 10:15,2.74,Weekend,Sunday,Light_Load,0.00,11.84
07/12/2018 08:30,60.19,Weekday,Friday,Light_Load,39.67,0.00
22/05/2018 03:30,3.49,Weekday,Tuesday,Light_Load,4.14,0.00
10/05/2018 11:15,58.75,Weekday,Thursday,Maximum_Load,42.44,0.00
16/05/2018 16:15,95.08,Weekday,Wednesday,Maximum_Load,40.14,0.00
28/01/2018 06:15,4.25,Weekend,Sunday,Light_Load,4.75,0.00
17/02/2018 03:30,3.17,Weekend,Saturday,Light_Load,4.07,0.00
05/04/2018 22:15,4.14,Weekday,Thursday,Medium_Load,1.91,14.08
21/07/2018 19:00,3.53,Weekend,Saturday,Medium_Load,0.00,19.04
01/05/2018 03:15,2.92,Weekday,Tuesday,Light_Load,4.50,0.00
06/12/2018 01:15,3.92,Weekday,Thursday,Light_Load,4.00,0.00
27/01/2018 22:15,4.28,Weekend,Saturday,Maximum_Load,1.51,10.01
11/10/2018 18:15,45.40,Weekday,Thursday,Medium_Load,17.93,0.00
29/07/2018 18:30,2.81,Weekend,Sunday,Medium_Load,0.00,4.28
26/01/2018 06:30,33.55,Weekday,Friday,Light_Load,25.34,0.00
26/08/2018 10:15,6.34,Weekend,Sunday,Maximum_Load,0.00,17.32
26/03/2018 18:00,29.38,Weekday,Monday,Medium_Load,0.00,11.99
14/11/2018 08:45,123.77,Weekday,Wednesday,Light_Load,79.63,0.00
22/06/2018 17:00,45.25,Weekday,Friday,Maximum_Load,19.19,0.00
11/06/2018 13:15,50.90,Weekday,Monday,Maximum_Load,24.55,3.31
15/02/2018 14:00,3.31,Weekday,Thursday,Light_Load,0.00,17.50
14/11/2018 21:15,5.08,Weekday,Wednesday,Medium_Load,0.00,18.04
16/07/2018 13:00,6.16,Weekday,Monday,Medium_Load,0.00,10.44
23/06/2018 05:30,2.63,Weekend,Saturday,Light_Load,4.50,0.00
21/07/2018 02:45,3.78,Weekend,Saturday,Light_Load,0.00,4.46
01/03/2018 10:45,75.31,Weekday,Thursday,Maximum_Load,14.72,1.15
25/04/2018 00:15,3.56,Weekday,Wednesday,Light_Load,3.24,0.00
05/01/2018 21:45,4.54,Weekday,Friday,Medium_Load,0.00,26.64
16/11/2018 19:15,50.40,Weekday,Friday,Maximum_Load,21.46,0.00
24/01/2018 18:00,34.38,Weekday,Wednesday,Maximum_Load,0.04,9.68
27/03/2018 17:15,51.73,Weekday,Tuesday,Medium_Load,10.73,0.18
21/03/2018 22:15,8.42,Weekday,Wednesday,Medium_Load,2.84,12.28
29/12/2018 13:00,3.42,Weekend,Saturday,Light_Load,0.00,13.39
26/09/2018 07:00,2.59,Weekday,Wednesday,Light_Load,5.58,0.00
29/01/2018 07:00,4.18,Weekday,Monday,Light_Load,4.10,0.00
19/06/2018 07:30,3.20,Weekday,Tuesday,Light_Load,5.08,0.00
05/07/2018 21:45,4.07,Weekday,Thursday,Medium_Load,0.00,21.74
05/07/2018 23:00,4.57,Weekday,Thursday,Medium_Load,6.19,0.00
20/02/2018 08:15,46.94,Weekday,Tuesday,Light_Load,31.43,0.00
06/03/2018 01:30,6.80,Weekday,Tuesday,Light_Load,5.51,0.00
11/01/2018 23:30,4.64,Weekday,Thursday,Light_Load,4.79,0.00
31/01/2018 09:45,67.36,Weekday,Wednesday,Medium_Load,20.38,0.00
13/12/2018 20:15,61.60,Weekday,Thursday,Medium_Load,24.01,0.00
15/05/2018 13:45,96.01,Weekday,Tuesday,Maximum_Load,40.10,0.00
09/11/2018 09:15,102.89,Weekday,Friday,Medium_Load,57.10,0.00
12/04/2018 17:45,37.04,Weekday,Thursday,Medium_Load,4.93,2.41
27/01/2018 09:30,33.12,Weekend,Saturday,Medium_Load,0.00,10.76
01/01/2018 04:30,3.56,Weekday,Monday,Light_Load,4.28,0.00
03/02/2018 19:30,41.26,Weekend,Saturday,Maximum_Load,0.83,1.04
05/11/2018 19:30,52.16,Weekday,Monday,Maximum_Load,28.33,0.00
19/07/2018 18:45,99.14,Weekday,Thursday,Medium_Load,38.23,0.00
05/07/2018 01:45,3.56,Weekday,Thursday,Light_Load,4.97,0.00
02/06/2018 09:00,3.31,Weekend,Saturday,Light_Load,0.00,11.81
28/10/2018 19:15,2.95,Weekend,Sunday,Light_Load,0.00,11.34
09/05/2018 16:45,62.68,Weekday,Wednesday,Maximum_Load,34.20,0.00
28/08/2018 12:30,4.32,Weekday,Tuesday,Medium_Load,0.00,13.64
29/08/2018 10:45,45.72,Weekday,Wednesday,Maximum_Load,22.00,0.00
11/06/2018 08:15,41.94,Weekday,Monday,Light_Load,43.88,0.00
01/01/2018 02:00,3.60,Weekday,Monday,Light_Load,4.28,0.00
24/05/2018 19:15,108.14,Weekday,Thursday,Medium_Load,36.54,0.00
12/05/2018 15:30,25.74,Weekend,Saturday,Maximum_Load,0.04,8.39
25/03/2018 07:45,3.06,Weekend,Sunday,Light_Load,3.67,0.00
29/07/2018 01:30,2.70,Weekend,Sunday,Light_Load,4.39,0.00
18/09/2018 20:15,40.93,Weekday,Tuesday,Medium_Load,14.00,0.00
24/11/2018 17:30,4.79,Weekend,Saturday,Light_Load,0.00,17.57
18/11/2018 05:30,3.28,Weekend,Sunday,Light_Load,5.54,0.00
07/06/2018 08:15,78.26,Weekday,Thursday,Light_Load,57.64,0.00
23/06/2018 01:15,3.02,Weekend,Saturday,Light_Load,4.64,0.00
16/10/2018 01:00,3.64,Weekday,Tuesday,Light_Load,6.98,0.00
27/12/2018 14:30,61.74,Weekday,Thursday,Medium_Load,23.15,0.00
14/06/2018 23:45,3.46,Weekday,Thursday,Light_Load,4.46,0.00
15/06/2018 19:00,97.99,Weekday,Friday,Medium_Load,40.18,0.00
03/06/2018 02:30,2.99,Weekend,Sunday,Light_Load,6.12,0.00
29/10/2018 12:00,87.30,Weekday,Monday,Maximum_Load,27.76,2.88
20/07/2018 14:45,60.01,Weekday,Friday,Maximum_Load,34.67,0.00
11/12/2018 12:00,72.79,Weekday,Tuesday,Maximum_Load,39.89,0.00
12/11/2018 17:15,86.83,Weekday,Monday,Maximum_Load,43.45,0.00
24/02/2018 09:00,63.11,Weekend,Saturday,Light_Load,10.15,0.11
26/06/2018 06:00,2.63,Weekday,Tuesday,Light_Load,3.89,0.00
22/02/2018 02:30,6.05,Weekday,Thursday,Light_Load,5.51,0.00
27/01/2018 00:30,57.49,Weekend,Saturday,Light_Load,32.98,0.00
03/01/2018 14:45,66.74,Weekday,Wednesday,Medium_Load,26.42,0.00
11/06/2018 23:15,3.67,Weekday,Monday,Light_Load,5.18,0.00
21/04/2018 13:15,33.44,Weekend,Saturday,Maximum_Load,3.64,9.97
08/11/2018 04:30,3.13,Weekday,Thursday,Light_Load,5.26,0.00
20/12/2018 07:30,4.18,Weekday,Thursday,Light_Load,2.59,0.40
03/10/2018 18:30,3.49,Weekday,Wednesday,Medium_Load,0.00,9.65
21/06/2018 13:15,39.17,Weekday,Thursday,Maximum_Load,15.52,3.53
10/01/2018 09:15,109.91,Weekday,Wednesday,Medium_Load,35.42,0.00
25/03/2018 11:45,29.59,Weekend,Sunday,Maximum_Load,8.93,0.00
12/01/2018 14:30,132.30,Weekday,Friday,Medium_Load,58.28,0.00
07/07/2018 06:45,2.99,Weekend,Saturday,Light_Load,5.15,0.00
03/09/2018 04:15,2.70,Weekday,Monday,Light_Load,4.36,0.00
27/07/2018 05:15,2.84,Weekday,Friday,Light_Load,5.94,0.00
09/11/2018 21:15,16.60,Weekday,Friday,Medium_Load,0.54,9.58
22/12/2018 09:00,3.82,Weekend,Saturday,Light_Load,0.00,18.22
22/08/2018 01:45,2.59,Weekday,Wednesday,Light_Load,4.39,0.00
23/09/2018 15:00,2.81,Weekend,Sunday,Light_Load,0.00,10.87
06/03/2018 20:00,59.33,Weekday,Tuesday,Medium_Load,22.43,0.00
01/03/2018 12:15,22.86,Weekday,Thursday,Medium_Load,1.69,9.47
01/07/2018 01:00,2.81,Weekend,Sunday,Light_Load,4.00,0.00
13/04/2018 11:45,71.42,Weekday,Friday,Maximum_Load,45.07,0.00
07/10/2018 04:45,2.59,Weekend,Sunday,Light_Load,4.61,0.00
30/11/2018 18:45,45.61,Weekday,Friday,Maximum_Load,11.63,0.00
04/08/2018 17:15,2.74,Weekend,Saturday,Light_Load,0.00,17.32
03/08/2018 06:45,2.88,Weekday,Friday,Light_Load,6.59,0.00
06/02/2018 04:45,4.39,Weekday,Tuesday,Light_Load,3.56,0.00
23/09/2018 21:15,2.92,Weekend,Sunday,Light_Load,0.00,11.09
18/01/2018 04:45,35.89,Weekday,Thursday,Light_Load,27.11,0.00
24/03/2018 04:30,3.13,Weekend,Saturday,Light_Load,3.92,0.00
01/03/2018 12:00,40.97,Weekday,Thursday,Maximum_Load,24.84,0.00
31/12/2018 05:30,2.99,Weekday,Monday,Light_Load,2.05,0.14
10/09/2018 01:30,2.81,Weekday,Monday,Light_Load,5.62,0.00
09/10/2018 14:30,66.17,Weekday,Tuesday,Maximum_Load,49.57,0.00
14/10/2018 02:30,2.92,Weekend,Sunday,Light_Load,5.18,0.00
28/05/2018 03:15,3.38,Weekday,Monday,Light_Load,5.18,0.00
08/11/2018 13:45,59.00,Weekday,Thursday,Medium_Load,30.24,0.00
17/12/2018 17:45,35.35,Weekday,Monday,Maximum_Load,0.32,5.15
23/07/2018 15:45,59.65,Weekday,Monday,Maximum_Load,33.23,0.00
26/12/2018 00:30,3.24,Weekday,Wednesday,Light_Load,2.48,0.00
04/02/2018 06:30,5.90,Weekend,Sunday,Light_Load,5.98,0.00
06/11/2018 02:45,3.67,Weekday,Tuesday,Light_Load,6.91,0.00
27/08/2018 01:00,2.99,Weekday,Monday,Light_Load,5.18,0.00
05/11/2018 03:00,3.31,Weekday,Monday,Light_Load,5.29,0.00
05/06/2018 16:30,104.87,Weekday,Tuesday,Maximum_Load,50.87,0.00
08/05/2018 20:15,50.08,Weekday,Tuesday,Medium_Load,16.78,0.00
18/07/2018 14:45,60.48,Weekday,Wednesday,Maximum_Load,29.81,0.00
06/09/2018 21:45,3.85,Weekday,Thursday,Medium_Load,0.00,16.09
16/04/2018 04:45,3.17,Weekday,Monday,Light_Load,3.89,0.00
17/07/2018 08:00,3.49,Weekday,Tuesday,Light_Load,5.58,0.00
28/06/2018 07:00,2.81,Weekday,Thursday,Light_Load,4.21,0.00
19/08/2018 12:45,3.82,Weekend,Sunday,Light_Load,0.00,12.96
10/09/2018 07:30,3.02,Weekday,Monday,Light_Load,5.65,0.00
03/11/2018 11:00,92.59,Weekend,Saturday,Maximum_Load,25.67,0.00
25/07/2018 16:30,81.76,Weekday,Wednesday,Maximum_Load,32.08,0.00
07/10/2018 04:00,2.74,Weekend,Sunday,Light_Load,5.18,0.00
25/05/2018 19:00,32.54,Weekday,Friday,Medium_Load,0.94,2.09
25/07/2018 01:15,3.13,Weekday,Wednesday,Light_Load,4.28,0.00
05/11/2018 17:30,62.75,Weekday,Monday,Maximum_Load,32.54,0.11
28/02/2018 21:30,6.16,Weekday,Wednesday,Medium_Load,0.00,25.78
31/05/2018 11:45,64.04,Weekday,Thursday,Maximum_Load,56.95,0.00
11/07/2018 02:30,2.74,Weekday,Wednesday,Light_Load,3.89,0.00
20/02/2018 03:30,5.83,Weekday,Tuesday,Light_Load,5.15,0.00
31/08/2018 05:00,2.77,Weekday,Friday,Light_Load,5.54,0.00
31/10/2018 14:15,112.25,Weekday,Wednesday,Maximum_Load,60.73,0.00
14/12/2018 19:00,26.32,Weekday,Friday,Maximum_Load,0.00,9.47
31/07/2018 18:00,4.57,Weekday,Tuesday,Medium_Load,0.00,25.52
25/07/2018 22:45,3.24,Weekday,Wednesday,Medium_Load,3.82,0.00
17/11/2018 18:30,4.03,Weekend,Saturday,Maximum_Load,0.00,9.32
21/03/2018 05:45,3.42,Weekday,Wednesday,Light_Load,3.71,0.00
17/02/2018 16:30,3.64,Weekend,Saturday,Light_Load,0.00,17.50
01/09/2018 09:30,32.90,Weekend,Saturday,Medium_Load,8.71,0.00
12/01/2018 23:15,4.72,Weekday,Friday,Light_Load,3.71,0.00
06/02/2018 23:00,41.11,Weekday,Tuesday,Maximum_Load,28.40,0.00
06/09/2018 05:00,3.06,Weekday,Thursday,Light_Load,5.83,0.00
20/02/2018 15:00,99.58,Weekday,Tuesday,Medium_Load,27.11,0.00
29/10/2018 15:30,88.96,Weekday,Monday,Maximum_Load,37.62,0.00
28/09/2018 08:30,38.59,Weekday,Friday,Light_Load,43.38,0.00
06/12/2018 02:45,3.38,Weekday,Thursday,Light_Load,2.74,0.04
02/02/2018 13:45,47.84,Weekday,Friday,Medium_Load,11.09,0.00
31/05/2018 23:15,2.84,Weekday,Thursday,Light_Load,4.75,0.00
07/04/2018 09:45,76.36,Weekend,Saturday,Medium_Load,11.34,0.25
16/06/2018 03:30,2.84,Weekend,Saturday,Light_Load,5.11,0.00
25/01/2018 05:30,37.33,Weekday,Thursday,Light_Load,26.39,0.00
19/09/2018 02:45,2.74,Weekday,Wednesday,Light_Load,5.11,0.00
27/12/2018 22:30,3.85,Weekday,Thursday,Maximum_Load,2.70,0.36
25/12/2018 00:45,3.89,Weekday,Tuesday,Light_Load,2.99,0.25
07/07/2018 18:45,3.49,Weekend,Saturday,Medium_Load,0.00,13.10
15/02/2018 20:15,3.31,Weekday,Thursday,Light_Load,0.00,17.64
06/11/2018 04:30,3.06,Weekday,Tuesday,Light_Load,5.18,0.00
12/11/2018 12:30,5.00,Weekday,Monday,Medium_Load,0.00,16.81
31/01/2018 14:30,143.82,Weekday,Wednesday,Medium_Load,56.56,0.00
16/09/2018 12:00,3.20,Weekend,Sunday,Light_Load,0.00,8.50
11/04/2018 10:15,57.92,Weekday,Wednesday,Maximum_Load,27.29,0.00
06/02/2018 18:15,92.77,Weekday,Tuesday,Maximum_Load,29.02,0.00
29/04/2018 22:45,3.28,Weekend,Sunday,Light_Load,4.86,0.00
24/09/2018 09:30,2.84,Weekday,Monday,Light_Load,0.00,10.44
12/10/2018 11:00,51.34,Weekday,Friday,Maximum_Load,27.43,0.00
12/02/2018 16:30,50.90,Weekday,Monday,Medium_Load,4.93,1.19
29/03/2018 04:45,3.53,Weekday,Thursday,Light_Load,4.93,0.00
31/08/2018 09:15,113.04,Weekday,Friday,Medium_Load,60.88,0.00
14/12/2018 17:30,62.64,Weekday,Friday,Maximum_Load,18.72,0.00
26/06/2018 11:45,46.15,Weekday,Tuesday,Maximum_Load,33.80,0.00
31/03/2018 06:15,2.74,Weekend,Saturday,Light_Load,3.89,0.00
26/04/2018 02:15,3.42,Weekday,Thursday,Light_Load,4.57,0.00
26/08/2018 05:30,2.59,Weekend,Sunday,Light_Load,4.75,0.00
01/04/2018 02:00,2.84,Weekend,Sunday,Light_Load,4.03,0.00
06/01/2018 10:15,4.28,Weekend,Saturday,Light_Load,0.00,23.33
02/12/2018 01:30,4.43,Weekend,Sunday,Light_Load,3.74,0.00
03/08/2018 01:45,2.99,Weekday,Friday,Light_Load,6.30,0.00
12/02/2018 15:30,58.50,Weekday,Monday,Medium_Load,15.37,0.04
23/08/2018 19:30,45.54,Weekday,Thursday,Medium_Load,15.91,0.00
07/06/2018 14:45,82.69,Weekday,Thursday,Maximum_Load,36.72,0.00
02/05/2018 19:30,75.13,Weekday,Wednesday,Medium_Load,21.02,0.00
12/11/2018 11:00,57.71,Weekday,Monday,Maximum_Load,27.22,0.00
23/11/2018 10:00,75.67,Weekday,Friday,Medium_Load,36.47,0.00
11/01/2018 13:15,95.40,Weekday,Thursday,Medium_Load,40.54,0.00
03/12/2018 14:00,65.02,Weekday,Monday,Medium_Load,36.94,0.00
15/05/2018 05:00,3.46,Weekday,Tuesday,Light_Load,4.36,0.00
23/09/2018 13:15,2.77,Weekend,Sunday,Light_Load,0.00,10.98
07/02/2018 07:00,4.75,Weekday,Wednesday,Light_Load,5.29,0.00
22/03/2018 18:30,42.23,Weekday,Thursday,Medium_Load,20.99,0.00
05/05/2018 07:00,2.99,Weekend,Saturday,Light_Load,4.25,0.00
29/05/2018 08:15,30.67,Weekday,Tuesday,Light_Load,25.92,0.00
10/03/2018 14:30,29.09,Weekend,Saturday,Maximum_Load,0.14,8.35
04/03/2018 08:45,3.10,Weekend,Sunday,Light_Load,4.14,0.25
09/11/2018 05:30,2.88,Weekday,Friday,Light_Load,4.07,0.00
13/09/2018 14:30,51.44,Weekday,Thursday,Maximum_Load,37.48,0.00
05/12/2018 23:15,4.00,Weekday,Wednesday,Light_Load,3.56,0.07
16/04/2018 21:45,5.36,Weekday,Monday,Medium_Load,0.00,25.85
01/02/2018 23:30,105.16,Weekday,Thursday,Light_Load,54.86,0.00
19/02/2018 11:30,61.49,Weekday,Monday,Maximum_Load,33.84,0.00
23/09/2018 10:30,2.70,Weekend,Sunday,Light_Load,0.00,11.27
26/05/2018 15:30,36.43,Weekend,Saturday,Maximum_Load,5.69,1.01
17/07/2018 13:00,4.25,Weekday,Tuesday,Medium_Load,0.00,6.48
04/01/2018 15:15,115.49,Weekday,Thursday,Medium_Load,41.15,0.00
20/02/2018 12:00,88.20,Weekday,Tuesday,Maximum_Load,38.16,0.00
20/10/2018 05:15,3.60,Weekend,Saturday,Light_Load,6.84,0.00
06/02/2018 03:30,6.34,Weekday,Tuesday,Light_Load,5.54,0.00
12/07/2018 14:15,39.53,Weekday,Thursday,Maximum_Load,13.03,7.52
14/06/2018 10:00,45.58,Weekday,Thursday,Medium_Load,12.89,0.00
16/06/2018 09:30,24.08,Weekend,Saturday,Medium_Load,0.25,6.05
08/02/2018 14:45,85.61,Weekday,Thursday,Medium_Load,42.01,0.00
07/11/2018 02:00,2.92,Weekday,Wednesday,Light_Load,4.50,0.00
04/05/2018 18:00,101.38,Weekday,Friday,Medium_Load,35.57,0.00
16/04/2018 03:15,3.10,Weekday,Monday,Light_Load,3.89,0.00
07/12/2018 22:00,4.28,Weekday,Friday,Medium_Load,0.00,20.74
03/01/2018 05:45,4.57,Weekday,Wednesday,Light_Load,4.43,0.00
10/04/2018 15:30,56.74,Weekday,Tuesday,Maximum_Load,24.12,0.00
12/02/2018 10:15,127.87,Weekday,Monday,Maximum_Load,57.13,0.00
13/06/2018 11:15,105.16,Weekday,Wednesday,Maximum_Load,49.68,0.00
15/05/2018 21:00,31.46,Weekday,Tuesday,Medium_Load,1.87,5.65
18/01/2018 08:15,53.39,Weekday,Thursday,Light_Load,40.57,0.00
30/01/2018 14:45,75.64,Weekday,Tuesday,Medium_Load,34.20,0.00
12/06/2018 18:30,83.59,Weekday,Tuesday,Medium_Load,43.56,0.00
03/11/2018 23:45,3.28,Weekend,Saturday,Light_Load,5.33,0.00
05/12/2018 14:30,61.52,Weekday,Wednesday,Medium_Load,40.93,0.00
03/11/2018 07:45,3.31,Weekend,Saturday,Light_Load,4.90,0.00
26/03/2018 04:45,3.10,Weekday,Monday,Light_Load,3.53,0.00
22/06/2018 08:00,8.75,Weekday,Friday,Light_Load,10.08,0.00
15/06/2018 00:30,3.53,Weekday,Friday,Light_Load,5.08,0.00
22/09/2018 23:00,2.77,Weekend,Saturday,Light_Load,6.77,0.00
20/12/2018 05:15,3.35,Weekday,Thursday,Light_Load,2.30,0.14
25/07/2018 08:15,17.75,Weekday,Wednesday,Light_Load,18.76,0.00
21/11/2018 20:30,98.60,Weekday,Wednesday,Medium_Load,31.54,0.00
07/11/2018 17:00,62.06,Weekday,Wednesday,Medium_Load,36.32,0.00
26/06/2018 14:45,55.33,Weekday,Tuesday,Maximum_Load,25.06,0.00
27/11/2018 23:15,23.62,Weekday,Tuesday,Light_Load,14.62,0.00
10/09/2018 23:15,2.63,Weekday,Monday,Light_Load,4.97,0.00
19/06/2018 18:15,35.82,Weekday,Tuesday,Medium_Load,18.97,1.48
16/02/2018 08:45,3.17,Weekday,Friday,Light_Load,4.03,0.14
29/07/2018 17:45,2.99,Weekend,Sunday,Medium_Load,0.00,16.24
08/03/2018 04:45,3.67,Weekday,Thursday,Light_Load,3.46,0.00
26/07/2018 21:30,3.78,Weekday,Thursday,Medium_Load,0.00,16.92
28/01/2018 22:15,4.28,Weekend,Sunday,Maximum_Load,1.19,10.33
01/06/2018 15:45,41.26,Weekday,Friday,Maximum_Load,14.47,0.00
26/01/2018 14:30,87.80,Weekday,Friday,Medium_Load,32.51,0.00
18/02/2018 07:45,3.10,Weekend,Sunday,Light_Load,3.71,0.00
12/12/2018 12:00,49.64,Weekday,Wednesday,Maximum_Load,14.90,1.80
02/02/2018 15:15,55.62,Weekday,Friday,Medium_Load,11.66,0.00
15/08/2018 17:15,5.40,Weekday,Wednesday,Medium_Load,0.00,19.33
27/02/2018 15:30,48.56,Weekday,Tuesday,Medium_Load,17.50,0.00
02/08/2018 19:00,2.95,Weekday,Thursday,Light_Load,0.00,16.42
23/06/2018 15:45,29.12,Weekend,Saturday,Maximum_Load,1.51,1.51
03/07/2018 15:15,67.00,Weekday,Tuesday,Maximum_Load,34.70,0.00
19/04/2018 18:00,29.70,Weekday,Thursday,Medium_Load,0.00,9.11
12/12/2018 12:15,27.97,Weekday,Wednesday,Medium_Load,0.00,6.12
28/06/2018 12:00,50.94,Weekday,Thursday,Maximum_Load,37.48,0.00
02/10/2018 04:00,2.56,Weekday,Tuesday,Light_Load,4.46,0.00
04/10/2018 22:15,3.42,Weekday,Thursday,Medium_Load,5.87,0.04
16/01/2018 18:15,49.79,Weekday,Tuesday,Maximum_Load,29.02,0.54
08/04/2018 10:00,79.09,Weekend,Sunday,Medium_Load,15.73,0.94
03/12/2018 09:45,66.38,Weekday,Monday,Medium_Load,28.30,0.00
22/11/2018 08:30,101.48,Weekday,Thursday,Light_Load,59.04,0.00
02/11/2018 21:00,48.02,Weekday,Friday,Medium_Load,23.40,1.73
19/03/2018 15:00,56.41,Weekday,Monday,Maximum_Load,26.53,0.00
12/12/2018 22:45,4.25,Weekday,Wednesday,Maximum_Load,3.42,0.14
20/08/2018 05:30,2.59,Weekday,Monday,Light_Load,4.79,0.00
08/12/2018 01:15,5.15,Weekend,Saturday,Light_Load,3.82,0.00
05/11/2018 04:15,3.64,Weekday,Monday,Light_Load,6.26,0.00
05/11/2018 16:45,54.65,Weekday,Monday,Medium_Load,32.51,0.00
20/03/2018 19:00,40.28,Weekday,Tuesday,Medium_Load,2.30,1.12
09/06/2018 04:15,2.99,Weekend,Saturday,Light_Load,5.58,0.00
25/11/2018 06:00,3.53,Weekend,Sunday,Light_Load,3.10,0.00
18/09/2018 02:30,2.95,Weekday,Tuesday,Light_Load,5.40,0.00
12/06/2018 02:30,3.10,Weekday,Tuesday,Light_Load,5.51,0.00
31/08/2018 03:45,2.74,Weekday,Friday,Light_Load,5.40,0.00
13/03/2018 13:45,106.70,Weekday,Tuesday,Maximum_Load,46.26,0.00
26/06/2018 02:45,2.66,Weekday,Tuesday,Light_Load,3.67,0.00
15/02/2018 06:00,3.42,Weekday,Thursday,Light_Load,5.00,0.00
19/06/2018 20:30,32.87,Weekday,Tuesday,Medium_Load,4.68,0.04
10/12/2018 15:15,69.62,Weekday,Monday,Medium_Load,32.40,0.00
12/07/2018 23:30,2.66,Weekday,Thursday,Light_Load,3.96,0.00
22/03/2018 19:00,43.20,Weekday,Thursday,Medium_Load,4.10,0.43
15/02/2018 21:15,3.85,Weekday,Thursday,Light_Load,0.00,22.86
20/05/2018 13:15,6.95,Weekend,Sunday,Maximum_Load,0.00,18.04
31/03/2018 17:15,2.92,Weekend,Saturday,Light_Load,0.00,17.50
05/02/2018 14:45,110.41,Weekday,Monday,Medium_Load,29.95,0.00
26/03/2018 14:30,88.16,Weekday,Monday,Maximum_Load,23.51,0.00
05/10/2018 16:15,50.40,Weekday,Friday,Maximum_Load,22.10,0.00
31/05/2018 22:00,3.67,Weekday,Thursday,Medium_Load,0.00,19.76
31/05/2018 01:00,2.95,Weekday,Thursday,Light_Load,5.51,0.00
26/09/2018 07:15,2.52,Weekday,Wednesday,Light_Load,5.51,0.00
07/10/2018 21:15,2.99,Weekend,Sunday,Light_Load,0.00,12.67
04/11/2018 08:00,3.17,Weekend,Sunday,Light_Load,5.80,0.00
26/09/2018 03:30,2.63,Weekday,Wednesday,Light_Load,5.44,0.00
18/06/2018 20:00,37.37,Weekday,Monday,Medium_Load,9.25,0.00
25/10/2018 02:45,3.71,Weekday,Thursday,Light_Load,7.42,0.00
25/06/2018 17:30,42.44,Weekday,Monday,Medium_Load,12.56,1.15
10/02/2018 02:45,6.66,Weekend,Saturday,Light_Load,5.72,0.00
15/04/2018 19:00,3.28,Weekend,Sunday,Light_Load,0.00,17.35
05/01/2018 04:30,4.61,Weekday,Friday,Light_Load,4.72,0.00
25/03/2018 18:15,3.82,Weekend,Sunday,Medium_Load,0.00,8.39
19/11/2018 21:30,3.82,Weekday,Monday,Medium_Load,0.00,21.64
17/02/2018 08:45,3.20,Weekend,Saturday,Light_Load,4.68,0.14
21/03/2018 08:00,7.27,Weekday,Wednesday,Light_Load,5.36,0.00
07/09/2018 09:45,103.90,Weekday,Friday,Medium_Load,38.74,0.00
31/05/2018 16:00,116.93,Weekday,Thursday,Maximum_Load,45.97,0.00
01/12/2018 21:15,4.75,Weekend,Saturday,Medium_Load,0.00,20.63
12/08/2018 02:00,2.81,Weekend,Sunday,Light_Load,5.47,0.00
20/08/2018 00:45,2.95,Weekday,Monday,Light_Load,4.54,0.00
02/10/2018 22:00,3.67,Weekday,Tuesday,Medium_Load,0.00,16.09
07/03/2018 07:15,3.64,Weekday,Wednesday,Light_Load,3.42,0.00
11/08/2018 17:15,5.62,Weekend,Saturday,Medium_Load,0.00,24.23
30/10/2018 17:45,30.10,Weekday,Tuesday,Medium_Load,0.43,2.70
10/10/2018 06:45,2.74,Weekday,Wednesday,Light_Load,4.64,0.00
30/12/2018 20:00,3.24,Weekend,Sunday,Light_Load,0.00,14.44
26/07/2018 23:30,2.74,Weekday,Thursday,Light_Load,5.15,0.00
20/12/2018 07:00,4.03,Weekday,Thursday,Light_Load,2.84,0.32
28/08/2018 14:30,50.40,Weekday,Tuesday,Maximum_Load,25.49,0.00
18/11/2018 06:15,3.35,Weekend,Sunday,Light_Load,5.76,0.00
20/02/2018 20:15,68.69,Weekday,Tuesday,Medium_Load,20.27,0.00
13/09/2018 11:15,50.33,Weekday,Thursday,Maximum_Load,24.26,0.00
29/05/2018 09:15,49.18,Weekday,Tuesday,Medium_Load,24.62,0.00
20/12/2018 13:45,71.50,Weekday,Thursday,Medium_Load,31.25,0.00
18/08/2018 13:30,44.28,Weekend,Saturday,Maximum_Load,17.14,0.00
30/05/2018 02:00,2.95,Weekday,Wednesday,Light_Load,4.86,0.00
10/07/2018 08:45,53.60,Weekday,Tuesday,Light_Load,54.11,0.00
16/03/2018 18:45,84.53,Weekday,Friday,Medium_Load,32.76,0.00
15/10/2018 16:45,108.32,Weekday,Monday,Maximum_Load,56.38,0.00
07/06/2018 06:00,2.95,Weekday,Thursday,Light_Load,5.80,0.00
14/09/2018 22:45,2.84,Weekday,Friday,Medium_Load,5.80,0.00
11/11/2018 11:30,3.02,Weekend,Sunday,Light_Load,0.00,12.10
25/11/2018 19:00,2.99,Weekend,Sunday,Light_Load,0.00,14.47
13/09/2018 04:45,2.81,Weekday,Thursday,Light_Load,4.64,0.00
07/01/2018 11:30,3.42,Weekend,Sunday,Light_Load,0.00,5.08
07/08/2018 12:45,5.80,Weekday,Tuesday,Medium_Load,0.00,16.02
05/07/2018 22:00,4.00,Weekday,Thursday,Medium_Load,0.00,21.28
08/12/2018 10:30,31.43,Weekend,Saturday,Maximum_Load,0.29,4.07
06/10/2018 23:15,3.56,Weekend,Saturday,Light_Load,6.34,0.00
18/11/2018 21:30,3.13,Weekend,Sunday,Medium_Load,0.00,11.77
14/06/2018 19:30,49.97,Weekday,Thursday,Medium_Load,25.16,0.00
27/07/2018 17:00,54.40,Weekday,Friday,Maximum_Load,17.50,0.00
08/02/2018 23:15,84.24,Weekday,Thursday,Light_Load,49.36,0.00
04/11/2018 17:30,3.89,Weekend,Sunday,Maximum_Load,0.00,17.78
05/07/2018 15:00,47.59,Weekday,Thursday,Maximum_Load,16.06,0.00
05/11/2018 23:30,3.78,Weekday,Monday,Light_Load,6.84,0.00
04/08/2018 01:45,3.42,Weekend,Saturday,Light_Load,6.12,0.00
21/01/2018 04:30,37.33,Weekend,Sunday,Light_Load,27.76,0.00
14/07/2018 11:45,38.16,Weekend,Saturday,Maximum_Load,31.90,0.00
13/10/2018 10:00,37.22,Weekend,Saturday,Medium_Load,10.19,0.00
18/04/2018 22:00,3.89,Weekday,Wednesday,Medium_Load,0.00,26.39
20/04/2018 11:00,68.69,Weekday,Friday,Maximum_Load,36.40,0.00
19/09/2018 11:00,43.34,Weekday,Wednesday,Maximum_Load,14.80,0.00
17/11/2018 11:45,127.98,Weekend,Saturday,Maximum_Load,58.43,0.00
04/05/2018 23:00,3.60,Weekday,Friday,Medium_Load,3.96,0.00
14/02/2018 20:15,3.53,Weekday,Wednesday,Light_Load,0.00,16.85
13/03/2018 08:15,21.06,Weekday,Tuesday,Light_Load,20.45,0.00
15/02/2018 07:00,3.24,Weekday,Thursday,Light_Load,5.00,0.00
12/12/2018 17:45,32.90,Weekday,Wednesday,Maximum_Load,0.04,4.90
14/12/2018 23:45,4.03,Weekday,Friday,Light_Load,3.13,0.18
14/06/2018 00:45,2.84,Weekday,Thursday,Light_Load,4.32,0.00
01/06/2018 22:00,3.71,Weekday,Friday,Medium_Load,0.00,25.06
26/09/2018 04:30,2.56,Weekday,Wednesday,Light_Load,5.40,0.00
02/10/2018 17:45,31.03,Weekday,Tuesday,Medium_Load,1.44,1.15
31/05/2018 15:45,82.76,Weekday,Thursday,Maximum_Load,37.08,0.00
16/10/2018 10:00,114.62,Weekday,Tuesday,Medium_Load,53.32,0.00
01/02/2018 09:45,79.74,Weekday,Thursday,Medium_Load,31.18,0.00
04/02/2018 20:15,4.10,Weekend,Sunday,Light_Load,0.00,17.53
29/05/2018 23:00,3.53,Weekday,Tuesday,Medium_Load,4.50,0.00
18/07/2018 17:00,53.17,Weekday,Wednesday,Maximum_Load,21.53,0.00
01/01/2018 08:45,3.49,Weekday,Monday,Light_Load,4.46,0.18
15/11/2018 11:45,121.64,Weekday,Thursday,Maximum_Load,64.84,0.00
12/12/2018 05:15,3.46,Weekday,Wednesday,Light_Load,2.52,0.00
28/12/2018 00:30,3.78,Weekday,Friday,Light_Load,2.34,0.50
24/11/2018 14:15,4.57,Weekend,Saturday,Light_Load,0.00,21.46
15/09/2018 13:30,40.97,Weekend,Saturday,Maximum_Load,14.90,0.00
14/08/2018 10:30,91.80,Weekday,Tuesday,Maximum_Load,47.88,0.00
17/11/2018 06:00,3.28,Weekend,Saturday,Light_Load,4.21,0.00
18/04/2018 07:15,3.49,Weekday,Wednesday,Light_Load,4.03,0.00
21/01/2018 21:15,4.28,Weekend,Sunday,Light_Load,0.00,19.84
14/07/2018 12:00,24.59,Weekend,Saturday,Maximum_Load,21.02,0.00
22/02/2018 14:00,110.48,Weekday,Thursday,Medium_Load,38.77,0.00
25/10/2018 08:00,5.90,Weekday,Thursday,Light_Load,6.55,0.00
06/11/2018 16:15,58.64,Weekday,Tuesday,Medium_Load,35.86,0.00
18/12/2018 23:15,4.14,Weekday,Tuesday,Light_Load,3.38,0.11
05/02/2018 05:00,4.43,Weekday,Monday,Light_Load,4.68,0.00
11/02/2018 07:15,3.60,Weekend,Sunday,Light_Load,3.35,0.00
18/12/2018 09:45,77.72,Weekday,Tuesday,Medium_Load,40.14,0.00
01/06/2018 09:30,58.90,Weekday,Friday,Medium_Load,27.40,0.00
19/04/2018 05:30,3.53,Weekday,Thursday,Light_Load,3.89,0.00
10/02/2018 21:00,4.57,Weekend,Saturday,Light_Load,0.00,24.41
18/10/2018 18:30,38.84,Weekday,Thursday,Medium_Load,20.20,0.00
02/04/2018 22:15,3.96,Weekday,Monday,Medium_Load,1.87,14.94
12/05/2018 13:00,4.07,Weekend,Saturday,Medium_Load,0.00,25.56
17/03/2018 05:15,3.13,Weekend,Saturday,Light_Load,3.35,0.00
04/05/2018 05:30,2.95,Weekday,Friday,Light_Load,3.78,0.00
05/11/2018 14:45,45.68,Weekday,Monday,Medium_Load,25.20,0.00
26/08/2018 04:15,2.84,Weekend,Sunday,Light_Load,4.28,0.00
05/03/2018 02:15,3.06,Weekday,Monday,Light_Load,3.89,0.00
15/06/2018 15:15,62.64,Weekday,Friday,Maximum_Load,36.90,0.00
02/04/2018 17:30,59.83,Weekday,Monday,Medium_Load,21.28,0.36
20/03/2018 12:30,5.36,Weekday,Tuesday,Medium_Load,0.00,26.53
03/12/2018 10:00,56.88,Weekday,Monday,Medium_Load,26.06,0.00
01/07/2018 14:30,2.99,Weekend,Sunday,Light_Load,0.00,17.39
19/01/2018 22:45,91.80,Weekday,Friday,Maximum_Load,44.17,0.00
31/12/2018 04:15,3.74,Weekday,Monday,Light_Load,3.10,0.11
11/12/2018 18:00,31.25,Weekday,Tuesday,Maximum_Load,3.71,1.98
30/03/2018 10:00,68.36,Weekday,Friday,Medium_Load,39.60,0.00
22/03/2018 00:45,3.92,Weekday,Thursday,Light_Load,4.79,0.00
11/05/2018 01:15,3.64,Weekday,Friday,Light_Load,3.85,0.00
12/11/2018 19:15,108.50,Weekday,Monday,Maximum_Load,38.09,0.00
08/01/2018 19:00,117.14,Weekday,Monday,Maximum_Load,46.30,0.00
09/06/2018 18:00,3.06,Weekend,Saturday,Light_Load,0.00,16.31
09/12/2018 01:15,3.78,Weekend,Sunday,Light_Load,3.42,0.04
28/09/2018 00:45,2.84,Weekday,Friday,Light_Load,5.40,0.00
30/03/2018 07:30,3.28,Weekday,Friday,Light_Load,3.78,0.00
09/07/2018 22:45,3.46,Weekday,Monday,Medium_Load,4.28,0.00
01/12/2018 18:30,5.40,Weekend,Saturday,Maximum_Load,0.00,13.28
30/03/2018 05:15,2.92,Weekday,Friday,Light_Load,3.67,0.00
22/09/2018 16:30,2.84,Weekend,Saturday,Light_Load,0.00,10.84
21/01/2018 00:30,38.09,Weekend,Sunday,Light_Load,29.23,0.00
26/07/2018 19:00,60.91,Weekday,Thursday,Medium_Load,24.37,0.00
15/07/2018 08:00,8.86,Weekend,Sunday,Light_Load,9.36,0.00
07/03/2018 02:15,3.13,Weekday,Wednesday,Light_Load,2.92,0.00
04/12/2018 19:00,41.65,Weekday,Tuesday,Maximum_Load,10.76,0.00
02/05/2018 12:45,5.98,Weekday,Wednesday,Medium_Load,0.00,25.85
06/03/2018 10:45,71.21,Weekday,Tuesday,Maximum_Load,27.76,0.00
03/05/2018 00:00,3.53,Weekday,Thursday,Light_Load,3.42,0.00
23/09/2018 02:45,2.84,Weekend,Sunday,Light_Load,6.16,0.00
05/10/2018 07:30,2.99,Weekday,Friday,Light_Load,5.29,0.00
04/10/2018 17:00,51.95,Weekday,Thursday,Maximum_Load,32.72,0.00
16/04/2018 00:00,3.71,Weekday,Monday,Light_Load,3.71,0.00
21/04/2018 05:00,3.02,Weekend,Saturday,Light_Load,3.71,0.00
13/12/2018 01:30,4.18,Weekday,Thursday,Light_Load,3.02,0.25
20/08/2018 09:45,111.31,Weekday,Monday,Medium_Load,62.14,0.00
06/04/2018 08:45,57.64,Weekday,Friday,Light_Load,45.86,0.00
07/06/2018 09:15,105.48,Weekday,Thursday,Medium_Load,44.32,0.00
04/02/2018 08:45,4.61,Weekend,Sunday,Light_Load,5.00,0.36
09/11/2018 01:00,3.38,Weekday,Friday,Light_Load,5.40,0.00
26/07/2018 11:30,45.58,Weekday,Thursday,Maximum_Load,31.93,0.00
24/09/2018 20:00,2.92,Weekday,Monday,Light_Load,0.00,11.92
05/08/2018 06:00,2.81,Weekend,Sunday,Light_Load,5.98,0.00
23/11/2018 06:45,2.92,Weekday,Friday,Light_Load,1.69,0.50
09/12/2018 08:45,3.82,Weekend,Sunday,Light_Load,1.48,5.47
28/10/2018 07:15,2.81,Weekend,Sunday,Light_Load,5.15,0.00
13/09/2018 13:45,58.18,Weekday,Thursday,Maximum_Load,35.53,0.00
17/10/2018 14:45,74.16,Weekday,Wednesday,Maximum_Load,49.93,0.00
06/03/2018 06:30,4.61,Weekday,Tuesday,Light_Load,5.11,0.00
30/10/2018 01:45,3.71,Weekday,Tuesday,Light_Load,7.13,0.00
06/08/2018 09:00,83.81,Weekday,Monday,Light_Load,41.18,0.00
31/03/2018 18:30,3.38,Weekend,Saturday,Light_Load,0.00,8.17
16/04/2018 23:30,3.78,Weekday,Monday,Light_Load,3.67,0.00
16/02/2018 20:15,3.31,Weekday,Friday,Light_Load,0.00,17.96
01/04/2018 21:00,3.42,Weekend,Sunday,Light_Load,0.00,21.92
30/07/2018 05:00,2.74,Weekday,Monday,Light_Load,5.08,0.00
24/02/2018 10:15,76.21,Weekend,Saturday,Maximum_Load,9.76,0.68
15/05/2018 09:15,67.50,Weekday,Tuesday,Medium_Load,33.01,0.00
19/11/2018 10:45,61.31,Weekday,Monday,Maximum_Load,30.89,0.00
27/02/2018 03:30,3.85,Weekday,Tuesday,Light_Load,3.46,0.00
13/10/2018 08:30,51.98,Weekend,Saturday,Light_Load,53.89,0.00
15/02/2018 18:00,3.35,Weekday,Thursday,Light_Load,0.00,17.28
16/03/2018 00:00,3.60,Weekday,Friday,Light_Load,3.89,0.00
14/03/2018 07:00,3.71,Weekday,Wednesday,Light_Load,4.61,0.00
23/02/2018 12:45,7.88,Weekday,Friday,Medium_Load,0.00,25.45
14/05/2018 06:15,3.24,Weekday,Monday,Light_Load,4.36,0.00
24/06/2018 13:45,29.34,Weekend,Sunday,Maximum_Load,1.48,1.04
29/08/2018 13:45,50.40,Weekday,Wednesday,Maximum_Load,22.86,0.00
23/07/2018 02:45,2.92,Weekday,Monday,Light_Load,0.00,4.50
01/11/2018 13:15,49.64,Weekday,Thursday,Medium_Load,22.00,5.72
26/08/2018 15:15,6.12,Weekend,Sunday,Maximum_Load,0.00,15.30
13/02/2018 15:30,54.72,Weekday,Tuesday,Medium_Load,12.78,0.00
16/12/2018 18:45,5.72,Weekend,Sunday,Maximum_Load,0.00,21.42
15/10/2018 17:30,99.90,Weekday,Monday,Medium_Load,36.22,0.00
06/06/2018 10:30,43.16,Weekday,Wednesday,Maximum_Load,18.83,0.00
25/03/2018 11:00,31.50,Weekend,Sunday,Maximum_Load,0.04,6.98
02/03/2018 21:00,35.24,Weekday,Friday,Medium_Load,2.02,4.18
05/12/2018 15:30,87.16,Weekday,Wednesday,Medium_Load,33.52,0.00
20/10/2018 18:30,10.51,Weekend,Saturday,Medium_Load,2.20,8.64
15/07/2018 07:45,3.67,Weekend,Sunday,Light_Load,4.79,0.00
01/12/2018 13:15,11.30,Weekend,Saturday,Medium_Load,0.07,13.82
24/02/2018 07:00,3.96,Weekend,Saturday,Light_Load,3.56,0.00
20/05/2018 21:45,3.46,Weekend,Sunday,Medium_Load,0.00,15.84
09/01/2018 08:15,99.43,Weekday,Tuesday,Light_Load,59.69,0.00
08/03/2018 05:00,3.10,Weekday,Thursday,Light_Load,2.48,0.00
16/08/2018 00:45,2.70,Weekday,Thursday,Light_Load,5.29,0.00
22/02/2018 12:15,18.86,Weekday,Thursday,Medium_Load,8.32,18.25
09/03/2018 01:15,4.90,Weekday,Friday,Light_Load,3.53,0.00
20/03/2018 14:30,60.16,Weekday,Tuesday,Maximum_Load,26.39,0.00
01/07/2018 05:45,2.81,Weekend,Sunday,Light_Load,3.74,0.00
18/01/2018 21:00,72.43,Weekday,Thursday,Medium_Load,15.73,0.32
27/07/2018 21:30,4.36,Weekday,Friday,Medium_Load,0.00,17.78
29/09/2018 12:45,3.38,Weekend,Saturday,Medium_Load,0.00,11.77
13/06/2018 14:00,7.49,Weekday,Wednesday,Maximum_Load,0.00,23.15
19/01/2018 03:30,63.11,Weekday,Friday,Light_Load,35.89,0.00
16/04/2018 03:00,3.13,Weekday,Monday,Light_Load,4.00,0.00
01/09/2018 22:00,2.81,Weekend,Saturday,Medium_Load,0.00,11.30
21/02/2018 19:45,65.41,Weekday,Wednesday,Maximum_Load,7.34,1.80
29/04/2018 23:15,2.81,Weekend,Sunday,Light_Load,4.14,0.00
02/12/2018 07:45,3.46,Weekend,Sunday,Light_Load,3.60,0.00
21/07/2018 17:30,3.78,Weekend,Saturday,Medium_Load,0.00,23.72
08/04/2018 18:15,3.82,Weekend,Sunday,Medium_Load,0.00,9.40
24/02/2018 09:15,88.38,Weekend,Saturday,Medium_Load,12.67,0.04
21/07/2018 13:45,37.73,Weekend,Saturday,Maximum_Load,18.40,0.00
04/02/2018 01:15,15.62,Weekend,Sunday,Light_Load,13.28,0.00
08/03/2018 14:15,73.04,Weekday,Thursday,Maximum_Load,33.16,0.00
07/03/2018 20:00,5.26,Weekday,Wednesday,Medium_Load,0.00,26.96
14/09/2018 10:00,39.60,Weekday,Friday,Medium_Load,19.04,0.00
27/12/2018 01:15,3.67,Weekday,Thursday,Light_Load,3.13,0.07
02/04/2018 07:30,3.85,Weekday,Monday,Light_Load,4.32,0.00
03/02/2018 07:30,4.03,Weekend,Saturday,Light_Load,3.64,0.00
09/01/2018 07:00,4.57,Weekday,Tuesday,Light_Load,3.89,0.00
21/09/2018 03:45,2.84,Weekday,Friday,Light_Load,5.11,0.00
23/01/2018 11:30,65.12,Weekday,Tuesday,Maximum_Load,37.40,0.00
28/12/2018 10:15,55.91,Weekday,Friday,Maximum_Load,21.64,0.00
14/02/2018 01:00,86.51,Weekday,Wednesday,Light_Load,41.54,0.00
22/07/2018 00:00,2.88,Weekend,Sunday,Light_Load,0.00,4.64
03/12/2018 12:00,35.35,Weekday,Monday,Maximum_Load,5.15,4.21
01/10/2018 01:45,2.66,Weekday,Monday,Light_Load,5.04,0.00
05/11/2018 23:00,4.86,Weekday,Monday,Maximum_Load,7.99,0.00
10/04/2018 18:30,44.60,Weekday,Tuesday,Medium_Load,31.72,0.00
22/03/2018 00:15,3.89,Weekday,Thursday,Light_Load,5.04,0.00
23/02/2018 21:45,35.32,Weekday,Friday,Medium_Load,0.11,5.00
21/10/2018 14:45,3.06,Weekend,Sunday,Light_Load,0.00,11.16
06/08/2018 15:30,46.51,Weekday,Monday,Maximum_Load,11.95,0.00
12/07/2018 18:45,56.92,Weekday,Thursday,Medium_Load,29.16,0.00
16/07/2018 02:00,2.95,Weekday,Monday,Light_Load,0.00,4.72
23/02/2018 14:30,74.20,Weekday,Friday,Medium_Load,26.17,0.00
12/01/2018 13:00,12.20,Weekday,Friday,Medium_Load,0.00,24.73
06/05/2018 09:45,3.17,Weekend,Sunday,Light_Load,0.00,17.14
11/01/2018 03:00,4.61,Weekday,Thursday,Light_Load,4.21,0.00
30/07/2018 10:30,50.76,Weekday,Monday,Maximum_Load,16.34,0.00
01/07/2018 17:15,2.99,Weekend,Sunday,Light_Load,0.00,17.46
25/03/2018 22:30,3.13,Weekend,Sunday,Medium_Load,3.82,0.00
01/09/2018 21:45,2.81,Weekend,Saturday,Medium_Load,0.00,11.99
08/05/2018 14:15,58.36,Weekday,Tuesday,Maximum_Load,27.36,0.00
09/11/2018 06:30,2.84,Weekday,Friday,Light_Load,4.21,0.00
10/05/2018 12:00,56.41,Weekday,Thursday,Maximum_Load,37.44,0.00
30/11/2018 00:45,4.00,Weekday,Friday,Light_Load,4.79,0.00
23/07/2018 20:45,61.38,Weekday,Monday,Medium_Load,18.25,0.00
22/01/2018 19:00,65.63,Weekday,Monday,Maximum_Load,29.38,0.00
17/05/2018 01:45,3.74,Weekday,Thursday,Light_Load,5.36,0.00
17/11/2018 11:00,106.49,Weekend,Saturday,Maximum_Load,36.04,0.00
21/05/2018 16:45,69.73,Weekday,Monday,Maximum_Load,41.04,0.00
24/09/2018 08:45,2.74,Weekday,Monday,Light_Load,2.88,1.91
06/05/2018 08:45,2.95,Weekend,Sunday,Light_Load,3.92,0.00
12/11/2018 06:15,2.74,Weekday,Monday,Light_Load,3.10,0.00
18/02/2018 01:15,3.10,Weekend,Sunday,Light_Load,3.71,0.00
14/06/2018 03:45,2.81,Weekday,Thursday,Light_Load,4.25,0.00
29/05/2018 02:30,3.02,Weekday,Tuesday,Light_Load,5.11,0.00
23/05/2018 09:45,95.65,Weekday,Wednesday,Medium_Load,33.95,0.00
02/06/2018 18:15,3.60,Weekend,Saturday,Light_Load,0.00,5.08
10/08/2018 04:45,2.63,Weekday,Friday,Light_Load,4.18,0.00
28/12/2018 23:45,4.86,Weekday,Friday,Light_Load,2.88,0.00
31/03/2018 11:30,2.84,Weekend,Saturday,Light_Load,0.00,5.22
06/06/2018 03:30,3.02,Weekday,Wednesday,Light_Load,5.26,0.00
12/09/2018 06:15,2.92,Weekday,Wednesday,Light_Load,5.15,0.00
12/09/2018 03:30,3.20,Weekday,Wednesday,Light_Load,5.87,0.00
11/10/2018 03:45,3.06,Weekday,Thursday,Light_Load,6.16,0.00
17/11/2018 23:45,3.13,Weekend,Saturday,Light_Load,4.72,0.00
23/07/2018 00:30,2.95,Weekday,Monday,Light_Load,0.00,4.68
05/03/2018 21:45,7.45,Weekday,Monday,Medium_Load,0.00,24.80
22/10/2018 04:45,2.92,Weekday,Monday,Light_Load,5.58,0.00
21/01/2018 12:15,5.08,Weekend,Sunday,Light_Load,0.00,19.91
01/05/2018 01:15,3.20,Weekday,Tuesday,Light_Load,4.46,0.00
25/07/2018 23:15,2.66,Weekday,Wednesday,Light_Load,3.78,0.00
02/02/2018 13:30,48.42,Weekday,Friday,Medium_Load,8.93,0.00
02/06/2018 20:30,3.71,Weekend,Saturday,Light_Load,0.00,17.93
06/12/2018 23:30,4.00,Weekday,Thursday,Light_Load,3.74,0.04
12/02/2018 03:30,4.28,Weekday,Monday,Light_Load,4.43,0.00
16/07/2018 05:30,2.77,Weekday,Monday,Light_Load,5.00,0.00
04/05/2018 15:15,43.20,Weekday,Friday,Maximum_Load,13.25,0.00
20/06/2018 09:30,109.08,Weekday,Wednesday,Medium_Load,48.17,0.00
29/11/2018 04:15,4.07,Weekday,Thursday,Light_Load,4.82,0.00
20/02/2018 08:00,6.84,Weekday,Tuesday,Light_Load,4.64,0.00
04/02/2018 13:00,5.11,Weekend,Sunday,Light_Load,0.00,20.63
06/09/2018 18:00,29.20,Weekday,Thursday,Medium_Load,6.80,0.61
30/09/2018 02:30,2.56,Weekend,Sunday,Light_Load,4.46,0.00
03/08/2018 08:30,2.74,Weekday,Friday,Light_Load,5.83,0.00
15/04/2018 03:30,3.13,Weekend,Sunday,Light_Load,3.96,0.00
22/02/2018 10:45,89.10,Weekday,Thursday,Maximum_Load,29.52,0.00
10/02/2018 01:00,63.58,Weekend,Saturday,Light_Load,37.94,0.00
03/02/2018 03:00,6.05,Weekend,Saturday,Light_Load,5.18,0.00
20/11/2018 13:30,53.24,Weekday,Tuesday,Medium_Load,24.08,0.00
12/02/2018 17:30,66.71,Weekday,Monday,Maximum_Load,21.53,0.00
27/09/2018 03:30,2.81,Weekday,Thursday,Light_Load,6.01,0.00
14/08/2018 18:45,85.03,Weekday,Tuesday,Medium_Load,38.48,0.00
19/04/2018 20:15,39.82,Weekday,Thursday,Medium_Load,3.92,0.58
06/10/2018 21:30,3.49,Weekend,Saturday,Medium_Load,0.00,17.82
22/02/2018 19:15,130.86,Weekday,Thursday,Maximum_Load,56.52,0.00
11/07/2018 18:45,43.92,Weekday,Wednesday,Medium_Load,15.73,0.04
28/11/2018 01:45,23.62,Weekday,Wednesday,Light_Load,15.23,0.00
13/05/2018 02:00,3.46,Weekend,Sunday,Light_Load,4.14,0.00
29/08/2018 22:00,3.74,Weekday,Wednesday,Medium_Load,0.00,12.78
26/10/2018 13:30,66.02,Weekday,Friday,Maximum_Load,40.10,0.00
24/01/2018 17:15,74.59,Weekday,Wednesday,Maximum_Load,26.89,0.00
17/05/2018 05:45,3.13,Weekday,Thursday,Light_Load,5.54,0.00
24/06/2018 04:45,2.56,Weekend,Sunday,Light_Load,3.38,0.00
18/11/2018 05:15,3.31,Weekend,Sunday,Light_Load,5.90,0.00
16/12/2018 12:00,11.81,Weekend,Sunday,Maximum_Load,0.65,16.02
05/12/2018 07:00,3.85,Weekday,Wednesday,Light_Load,3.06,0.18
10/02/2018 15:30,4.57,Weekend,Saturday,Light_Load,0.00,26.50
17/05/2018 01:30,3.20,Weekday,Thursday,Light_Load,5.11,0.00
18/07/2018 00:00,3.38,Weekday,Wednesday,Light_Load,0.00,5.22
04/02/2018 13:45,4.97,Weekend,Sunday,Light_Load,0.00,26.17
30/12/2018 16:30,3.35,Weekend,Sunday,Light_Load,0.00,14.08
16/08/2018 07:45,4.10,Weekday,Thursday,Light_Load,4.75,0.00
27/07/2018 08:00,3.96,Weekday,Friday,Light_Load,4.75,0.00
12/01/2018 19:30,120.53,Weekday,Friday,Maximum_Load,50.62,0.00
09/12/2018 00:15,3.74,Weekend,Sunday,Light_Load,3.17,0.11
28/12/2018 18:15,5.08,Weekday,Friday,Maximum_Load,0.00,11.41
15/01/2018 22:30,4.79,Weekday,Monday,Maximum_Load,6.26,0.00
23/06/2018 20:45,2.92,Weekend,Saturday,Medium_Load,0.00,17.46
06/11/2018 13:45,60.34,Weekday,Tuesday,Medium_Load,34.63,0.00
08/12/2018 04:45,3.42,Weekend,Saturday,Light_Load,2.74,0.00
17/12/2018 17:30,52.99,Weekday,Monday,Maximum_Load,18.25,0.11
20/10/2018 09:00,39.92,Weekend,Saturday,Light_Load,12.56,0.00
06/03/2018 03:15,4.68,Weekday,Tuesday,Light_Load,5.72,0.00
05/03/2018 05:00,3.06,Weekday,Monday,Light_Load,4.00,0.00
23/01/2018 07:30,41.83,Weekday,Tuesday,Light_Load,29.45,0.00
02/09/2018 00:45,2.66,Weekend,Sunday,Light_Load,4.72,0.00
06/07/2018 17:00,102.89,Weekday,Friday,Maximum_Load,37.12,0.00
20/03/2018 21:00,33.84,Weekday,Tuesday,Medium_Load,0.72,4.43
22/08/2018 03:00,2.95,Weekday,Wednesday,Light_Load,4.25,0.00
09/12/2018 03:45,3.06,Weekend,Sunday,Light_Load,2.09,0.14
29/05/2018 01:30,3.02,Weekday,Tuesday,Light_Load,5.18,0.00
18/02/2018 14:30,3.49,Weekend,Sunday,Light_Load,0.00,17.53
28/03/2018 06:00,3.02,Weekday,Wednesday,Light_Load,3.13,0.00
13/09/2018 11:45,56.45,Weekday,Thursday,Maximum_Load,32.69,0.00
14/07/2018 15:45,84.28,Weekend,Saturday,Maximum_Load,12.74,0.00
20/10/2018 07:00,2.84,Weekend,Saturday,Light_Load,4.90,0.00
28/03/2018 08:45,51.05,Weekday,Wednesday,Light_Load,42.52,0.00
05/02/2018 06:00,4.36,Weekday,Monday,Light_Load,4.36,0.00
16/05/2018 17:15,103.57,Weekday,Wednesday,Medium_Load,41.51,0.00
16/07/2018 06:15,2.92,Weekday,Monday,Light_Load,4.90,0.00
03/11/2018 15:45,30.96,Weekend,Saturday,Medium_Load,0.40,1.26
14/08/2018 14:15,74.48,Weekday,Tuesday,Maximum_Load,36.65,0.00
26/01/2018 09:00,80.71,Weekday,Friday,Light_Load,38.77,0.00
14/06/2018 10:45,92.74,Weekday,Thursday,Maximum_Load,28.04,0.00
22/02/2018 04:45,3.96,Weekday,Thursday,Light_Load,3.67,0.00
24/06/2018 15:30,28.19,Weekend,Sunday,Maximum_Load,0.50,1.62
05/01/2018 01:00,4.72,Weekday,Friday,Light_Load,5.58,0.00
06/05/2018 08:15,2.88,Weekend,Sunday,Light_Load,3.82,0.00
13/03/2018 18:15,37.26,Weekday,Tuesday,Medium_Load,20.20,0.61
19/12/2018 14:45,105.48,Weekday,Wednesday,Medium_Load,45.58,0.00
26/03/2018 09:30,99.25,Weekday,Monday,Medium_Load,23.11,0.00
21/08/2018 23:30,2.59,Weekday,Tuesday,Light_Load,4.00,0.00
06/01/2018 14:45,3.46,Weekend,Saturday,Light_Load,0.00,17.50
20/06/2018 12:00,103.18,Weekday,Wednesday,Maximum_Load,63.50,0.00
08/10/2018 11:45,111.20,Weekday,Monday,Maximum_Load,53.71,0.00
11/04/2018 02:00,3.78,Weekday,Wednesday,Light_Load,5.26,0.00
11/06/2018 08:45,55.44,Weekday,Monday,Light_Load,58.46,0.00
20/11/2018 19:30,7.38,Weekday,Tuesday,Maximum_Load,0.00,20.30
13/05/2018 15:30,3.13,Weekend,Sunday,Light_Load,0.00,16.88
20/08/2018 07:15,2.74,Weekday,Monday,Light_Load,5.36,0.00
18/09/2018 01:00,2.95,Weekday,Tuesday,Light_Load,5.44,0.00
01/03/2018 22:45,3.60,Weekday,Thursday,Medium_Load,3.13,0.00
01/05/2018 13:45,3.17,Weekday,Tuesday,Light_Load,0.00,17.93
13/10/2018 17:15,4.54,Weekend,Saturday,Medium_Load,0.00,17.89
29/04/2018 16:30,3.17,Weekend,Sunday,Light_Load,0.00,16.24
28/01/2018 03:15,4.21,Weekend,Sunday,Light_Load,4.82,0.00
17/05/2018 02:45,3.17,Weekday,Thursday,Light_Load,5.18,0.00
19/04/2018 17:15,66.74,Weekday,Thursday,Medium_Load,33.23,0.00
10/03/2018 11:30,9.43,Weekend,Saturday,Maximum_Load,0.00,5.90
18/02/2018 13:00,3.49,Weekend,Sunday,Light_Load,0.00,16.63
28/02/2018 00:15,5.94,Weekday,Wednesday,Light_Load,5.65,0.00
07/06/2018 09:00,95.22,Weekday,Thursday,Light_Load,45.47,0.00
14/03/2018 22:15,4.28,Weekday,Wednesday,Medium_Load,2.27,12.78
13/10/2018 12:00,41.22,Weekend,Saturday,Maximum_Load,21.49,0.47
17/04/2018 16:30,109.66,Weekday,Tuesday,Maximum_Load,39.56,0.00
13/04/2018 08:45,47.63,Weekday,Friday,Light_Load,41.15,0.00
07/06/2018 12:00,46.73,Weekday,Thursday,Maximum_Load,37.80,0.00
14/07/2018 06:30,2.70,Weekend,Saturday,Light_Load,5.04,0.00
17/01/2018 15:45,76.07,Weekday,Wednesday,Medium_Load,32.40,0.00
03/05/2018 21:45,4.07,Weekday,Thursday,Medium_Load,0.00,25.92
11/04/2018 17:00,56.48,Weekday,Wednesday,Maximum_Load,27.29,0.00
12/07/2018 21:15,7.99,Weekday,Thursday,Medium_Load,0.00,22.54
07/09/2018 10:45,100.15,Weekday,Friday,Maximum_Load,38.02,0.00
06/05/2018 09:30,3.17,Weekend,Sunday,Light_Load,0.00,17.10
08/07/2018 19:00,3.89,Weekend,Sunday,Medium_Load,0.00,26.39
05/05/2018 04:00,2.95,Weekend,Saturday,Light_Load,4.00,0.00
23/01/2018 05:15,39.56,Weekday,Tuesday,Light_Load,29.20,0.00
05/05/2018 22:45,2.92,Weekend,Saturday,Light_Load,4.03,0.00
14/09/2018 04:00,3.31,Weekday,Friday,Light_Load,4.68,0.00
08/10/2018 21:00,27.32,Weekday,Monday,Medium_Load,9.07,5.47
02/10/2018 19:15,117.47,Weekday,Tuesday,Medium_Load,69.37,0.00
10/02/2018 22:45,3.60,Weekend,Saturday,Light_Load,3.10,0.00
20/01/2018 18:00,32.40,Weekend,Saturday,Maximum_Load,0.04,9.83
14/12/2018 23:15,4.86,Weekday,Friday,Light_Load,3.28,0.07
19/01/2018 20:15,103.21,Weekday,Friday,Medium_Load,38.52,0.00
04/05/2018 06:15,3.49,Weekday,Friday,Light_Load,4.39,0.00
18/12/2018 04:45,4.18,Weekday,Tuesday,Light_Load,3.13,0.00
31/07/2018 09:15,78.41,Weekday,Tuesday,Medium_Load,31.93,0.00
08/09/2018 09:45,47.81,Weekend,Saturday,Medium_Load,18.94,0.00
21/12/2018 05:15,3.28,Weekday,Friday,Light_Load,2.34,0.07
25/11/2018 02:00,3.46,Weekend,Sunday,Light_Load,2.92,0.04
31/05/2018 10:45,49.75,Weekday,Thursday,Maximum_Load,24.55,0.00
27/11/2018 13:30,121.25,Weekday,Tuesday,Medium_Load,55.58,0.00
16/10/2018 11:15,54.61,Weekday,Tuesday,Maximum_Load,36.25,0.00
09/11/2018 09:45,83.63,Weekday,Friday,Medium_Load,44.50,0.00
24/01/2018 14:45,95.65,Weekday,Wednesday,Medium_Load,47.84,0.00
12/04/2018 16:30,68.29,Weekday,Thursday,Maximum_Load,43.02,0.00
20/03/2018 22:15,4.28,Weekday,Tuesday,Medium_Load,1.98,14.90
01/05/2018 22:00,3.20,Weekday,Tuesday,Light_Load,0.00,16.70
01/04/2018 22:30,2.81,Weekend,Sunday,Light_Load,4.39,0.00
22/05/2018 19:45,3.82,Weekday,Tuesday,Medium_Load,0.00,26.32
20/01/2018 16:45,41.29,Weekend,Saturday,Medium_Load,0.72,1.94
11/03/2018 02:00,3.10,Weekend,Sunday,Light_Load,2.95,0.00
23/08/2018 21:45,3.78,Weekday,Thursday,Medium_Load,0.00,16.09
03/04/2018 12:15,19.08,Weekday,Tuesday,Medium_Load,8.03,18.65
19/04/2018 19:00,40.39,Weekday,Thursday,Medium_Load,2.81,0.58
21/09/2018 03:30,2.84,Weekday,Friday,Light_Load,5.00,0.00
08/05/2018 04:15,2.99,Weekday,Tuesday,Light_Load,3.67,0.00
03/09/2018 19:45,25.67,Weekday,Monday,Medium_Load,0.25,3.06
19/06/2018 02:30,2.74,Weekday,Tuesday,Light_Load,4.50,0.00
14/08/2018 05:15,2.92,Weekday,Tuesday,Light_Load,6.01,0.00
09/05/2018 22:15,3.92,Weekday,Wednesday,Medium_Load,1.26,14.83
07/01/2018 01:00,3.20,Weekend,Sunday,Light_Load,3.02,0.00
13/10/2018 19:00,3.56,Weekend,Saturday,Medium_Load,0.00,18.22
01/05/2018 18:15,3.10,Weekday,Tuesday,Light_Load,0.00,5.44
27/03/2018 13:00,6.41,Weekday,Tuesday,Medium_Load,0.00,25.06
05/12/2018 19:45,5.44,Weekday,Wednesday,Maximum_Load,0.00,20.70
10/08/2018 13:15,30.06,Weekday,Friday,Maximum_Load,10.98,7.24
16/12/2018 21:15,4.50,Weekend,Sunday,Medium_Load,0.00,21.31
15/08/2018 22:00,3.28,Weekday,Wednesday,Medium_Load,0.00,13.43
04/09/2018 16:15,118.69,Weekday,Tuesday,Maximum_Load,59.08,0.00
06/05/2018 13:45,3.20,Weekend,Sunday,Light_Load,0.00,16.92
15/02/2018 04:00,3.28,Weekday,Thursday,Light_Load,4.68,0.00
06/12/2018 07:45,4.21,Weekday,Thursday,Light_Load,3.13,0.07
03/07/2018 19:30,103.36,Weekday,Tuesday,Medium_Load,34.70,0.00
18/07/2018 09:15,55.94,Weekday,Wednesday,Medium_Load,39.10,0.00
01/12/2018 14:30,26.28,Weekend,Saturday,Medium_Load,0.04,7.67
19/02/2018 22:45,87.52,Weekday,Monday,Maximum_Load,44.17,0.00
06/02/2018 17:30,65.48,Weekday,Tuesday,Maximum_Load,14.98,0.00
28/10/2018 06:30,2.92,Weekend,Sunday,Light_Load,5.62,0.00
25/01/2018 21:45,39.28,Weekday,Thursday,Medium_Load,0.86,2.27
08/08/2018 09:15,84.56,Weekday,Wednesday,Medium_Load,41.18,0.00
07/05/2018 21:00,79.38,Weekday,Monday,Medium_Load,20.41,1.84
18/07/2018 02:00,3.24,Weekday,Wednesday,Light_Load,0.00,5.00
14/02/2018 07:45,5.80,Weekday,Wednesday,Light_Load,5.18,0.00
09/05/2018 14:45,65.99,Weekday,Wednesday,Maximum_Load,33.84,0.00
22/05/2018 13:45,90.68,Weekday,Tuesday,Maximum_Load,14.80,0.00
22/05/2018 01:45,3.60,Weekday,Tuesday,Light_Load,4.43,0.00
26/11/2018 16:30,61.45,Weekday,Monday,Medium_Load,24.52,0.00
24/02/2018 09:30,76.03,Weekend,Saturday,Medium_Load,9.29,0.76
23/10/2018 11:45,69.05,Weekday,Tuesday,Maximum_Load,37.30,0.00
03/11/2018 09:45,57.24,Weekend,Saturday,Medium_Load,14.94,0.00
13/08/2018 07:30,3.53,Weekday,Monday,Light_Load,5.62,0.00
04/12/2018 06:45,3.64,Weekday,Tuesday,Light_Load,3.74,0.00
30/09/2018 15:45,2.70,Weekend,Sunday,Light_Load,0.00,11.81
14/06/2018 23:15,4.46,Weekday,Thursday,Light_Load,6.88,0.00
25/08/2018 17:45,3.42,Weekend,Saturday,Light_Load,0.00,14.04
04/08/2018 00:00,2.70,Weekend,Saturday,Light_Load,4.93,0.00
16/10/2018 19:30,61.78,Weekday,Tuesday,Medium_Load,44.17,0.00
09/07/2018 23:45,3.31,Weekday,Monday,Light_Load,3.71,0.00
05/07/2018 05:30,3.56,Weekday,Thursday,Light_Load,5.08,0.00
08/01/2018 08:30,130.54,Weekday,Monday,Light_Load,77.80,0.00
31/05/2018 13:45,68.54,Weekday,Thursday,Maximum_Load,42.48,0.00
13/07/2018 22:45,3.67,Weekday,Friday,Medium_Load,5.83,0.00
21/06/2018 17:00,49.39,Weekday,Thursday,Maximum_Load,24.19,0.00
13/02/2018 22:15,35.32,Weekday,Tuesday,Maximum_Load,10.37,3.28
02/09/2018 22:00,2.88,Weekend,Sunday,Medium_Load,0.00,11.56
25/10/2018 05:00,3.10,Weekday,Thursday,Light_Load,6.01,0.00
22/09/2018 03:15,2.56,Weekend,Saturday,Light_Load,4.50,0.00
02/12/2018 15:00,3.64,Weekend,Sunday,Light_Load,0.00,14.90
14/02/2018 04:30,5.15,Weekday,Wednesday,Light_Load,5.08,0.00
19/09/2018 13:00,4.90,Weekday,Wednesday,Medium_Load,0.00,16.88
08/10/2018 02:00,2.63,Weekday,Monday,Light_Load,5.04,0.00
28/09/2018 20:00,35.32,Weekday,Friday,Medium_Load,15.26,0.00
07/09/2018 09:15,107.93,Weekday,Friday,Medium_Load,40.75,0.00
14/03/2018 21:15,4.50,Weekday,Wednesday,Medium_Load,0.00,24.37
02/12/2018 10:00,3.56,Weekend,Sunday,Light_Load,0.00,14.11
18/11/2018 17:00,7.16,Weekend,Sunday,Medium_Load,0.00,15.98
09/03/2018 13:15,31.03,Weekday,Friday,Maximum_Load,0.50,9.11
26/02/2018 01:45,3.89,Weekday,Monday,Light_Load,3.53,0.00
26/02/2018 23:00,5.76,Weekday,Monday,Maximum_Load,4.86,0.00
17/02/2018 04:15,3.71,Weekend,Saturday,Light_Load,5.29,0.00
25/03/2018 03:30,3.10,Weekend,Sunday,Light_Load,3.46,0.00
21/01/2018 13:15,5.11,Weekend,Sunday,Light_Load,0.00,25.67
21/12/2018 21:45,5.44,Weekday,Friday,Medium_Load,0.00,21.60
27/10/2018 20:15,3.67,Weekend,Saturday,Medium_Load,0.00,17.57
30/12/2018 14:00,4.03,Weekend,Sunday,Light_Load,0.00,21.17
06/04/2018 06:45,3.20,Weekday,Friday,Light_Load,5.11,0.00
22/09/2018 23:15,2.95,Weekend,Saturday,Light_Load,6.73,0.00
21/10/2018 08:00,3.42,Weekend,Sunday,Light_Load,6.95,0.00
09/06/2018 07:45,2.92,Weekend,Saturday,Light_Load,5.65,0.00
05/10/2018 17:00,46.98,Weekday,Friday,Maximum_Load,23.40,0.00
22/08/2018 09:45,60.01,Weekday,Wednesday,Medium_Load,33.62,0.00
18/01/2018 22:00,85.82,Weekday,Thursday,Medium_Load,12.28,0.00
27/08/2018 02:00,2.95,Weekday,Monday,Light_Load,4.93,0.00
21/10/2018 01:45,2.74,Weekend,Sunday,Light_Load,4.61,0.00
22/11/2018 15:30,80.24,Weekday,Thursday,Medium_Load,37.84,0.00
03/02/2018 19:45,38.84,Weekend,Saturday,Maximum_Load,0.47,3.49
26/04/2018 21:15,11.23,Weekday,Thursday,Medium_Load,0.00,21.38
31/03/2018 15:15,3.53,Weekend,Saturday,Light_Load,0.00,25.20
03/05/2018 00:30,3.71,Weekday,Thursday,Light_Load,3.71,0.00
02/07/2018 17:00,58.03,Weekday,Monday,Maximum_Load,29.45,0.00
09/09/2018 12:45,4.10,Weekend,Sunday,Medium_Load,0.00,9.97
02/09/2018 20:30,3.64,Weekend,Sunday,Medium_Load,0.00,18.50
23/02/2018 10:15,85.36,Weekday,Friday,Maximum_Load,52.88,0.00
22/07/2018 14:30,3.02,Weekend,Sunday,Light_Load,0.00,16.96
09/03/2018 00:00,3.74,Weekday,Friday,Light_Load,3.53,0.00
30/01/2018 03:45,5.76,Weekday,Tuesday,Light_Load,5.33,0.00
23/07/2018 01:00,3.10,Weekday,Monday,Light_Load,0.00,4.36
28/01/2018 07:45,4.25,Weekend,Sunday,Light_Load,5.29,0.00
01/03/2018 05:30,3.67,Weekday,Thursday,Light_Load,4.75,0.00
10/06/2018 08:30,2.81,Weekend,Sunday,Light_Load,5.00,0.00
28/03/2018 13:45,50.54,Weekday,Wednesday,Maximum_Load,13.21,0.00
22/02/2018 10:00,86.15,Weekday,Thursday,Medium_Load,31.28,0.00
07/10/2018 09:30,3.17,Weekend,Sunday,Light_Load,0.00,16.56
23/05/2018 02:30,3.06,Weekday,Wednesday,Light_Load,4.75,0.00
22/06/2018 01:00,3.02,Weekday,Friday,Light_Load,5.62,0.00
06/05/2018 06:15,3.35,Weekend,Sunday,Light_Load,4.43,0.00
10/01/2018 04:15,4.57,Weekday,Wednesday,Light_Load,4.54,0.00
18/11/2018 03:30,3.28,Weekend,Sunday,Light_Load,5.83,0.00
08/08/2018 14:15,104.00,Weekday,Wednesday,Maximum_Load,46.84,0.00
13/02/2018 10:15,63.58,Weekday,Tuesday,Maximum_Load,17.10,0.00
15/02/2018 10:30,3.35,Weekday,Thursday,Light_Load,0.00,17.39
29/01/2018 05:45,4.79,Weekday,Monday,Light_Load,5.22,0.00
14/06/2018 16:15,57.28,Weekday,Thursday,Maximum_Load,21.28,0.00
13/01/2018 23:45,4.61,Weekend,Saturday,Light_Load,4.07,0.00
07/01/2018 22:15,3.82,Weekend,Sunday,Light_Load,1.48,13.36
26/07/2018 13:15,28.62,Weekday,Thursday,Maximum_Load,2.92,7.13
20/06/2018 07:30,3.92,Weekday,Wednesday,Light_Load,5.76,0.00
28/10/2018 03:45,2.84,Weekend,Sunday,Light_Load,5.26,0.00
15/10/2018 02:30,2.81,Weekday,Monday,Light_Load,5.26,0.00
19/12/2018 07:30,4.07,Weekday,Wednesday,Light_Load,2.84,0.29
06/11/2018 14:15,51.19,Weekday,Tuesday,Medium_Load,28.01,0.00
30/01/2018 05:30,3.92,Weekday,Tuesday,Light_Load,3.64,0.00
09/07/2018 11:30,69.62,Weekday,Monday,Maximum_Load,53.39,0.00
10/05/2018 08:45,66.02,Weekday,Thursday,Light_Load,65.66,0.00
29/07/2018 14:45,32.72,Weekend,Sunday,Maximum_Load,1.94,1.58
26/02/2018 12:30,6.16,Weekday,Monday,Medium_Load,0.00,27.11
21/06/2018 12:00,45.32,Weekday,Thursday,Maximum_Load,27.14,0.00
13/03/2018 14:15,107.50,Weekday,Tuesday,Maximum_Load,45.54,0.00
03/01/2018 17:30,114.01,Weekday,Wednesday,Maximum_Load,41.15,0.00
22/07/2018 12:45,3.38,Weekend,Sunday,Light_Load,0.00,7.24
29/08/2018 21:45,3.82,Weekday,Wednesday,Medium_Load,0.00,13.43
11/09/2018 04:30,2.56,Weekday,Tuesday,Light_Load,4.90,0.00
20/08/2018 03:00,2.66,Weekday,Monday,Light_Load,4.97,0.00
16/01/2018 09:00,91.58,Weekday,Tuesday,Light_Load,48.85,0.00
29/07/2018 21:00,3.02,Weekend,Sunday,Medium_Load,0.00,16.42
27/08/2018 02:30,2.92,Weekday,Monday,Light_Load,4.86,0.00
28/06/2018 15:00,53.60,Weekday,Thursday,Maximum_Load,24.70,0.00
04/01/2018 21:45,5.26,Weekday,Thursday,Medium_Load,0.00,25.78
07/02/2018 23:00,32.72,Weekday,Wednesday,Maximum_Load,23.94,0.00
19/10/2018 06:00,2.99,Weekday,Friday,Light_Load,5.87,0.00
25/07/2018 18:15,48.78,Weekday,Wednesday,Medium_Load,21.35,1.58
22/12/2018 13:30,4.25,Weekend,Saturday,Light_Load,0.00,21.06
12/06/2018 09:45,51.91,Weekday,Tuesday,Medium_Load,19.51,0.00
05/08/2018 13:15,2.99,Weekend,Sunday,Light_Load,0.00,16.31
24/12/2018 16:15,47.20,Weekday,Monday,Medium_Load,9.14,0.04
31/10/2018 04:15,2.95,Weekday,Wednesday,Light_Load,4.21,0.00
07/01/2018 17:15,3.56,Weekend,Sunday,Light_Load,0.00,16.85
22/10/2018 18:45,82.26,Weekday,Monday,Medium_Load,42.48,0.00
02/08/2018 08:30,2.63,Weekday,Thursday,Light_Load,4.28,0.00
16/10/2018 13:45,54.83,Weekday,Tuesday,Maximum_Load,33.05,0.00
02/06/2018 02:45,2.88,Weekend,Saturday,Light_Load,5.04,0.00
05/04/2018 12:15,17.71,Weekday,Thursday,Medium_Load,7.74,12.31
23/02/2018 23:30,89.21,Weekday,Friday,Light_Load,41.47,0.00
23/08/2018 01:00,2.92,Weekday,Thursday,Light_Load,5.18,0.00
17/03/2018 23:45,2.99,Weekend,Saturday,Light_Load,2.92,0.00
02/04/2018 05:30,2.81,Weekday,Monday,Light_Load,4.14,0.00
27/09/2018 01:00,3.10,Weekday,Thursday,Light_Load,6.91,0.00
20/09/2018 20:00,41.11,Weekday,Thursday,Medium_Load,19.69,0.00
28/12/2018 05:00,3.82,Weekday,Friday,Light_Load,2.66,0.32
27/12/2018 17:15,54.58,Weekday,Thursday,Maximum_Load,12.06,0.29
17/09/2018 14:30,111.64,Weekday,Monday,Maximum_Load,51.41,0.00
17/11/2018 05:45,3.13,Weekend,Saturday,Light_Load,4.18,0.00
06/12/2018 06:30,3.28,Weekday,Thursday,Light_Load,2.38,0.11
21/08/2018 19:00,48.71,Weekday,Tuesday,Medium_Load,28.15,0.00
26/06/2018 19:30,34.60,Weekday,Tuesday,Medium_Load,1.62,0.61
15/12/2018 05:45,3.42,Weekend,Saturday,Light_Load,2.84,0.00
09/02/2018 17:30,61.96,Weekday,Friday,Maximum_Load,20.30,0.00
11/04/2018 12:15,8.82,Weekday,Wednesday,Medium_Load,2.23,18.72
12/11/2018 10:15,51.98,Weekday,Monday,Maximum_Load,19.62,0.00
27/10/2018 09:30,44.71,Weekend,Saturday,Medium_Load,19.80,0.00
22/12/2018 02:30,4.07,Weekend,Saturday,Light_Load,3.24,0.18
20/08/2018 10:30,55.98,Weekday,Monday,Maximum_Load,36.90,0.00
14/04/2018 21:00,3.85,Weekend,Saturday,Medium_Load,0.00,24.98
02/01/2018 19:30,35.96,Weekday,Tuesday,Maximum_Load,2.52,1.37
08/10/2018 10:45,103.25,Weekday,Monday,Maximum_Load,49.64,0.00
13/03/2018 19:15,57.31,Weekday,Tuesday,Medium_Load,25.78,0.00
20/01/2018 22:00,37.80,Weekend,Saturday,Medium_Load,0.22,4.07
04/07/2018 23:15,3.60,Weekday,Wednesday,Light_Load,3.78,0.00
13/10/2018 15:30,106.67,Weekend,Saturday,Maximum_Load,45.18,0.00
20/11/2018 17:45,27.83,Weekday,Tuesday,Maximum_Load,0.00,6.66
25/11/2018 03:30,2.84,Weekend,Sunday,Light_Load,2.63,0.00
02/03/2018 06:15,3.28,Weekday,Friday,Light_Load,2.77,0.00
14/04/2018 04:15,3.10,Weekend,Saturday,Light_Load,4.10,0.00
15/06/2018 07:15,3.02,Weekday,Friday,Light_Load,5.47,0.00
19/03/2018 23:15,3.67,Weekday,Monday,Light_Load,4.64,0.00
26/12/2018 22:00,4.07,Weekday,Wednesday,Medium_Load,0.00,21.06
04/05/2018 11:15,65.84,Weekday,Friday,Maximum_Load,49.39,0.00
26/01/2018 01:30,41.51,Weekday,Friday,Light_Load,31.46,0.00
09/09/2018 18:00,3.64,Weekend,Sunday,Medium_Load,0.00,10.33
18/09/2018 19:00,42.01,Weekday,Tuesday,Medium_Load,23.47,0.00
24/06/2018 22:30,2.81,Weekend,Sunday,Medium_Load,4.39,0.00
08/08/2018 22:45,2.70,Weekday,Wednesday,Medium_Load,4.39,0.00
28/06/2018 08:00,3.92,Weekday,Thursday,Light_Load,5.26,0.00
06/08/2018 06:15,2.59,Weekday,Monday,Light_Load,4.68,0.00
31/01/2018 11:15,114.23,Weekday,Wednesday,Maximum_Load,56.05,0.00
30/09/2018 16:15,2.95,Weekend,Sunday,Light_Load,0.00,13.61
02/01/2018 05:15,3.46,Weekday,Tuesday,Light_Load,3.78,0.00
11/11/2018 20:30,3.20,Weekend,Sunday,Light_Load,0.00,15.05
31/12/2018 06:45,3.02,Weekday,Monday,Light_Load,2.12,0.11
27/03/2018 22:15,4.03,Weekday,Tuesday,Medium_Load,1.76,14.87
11/05/2018 00:30,4.14,Weekday,Friday,Light_Load,4.79,0.00
26/11/2018 21:45,5.26,Weekday,Monday,Medium_Load,0.00,20.77
31/01/2018 17:00,109.12,Weekday,Wednesday,Medium_Load,39.10,0.00
04/12/2018 14:15,58.82,Weekday,Tuesday,Medium_Load,31.46,0.00
31/08/2018 15:15,48.17,Weekday,Friday,Maximum_Load,24.41,0.00
02/02/2018 06:15,4.28,Weekday,Friday,Light_Load,4.46,0.00
24/06/2018 02:00,2.59,Weekend,Sunday,Light_Load,3.46,0.00
22/06/2018 13:15,40.07,Weekday,Friday,Maximum_Load,15.01,6.26
20/03/2018 22:45,3.92,Weekday,Tuesday,Medium_Load,5.15,0.00
02/05/2018 16:45,111.53,Weekday,Wednesday,Maximum_Load,44.28,0.00
30/01/2018 16:15,72.04,Weekday,Tuesday,Medium_Load,26.32,0.00
09/10/2018 11:00,67.10,Weekday,Tuesday,Maximum_Load,44.21,0.00
24/09/2018 23:00,3.20,Weekday,Monday,Light_Load,6.34,0.00
11/07/2018 11:45,60.98,Weekday,Wednesday,Maximum_Load,45.07,0.00
10/10/2018 18:45,82.62,Weekday,Wednesday,Medium_Load,27.54,0.00
26/11/2018 16:45,51.52,Weekday,Monday,Medium_Load,16.63,0.00
23/08/2018 02:45,3.20,Weekday,Thursday,Light_Load,5.47,0.00
28/08/2018 02:45,2.59,Weekday,Tuesday,Light_Load,4.18,0.00
27/03/2018 17:45,30.46,Weekday,Tuesday,Medium_Load,0.00,8.96
30/04/2018 06:45,3.20,Weekday,Monday,Light_Load,4.14,0.00
03/08/2018 03:15,2.84,Weekday,Friday,Light_Load,5.87,0.00
15/11/2018 22:15,3.89,Weekday,Thursday,Maximum_Load,7.24,0.14
07/04/2018 09:30,89.21,Weekend,Saturday,Medium_Load,15.88,0.07
17/11/2018 22:00,4.03,Weekend,Saturday,Medium_Load,0.00,16.88
14/02/2018 05:45,5.15,Weekday,Wednesday,Light_Load,5.18,0.00
18/04/2018 17:45,40.68,Weekday,Wednesday,Medium_Load,7.27,0.40
19/11/2018 13:00,5.11,Weekday,Monday,Medium_Load,0.00,21.20
02/10/2018 04:30,2.59,Weekday,Tuesday,Light_Load,4.57,0.00
01/10/2018 13:45,38.20,Weekday,Monday,Maximum_Load,18.36,0.00
05/09/2018 20:45,46.26,Weekday,Wednesday,Medium_Load,22.14,0.00
16/08/2018 17:15,55.22,Weekday,Thursday,Medium_Load,41.72,0.00
06/12/2018 10:45,71.06,Weekday,Thursday,Maximum_Load,38.30,0.00
13/02/2018 18:15,65.34,Weekday,Tuesday,Maximum_Load,18.36,0.00
25/04/2018 11:30,80.96,Weekday,Wednesday,Maximum_Load,49.14,0.00
25/11/2018 13:30,3.64,Weekend,Sunday,Light_Load,0.00,19.58
25/10/2018 05:30,3.06,Weekday,Thursday,Light_Load,5.72,0.00
30/01/2018 23:15,95.22,Weekday,Tuesday,Light_Load,46.30,0.00
06/09/2018 10:15,50.94,Weekday,Thursday,Maximum_Load,28.58,0.00
31/05/2018 20:15,3.89,Weekday,Thursday,Medium_Load,0.00,25.99
01/02/2018 09:30,93.85,Weekday,Thursday,Medium_Load,34.45,0.00
28/03/2018 15:45,62.78,Weekday,Wednesday,Maximum_Load,28.94,0.00
21/01/2018 18:15,4.75,Weekend,Sunday,Light_Load,0.00,10.91
16/04/2018 09:00,62.06,Weekday,Monday,Light_Load,31.79,0.00
19/08/2018 05:00,2.70,Weekend,Sunday,Light_Load,4.90,0.00
11/12/2018 14:30,72.00,Weekday,Tuesday,Medium_Load,34.88,0.00
13/12/2018 12:30,10.91,Weekday,Thursday,Medium_Load,0.00,17.93
04/08/2018 18:15,2.66,Weekend,Saturday,Light_Load,0.00,7.85
09/02/2018 03:30,5.90,Weekday,Friday,Light_Load,5.98,0.00
07/01/2018 12:00,3.64,Weekend,Sunday,Light_Load,0.00,5.69
09/10/2018 01:15,3.24,Weekday,Tuesday,Light_Load,5.98,0.00
31/05/2018 21:45,3.71,Weekday,Thursday,Medium_Load,0.00,23.54
24/01/2018 20:45,37.01,Weekday,Wednesday,Medium_Load,0.68,4.54
27/09/2018 06:15,2.45,Weekday,Thursday,Light_Load,4.93,0.00
28/08/2018 14:45,41.69,Weekday,Tuesday,Maximum_Load,17.53,0.00
30/10/2018 03:00,3.20,Weekday,Tuesday,Light_Load,4.79,0.00
06/01/2018 17:45,3.38,Weekend,Saturday,Light_Load,0.00,17.82
26/08/2018 05:45,2.77,Weekend,Sunday,Light_Load,5.54,0.00
08/07/2018 08:45,112.36,Weekend,Sunday,Light_Load,66.74,0.00
25/03/2018 11:30,29.92,Weekend,Sunday,Maximum_Load,10.98,0.00
27/04/2018 17:45,30.74,Weekday,Friday,Medium_Load,0.00,9.61
24/07/2018 06:15,2.95,Weekday,Tuesday,Light_Load,5.29,0.00
07/04/2018 18:00,4.14,Weekend,Saturday,Medium_Load,0.00,25.74
20/02/2018 23:15,98.35,Weekday,Tuesday,Light_Load,48.06,0.00
06/12/2018 04:00,3.42,Weekday,Thursday,Light_Load,2.92,0.00
28/09/2018 19:00,38.63,Weekday,Friday,Medium_Load,16.74,0.00
02/08/2018 17:30,2.92,Weekday,Thursday,Light_Load,0.00,16.60
19/02/2018 14:45,78.77,Weekday,Monday,Medium_Load,43.78,0.00
12/12/2018 19:30,60.19,Weekday,Wednesday,Maximum_Load,24.95,0.00
29/08/2018 03:15,2.70,Weekday,Wednesday,Light_Load,4.46,0.00
22/05/2018 22:30,3.10,Weekday,Tuesday,Medium_Load,5.22,0.00
24/11/2018 21:00,3.20,Weekend,Saturday,Light_Load,0.00,13.93
07/10/2018 14:30,2.70,Weekend,Sunday,Light_Load,0.00,11.59
23/04/2018 19:30,43.85,Weekday,Monday,Medium_Load,3.10,0.47
18/11/2018 07:45,4.07,Weekend,Sunday,Light_Load,6.80,0.00
26/01/2018 11:15,108.29,Weekday,Friday,Maximum_Load,50.51,0.00
05/08/2018 22:45,3.31,Weekend,Sunday,Light_Load,5.44,0.00
21/09/2018 17:45,3.31,Weekday,Friday,Medium_Load,0.00,18.79
09/06/2018 04:30,2.92,Weekend,Saturday,Light_Load,5.72,0.00
04/11/2018 09:00,36.40,Weekend,Sunday,Light_Load,8.24,0.00
05/02/2018 10:45,103.43,Weekday,Monday,Maximum_Load,39.67,0.00
13/06/2018 17:45,3.10,Weekday,Wednesday,Medium_Load,0.00,16.60
22/08/2018 14:45,60.70,Weekday,Wednesday,Maximum_Load,35.14,0.00
16/01/2018 01:15,4.61,Weekday,Tuesday,Light_Load,5.54,0.00
13/04/2018 01:45,3.71,Weekday,Friday,Light_Load,4.86,0.00
29/09/2018 14:15,34.60,Weekend,Saturday,Maximum_Load,9.65,0.00
28/08/2018 15:45,47.41,Weekday,Tuesday,Maximum_Load,24.26,0.00
20/04/2018 14:15,66.53,Weekday,Friday,Maximum_Load,47.63,0.00
10/11/2018 03:15,3.74,Weekend,Saturday,Light_Load,7.63,0.00
04/01/2018 09:00,131.18,Weekday,Thursday,Light_Load,53.60,0.00
07/03/2018 01:45,3.24,Weekday,Wednesday,Light_Load,3.17,0.00
12/05/2018 23:30,2.88,Weekend,Saturday,Light_Load,3.74,0.00
09/07/2018 16:15,58.54,Weekday,Monday,Maximum_Load,32.18,0.00
14/06/2018 16:30,48.17,Weekday,Thursday,Maximum_Load,15.70,0.00
11/04/2018 05:30,3.28,Weekday,Wednesday,Light_Load,5.00,0.00
05/07/2018 13:00,4.86,Weekday,Thursday,Medium_Load,0.00,24.48
22/07/2018 02:15,3.28,Weekend,Sunday,Light_Load,0.00,4.57
05/09/2018 15:00,48.49,Weekday,Wednesday,Maximum_Load,21.82,0.00
18/01/2018 15:00,108.83,Weekday,Thursday,Medium_Load,39.24,0.00
24/12/2018 06:30,3.60,Weekday,Monday,Light_Load,2.48,0.29
24/10/2018 08:30,58.75,Weekday,Wednesday,Light_Load,55.84,0.00
28/07/2018 09:30,36.83,Weekend,Saturday,Medium_Load,7.63,0.00
07/09/2018 21:45,4.21,Weekday,Friday,Medium_Load,0.00,17.14
11/06/2018 01:00,2.92,Weekday,Monday,Light_Load,5.47,0.00
05/06/2018 04:30,3.24,Weekday,Tuesday,Light_Load,5.69,0.00
07/08/2018 21:45,4.14,Weekday,Tuesday,Medium_Load,0.00,16.16
20/09/2018 18:45,39.42,Weekday,Thursday,Medium_Load,20.02,0.00
05/08/2018 11:45,2.81,Weekend,Sunday,Light_Load,0.00,4.28
04/01/2018 13:30,135.43,Weekday,Thursday,Medium_Load,51.95,0.00
14/07/2018 18:45,2.88,Weekend,Saturday,Medium_Load,0.00,11.48
06/07/2018 12:45,5.15,Weekday,Friday,Medium_Load,0.00,17.57
10/08/2018 18:30,79.96,Weekday,Friday,Medium_Load,43.38,0.00
13/03/2018 10:30,84.56,Weekday,Tuesday,Maximum_Load,30.53,0.00
15/05/2018 05:30,2.81,Weekday,Tuesday,Light_Load,4.21,0.00
17/07/2018 14:15,79.74,Weekday,Tuesday,Maximum_Load,27.65,0.00
01/04/2018 04:45,3.42,Weekend,Sunday,Light_Load,5.04,0.00
06/03/2018 11:00,57.53,Weekday,Tuesday,Maximum_Load,20.09,0.00
14/09/2018 12:45,4.64,Weekday,Friday,Medium_Load,0.00,14.08
21/09/2018 21:15,2.66,Weekday,Friday,Medium_Load,0.00,12.20
09/01/2018 16:30,127.48,Weekday,Tuesday,Medium_Load,46.48,0.00
08/03/2018 21:00,37.76,Weekday,Thursday,Medium_Load,2.38,1.37
22/02/2018 22:30,51.16,Weekday,Thursday,Maximum_Load,35.53,0.00
31/05/2018 07:15,2.92,Weekday,Thursday,Light_Load,5.26,0.00
01/11/2018 13:30,110.66,Weekday,Thursday,Medium_Load,60.37,0.00
28/02/2018 04:15,4.10,Weekday,Wednesday,Light_Load,4.32,0.00
19/11/2018 01:15,2.92,Weekday,Monday,Light_Load,4.46,0.00
11/06/2018 07:15,2.92,Weekday,Monday,Light_Load,5.36,0.00
29/04/2018 15:15,3.17,Weekend,Sunday,Light_Load,0.00,16.34
01/10/2018 15:15,48.13,Weekday,Monday,Maximum_Load,29.52,0.00
26/08/2018 12:30,3.06,Weekend,Sunday,Medium_Load,0.00,13.64
12/02/2018 19:45,34.81,Weekday,Monday,Maximum_Load,0.00,8.68
16/01/2018 17:15,91.98,Weekday,Tuesday,Maximum_Load,50.47,0.00
31/12/2018 12:15,4.03,Weekday,Monday,Light_Load,0.00,20.38
11/08/2018 00:00,2.70,Weekend,Saturday,Light_Load,4.82,0.00
03/10/2018 02:15,3.53,Weekday,Wednesday,Light_Load,7.13,0.00
16/06/2018 04:30,2.92,Weekend,Saturday,Light_Load,5.36,0.00
06/03/2018 12:30,24.44,Weekday,Tuesday,Medium_Load,0.00,14.29
08/04/2018 21:30,3.28,Weekend,Sunday,Medium_Load,0.00,17.39
10/06/2018 19:00,3.06,Weekend,Sunday,Light_Load,0.00,16.31
09/12/2018 18:00,3.24,Weekend,Sunday,Light_Load,0.00,10.66
04/07/2018 08:45,93.85,Weekday,Wednesday,Light_Load,64.73,0.00
05/02/2018 09:45,76.64,Weekday,Monday,Medium_Load,25.63,0.00
09/07/2018 09:15,50.98,Weekday,Monday,Medium_Load,21.35,0.00
17/06/2018 01:15,3.46,Weekend,Sunday,Light_Load,4.25,0.00
02/02/2018 02:45,6.37,Weekday,Friday,Light_Load,5.08,0.00
02/06/2018 02:15,2.92,Weekend,Saturday,Light_Load,5.04,0.00
14/12/2018 20:30,30.06,Weekday,Friday,Medium_Load,0.43,3.85
12/02/2018 12:15,15.52,Weekday,Monday,Medium_Load,3.74,19.04
24/12/2018 23:30,3.82,Weekday,Monday,Light_Load,2.59,0.43
05/01/2018 22:45,4.14,Weekday,Friday,Maximum_Load,4.21,0.00
06/06/2018 15:00,110.74,Weekday,Wednesday,Maximum_Load,57.56,0.00
27/07/2018 14:45,51.05,Weekday,Friday,Maximum_Load,14.44,0.00
13/10/2018 20:00,3.60,Weekend,Saturday,Medium_Load,0.00,18.11
16/01/2018 04:30,4.57,Weekday,Tuesday,Light_Load,5.69,0.00
04/01/2018 00:45,4.64,Weekday,Thursday,Light_Load,4.68,0.00
13/10/2018 10:15,43.92,Weekend,Saturday,Maximum_Load,14.29,0.00
10/09/2018 15:15,73.33,Weekday,Monday,Maximum_Load,32.80,0.00
04/06/2018 17:45,37.58,Weekday,Monday,Medium_Load,1.98,5.08
19/12/2018 07:15,4.10,Weekday,Wednesday,Light_Load,2.81,0.29
15/08/2018 03:00,2.81,Weekday,Wednesday,Light_Load,4.36,0.00
19/09/2018 16:15,50.58,Weekday,Wednesday,Maximum_Load,30.42,0.00
17/10/2018 00:30,3.67,Weekday,Wednesday,Light_Load,6.41,0.00
14/10/2018 01:15,3.38,Weekend,Sunday,Light_Load,6.48,0.00
21/12/2018 09:15,43.78,Weekday,Friday,Medium_Load,4.03,0.18
12/06/2018 20:00,78.84,Weekday,Tuesday,Medium_Load,41.18,0.00
06/05/2018 21:45,3.28,Weekend,Sunday,Light_Load,0.00,17.06
23/01/2018 07:45,41.26,Weekday,Tuesday,Light_Load,28.15,0.00
10/04/2018 18:15,33.80,Weekday,Tuesday,Medium_Load,14.29,0.65
21/01/2018 13:45,5.11,Weekend,Sunday,Light_Load,0.00,25.78
21/09/2018 14:15,27.07,Weekday,Friday,Maximum_Load,0.76,2.09
12/10/2018 03:15,4.54,Weekday,Friday,Light_Load,8.06,0.00
24/11/2018 03:00,3.56,Weekend,Saturday,Light_Load,2.99,0.07
22/05/2018 14:30,68.26,Weekday,Tuesday,Maximum_Load,8.86,1.22
16/12/2018 03:00,4.14,Weekend,Sunday,Light_Load,3.78,0.00
22/03/2018 18:00,28.33,Weekday,Thursday,Medium_Load,0.00,13.07
09/09/2018 04:30,3.17,Weekend,Sunday,Light_Load,6.01,0.00
30/09/2018 16:00,2.74,Weekend,Sunday,Light_Load,0.00,11.74
06/06/2018 13:45,56.99,Weekday,Wednesday,Maximum_Load,27.90,0.00
07/05/2018 22:15,3.85,Weekday,Monday,Medium_Load,1.37,15.34
31/05/2018 15:00,64.91,Weekday,Thursday,Maximum_Load,21.82,0.00
23/08/2018 17:30,41.04,Weekday,Thursday,Medium_Load,10.94,0.14
03/01/2018 15:15,57.46,Weekday,Wednesday,Medium_Load,18.25,0.00
20/03/2018 21:30,4.57,Weekday,Tuesday,Medium_Load,0.00,26.21
18/12/2018 22:00,4.39,Weekday,Tuesday,Medium_Load,0.00,21.31
07/12/2018 05:00,3.42,Weekday,Friday,Light_Load,3.24,0.00
07/09/2018 14:30,96.34,Weekday,Friday,Maximum_Load,43.20,0.00
26/08/2018 09:45,5.80,Weekend,Sunday,Medium_Load,0.00,18.97
05/08/2018 03:15,2.84,Weekend,Sunday,Light_Load,5.83,0.00
06/08/2018 07:00,2.77,Weekday,Monday,Light_Load,4.75,0.00
26/01/2018 03:45,36.47,Weekday,Friday,Light_Load,27.54,0.00
29/03/2018 08:00,3.71,Weekday,Thursday,Light_Load,3.85,0.00
24/01/2018 18:15,30.02,Weekday,Wednesday,Maximum_Load,4.10,0.90
31/07/2018 19:15,2.88,Weekday,Tuesday,Medium_Load,0.00,16.74
30/05/2018 20:00,67.10,Weekday,Wednesday,Medium_Load,25.99,0.00
05/10/2018 19:30,45.79,Weekday,Friday,Medium_Load,30.28,0.00
28/06/2018 03:00,2.95,Weekday,Thursday,Light_Load,4.43,0.00
28/10/2018 19:30,2.99,Weekend,Sunday,Light_Load,0.00,11.34
22/09/2018 11:15,3.28,Weekend,Saturday,Light_Load,0.00,10.51
05/12/2018 22:15,4.03,Weekday,Wednesday,Maximum_Load,4.10,0.36
24/07/2018 14:00,94.21,Weekday,Tuesday,Maximum_Load,52.67,0.00
19/11/2018 17:15,56.05,Weekday,Monday,Maximum_Load,22.25,0.00
18/04/2018 01:00,3.67,Weekday,Wednesday,Light_Load,3.60,0.00
06/09/2018 22:15,3.49,Weekday,Thursday,Medium_Load,7.31,0.11
25/03/2018 09:45,32.40,Weekend,Sunday,Medium_Load,0.07,6.52
02/06/2018 15:30,4.68,Weekend,Saturday,Light_Load,0.00,18.50
30/09/2018 17:15,2.70,Weekend,Sunday,Light_Load,0.00,11.77
25/03/2018 21:45,3.46,Weekend,Sunday,Medium_Load,0.00,17.46
09/04/2018 23:45,3.53,Weekday,Monday,Light_Load,3.74,0.00
04/10/2018 15:00,55.58,Weekday,Thursday,Maximum_Load,35.10,0.00
03/04/2018 16:45,89.42,Weekday,Tuesday,Maximum_Load,41.83,0.00
11/03/2018 08:30,25.99,Weekend,Sunday,Light_Load,20.48,0.00
01/10/2018 03:30,2.63,Weekday,Monday,Light_Load,5.15,0.00
19/11/2018 10:00,67.50,Weekday,Monday,Medium_Load,37.58,0.00
06/08/2018 05:45,2.63,Weekday,Monday,Light_Load,4.75,0.00
17/10/2018 00:15,3.71,Weekday,Wednesday,Light_Load,7.27,0.00
07/09/2018 11:15,101.12,Weekday,Friday,Maximum_Load,37.91,0.00
16/04/2018 20:00,43.52,Weekday,Monday,Medium_Load,2.27,0.04
05/07/2018 10:00,85.97,Weekday,Thursday,Medium_Load,30.85,0.00
26/10/2018 13:00,4.28,Weekday,Friday,Medium_Load,0.00,17.28
27/10/2018 01:30,3.64,Weekend,Saturday,Light_Load,7.16,0.00
27/08/2018 21:30,2.81,Weekday,Monday,Medium_Load,0.00,13.72
11/06/2018 21:45,4.14,Weekday,Monday,Medium_Load,0.00,20.52
03/07/2018 17:15,72.47,Weekday,Tuesday,Medium_Load,28.40,0.00
04/07/2018 02:15,2.81,Weekday,Wednesday,Light_Load,3.67,0.00
06/10/2018 08:15,37.48,Weekend,Saturday,Light_Load,39.49,0.00
11/09/2018 02:00,2.92,Weekday,Tuesday,Light_Load,5.80,0.00
16/07/2018 14:30,62.50,Weekday,Monday,Maximum_Load,32.47,0.00
16/11/2018 14:15,51.37,Weekday,Friday,Medium_Load,24.41,0.00
05/01/2018 19:00,65.05,Weekday,Friday,Maximum_Load,27.65,0.00
09/03/2018 20:45,4.10,Weekday,Friday,Medium_Load,0.00,27.43
30/07/2018 01:30,2.81,Weekday,Monday,Light_Load,4.97,0.00
21/09/2018 11:30,31.25,Weekday,Friday,Maximum_Load,2.09,0.94
09/02/2018 00:30,74.30,Weekday,Friday,Light_Load,43.78,0.00
28/10/2018 04:45,2.81,Weekend,Sunday,Light_Load,5.29,0.00
25/06/2018 05:45,3.38,Weekday,Monday,Light_Load,4.90,0.00
09/07/2018 13:00,6.12,Weekday,Monday,Medium_Load,0.00,19.12
15/02/2018 08:00,4.54,Weekday,Thursday,Light_Load,7.45,0.00
28/08/2018 03:15,2.59,Weekday,Tuesday,Light_Load,4.07,0.00
13/12/2018 14:15,58.25,Weekday,Thursday,Medium_Load,23.72,0.00
03/03/2018 15:15,43.13,Weekend,Saturday,Maximum_Load,2.66,2.16
15/04/2018 13:00,3.28,Weekend,Sunday,Light_Load,0.00,17.50
10/06/2018 17:15,3.06,Weekend,Sunday,Light_Load,0.00,16.42
18/12/2018 03:30,3.42,Weekday,Tuesday,Light_Load,2.34,0.11
04/10/2018 16:15,62.50,Weekday,Thursday,Maximum_Load,38.02,0.00
25/11/2018 22:15,3.46,Weekend,Sunday,Light_Load,2.52,0.40
12/07/2018 20:00,44.10,Weekday,Thursday,Medium_Load,10.37,0.00
06/12/2018 02:15,3.46,Weekday,Thursday,Light_Load,2.92,0.00
25/04/2018 06:30,3.10,Weekday,Wednesday,Light_Load,4.10,0.00
23/10/2018 09:15,66.85,Weekday,Tuesday,Medium_Load,40.64,0.00
29/10/2018 09:45,112.00,Weekday,Monday,Medium_Load,38.34,0.00
02/11/2018 08:45,51.37,Weekday,Friday,Light_Load,37.87,0.00
20/08/2018 08:30,59.04,Weekday,Monday,Light_Load,59.80,0.00
09/12/2018 21:30,4.14,Weekend,Sunday,Light_Load,0.00,21.20
01/07/2018 07:00,2.74,Weekend,Sunday,Light_Load,3.60,0.00
06/03/2018 01:15,6.73,Weekday,Tuesday,Light_Load,5.44,0.00
13/04/2018 12:30,4.43,Weekday,Friday,Medium_Load,0.00,19.51
14/07/2018 14:45,70.20,Weekend,Saturday,Maximum_Load,22.36,0.00
12/01/2018 20:45,90.97,Weekday,Friday,Medium_Load,24.66,0.04
05/05/2018 09:45,3.28,Weekend,Saturday,Light_Load,0.00,17.28
05/04/2018 09:30,62.06,Weekday,Thursday,Medium_Load,27.18,0.00
08/04/2018 23:00,3.20,Weekend,Sunday,Medium_Load,4.14,0.00
17/04/2018 21:15,6.44,Weekday,Tuesday,Medium_Load,0.00,25.31
04/08/2018 02:30,2.84,Weekend,Saturday,Light_Load,5.90,0.00
06/08/2018 09:30,79.81,Weekday,Monday,Medium_Load,44.75,0.00
05/09/2018 10:45,53.82,Weekday,Wednesday,Maximum_Load,36.11,0.00
01/07/2018 23:45,2.81,Weekend,Sunday,Light_Load,3.74,0.00
19/02/2018 02:30,3.56,Weekday,Monday,Light_Load,5.87,0.00
31/05/2018 23:30,2.84,Weekday,Thursday,Light_Load,4.64,0.00
19/11/2018 13:30,69.52,Weekday,Monday,Medium_Load,37.04,0.00
25/05/2018 00:45,3.60,Weekday,Friday,Light_Load,4.10,0.00
10/09/2018 06:00,2.95,Weekday,Monday,Light_Load,5.72,0.00
12/06/2018 10:45,46.01,Weekday,Tuesday,Maximum_Load,19.58,0.00
14/11/2018 20:30,5.11,Weekday,Wednesday,Medium_Load,0.00,17.78
01/11/2018 00:45,5.11,Weekday,Thursday,Light_Load,5.65,0.00
04/05/2018 13:30,56.70,Weekday,Friday,Maximum_Load,25.63,0.00
08/09/2018 13:00,3.28,Weekend,Saturday,Medium_Load,0.00,11.12
31/07/2018 15:00,49.79,Weekday,Tuesday,Maximum_Load,13.43,0.00
22/03/2018 10:45,52.99,Weekday,Thursday,Maximum_Load,14.08,0.00
15/06/2018 01:00,3.46,Weekday,Friday,Light_Load,5.18,0.00
15/10/2018 09:15,112.39,Weekday,Monday,Medium_Load,49.64,0.00
20/03/2018 02:30,3.10,Weekday,Tuesday,Light_Load,3.89,0.00
20/10/2018 12:00,28.73,Weekend,Saturday,Maximum_Load,17.35,4.90
11/12/2018 11:15,63.83,Weekday,Tuesday,Maximum_Load,29.41,0.00
20/05/2018 07:30,3.06,Weekend,Sunday,Light_Load,5.76,0.00
17/05/2018 00:00,3.64,Weekday,Thursday,Light_Load,4.43,0.00
01/04/2018 18:30,2.99,Weekend,Sunday,Light_Load,0.00,5.47
31/08/2018 17:30,43.92,Weekday,Friday,Medium_Load,12.20,0.90
24/08/2018 04:45,2.92,Weekday,Friday,Light_Load,5.62,0.00
30/03/2018 11:15,61.70,Weekday,Friday,Maximum_Load,47.52,0.00
12/05/2018 12:15,20.20,Weekend,Saturday,Medium_Load,0.94,10.44
16/04/2018 05:00,3.13,Weekday,Monday,Light_Load,3.78,0.00
27/01/2018 10:45,33.41,Weekend,Saturday,Maximum_Load,0.00,10.48
17/07/2018 22:00,3.85,Weekday,Tuesday,Medium_Load,0.00,16.16
08/04/2018 17:45,4.07,Weekend,Sunday,Medium_Load,0.00,25.99
01/11/2018 15:45,50.83,Weekday,Thursday,Medium_Load,26.14,0.00
07/07/2018 13:30,79.78,Weekend,Saturday,Maximum_Load,21.02,0.00
12/09/2018 12:30,5.18,Weekday,Wednesday,Medium_Load,0.00,18.14
05/09/2018 20:15,47.99,Weekday,Wednesday,Medium_Load,24.52,0.00
25/09/2018 13:45,2.63,Weekday,Tuesday,Light_Load,0.00,11.63
28/01/2018 07:00,4.21,Weekend,Sunday,Light_Load,4.90,0.00
08/12/2018 21:00,4.10,Weekend,Saturday,Medium_Load,0.00,21.06
28/07/2018 23:45,2.59,Weekend,Saturday,Light_Load,3.74,0.00
05/02/2018 07:00,5.36,Weekday,Monday,Light_Load,4.79,0.00
30/10/2018 00:45,3.71,Weekday,Tuesday,Light_Load,6.88,0.00
25/04/2018 12:30,4.68,Weekday,Wednesday,Medium_Load,0.00,26.75
15/11/2018 00:45,3.64,Weekday,Thursday,Light_Load,6.26,0.00
27/11/2018 08:30,72.36,Weekday,Tuesday,Light_Load,56.38,0.00
30/05/2018 05:45,2.95,Weekday,Wednesday,Light_Load,5.54,0.00
21/06/2018 02:00,2.92,Weekday,Thursday,Light_Load,4.90,0.00
10/01/2018 03:45,4.54,Weekday,Wednesday,Light_Load,4.50,0.00
03/12/2018 11:30,58.10,Weekday,Monday,Maximum_Load,22.90,0.00
19/03/2018 17:45,29.84,Weekday,Monday,Medium_Load,0.04,11.05
02/01/2018 13:45,124.45,Weekday,Tuesday,Medium_Load,49.79,0.00
27/03/2018 07:15,3.06,Weekday,Tuesday,Light_Load,3.89,0.00
23/07/2018 19:45,88.34,Weekday,Monday,Medium_Load,26.57,0.00
14/09/2018 17:15,43.02,Weekday,Friday,Medium_Load,16.02,0.00
22/09/2018 17:00,2.77,Weekend,Saturday,Light_Load,0.00,10.84
17/04/2018 07:30,3.71,Weekday,Tuesday,Light_Load,4.46,0.00
15/09/2018 15:30,42.37,Weekend,Saturday,Maximum_Load,14.87,0.00
02/08/2018 15:30,2.88,Weekday,Thursday,Light_Load,0.00,16.60
16/08/2018 15:45,55.84,Weekday,Thursday,Maximum_Load,30.78,0.00
02/09/2018 17:15,3.60,Weekend,Sunday,Medium_Load,0.00,18.29
22/03/2018 19:30,38.56,Weekday,Thursday,Medium_Load,3.13,1.40
12/03/2018 23:45,4.50,Weekday,Monday,Light_Load,6.16,0.00
23/02/2018 07:30,4.82,Weekday,Friday,Light_Load,5.29,0.00
22/08/2018 22:15,2.88,Weekday,Wednesday,Medium_Load,1.12,2.81
27/08/2018 06:15,2.88,Weekday,Monday,Light_Load,4.68,0.00
22/10/2018 18:15,40.10,Weekday,Monday,Medium_Load,22.36,0.00
01/12/2018 19:15,4.79,Weekend,Saturday,Maximum_Load,0.00,20.59
08/12/2018 18:15,5.18,Weekend,Saturday,Maximum_Load,0.00,10.19
01/08/2018 05:45,2.66,Weekday,Wednesday,Light_Load,5.04,0.00
06/04/2018 16:30,82.40,Weekday,Friday,Maximum_Load,22.64,0.00
04/05/2018 13:45,64.08,Weekday,Friday,Maximum_Load,31.61,0.00
28/11/2018 23:45,3.92,Weekday,Wednesday,Light_Load,4.07,0.00
24/07/2018 16:00,58.46,Weekday,Tuesday,Maximum_Load,25.67,0.00
14/07/2018 23:15,2.77,Weekend,Saturday,Light_Load,0.00,5.26
03/10/2018 16:30,64.01,Weekday,Wednesday,Maximum_Load,40.64,0.00
03/05/2018 20:30,55.58,Weekday,Thursday,Medium_Load,18.36,0.00
08/05/2018 13:45,60.66,Weekday,Tuesday,Maximum_Load,33.12,0.00
31/12/2018 23:45,3.78,Weekday,Monday,Light_Load,3.06,0.11
01/08/2018 11:45,2.59,Weekday,Wednesday,Light_Load,0.00,5.69
18/02/2018 16:30,3.60,Weekend,Sunday,Light_Load,0.00,16.16
05/03/2018 18:00,31.25,Weekday,Monday,Medium_Load,0.00,9.36
29/12/2018 06:30,3.67,Weekend,Saturday,Light_Load,3.24,0.04
06/01/2018 01:30,4.18,Weekend,Saturday,Light_Load,4.57,0.00
17/02/2018 09:15,4.03,Weekend,Saturday,Light_Load,0.00,23.15
07/07/2018 15:00,96.01,Weekend,Saturday,Maximum_Load,31.32,0.00
18/08/2018 19:30,2.74,Weekend,Saturday,Medium_Load,0.00,13.97
04/06/2018 19:30,102.28,Weekday,Monday,Medium_Load,47.56,0.00
13/07/2018 09:45,65.52,Weekday,Friday,Medium_Load,37.66,0.00
14/02/2018 18:15,3.67,Weekday,Wednesday,Light_Load,0.00,6.62
08/09/2018 15:15,35.24,Weekend,Saturday,Maximum_Load,10.19,0.00
20/03/2018 20:00,36.36,Weekday,Tuesday,Medium_Load,1.01,2.45
14/06/2018 16:00,62.17,Weekday,Thursday,Maximum_Load,26.06,0.00
13/03/2018 22:45,3.92,Weekday,Tuesday,Medium_Load,4.93,0.00
26/07/2018 05:00,3.17,Weekday,Thursday,Light_Load,4.28,0.00
04/04/2018 18:00,30.85,Weekday,Wednesday,Medium_Load,6.19,9.11
18/03/2018 10:00,3.74,Weekend,Sunday,Light_Load,0.00,24.73
14/11/2018 12:45,7.13,Weekday,Wednesday,Medium_Load,0.00,17.17
26/01/2018 17:00,134.89,Weekday,Friday,Medium_Load,45.00,0.00
11/02/2018 03:30,3.71,Weekend,Sunday,Light_Load,3.60,0.00
07/06/2018 22:00,3.67,Weekday,Thursday,Medium_Load,0.00,20.99
27/07/2018 09:15,66.31,Weekday,Friday,Medium_Load,28.94,0.00
17/06/2018 03:30,2.77,Weekend,Sunday,Light_Load,4.07,0.00
21/03/2018 11:15,69.98,Weekday,Wednesday,Maximum_Load,50.47,0.00
28/03/2018 04:45,3.02,Weekday,Wednesday,Light_Load,3.13,0.00
28/08/2018 19:45,41.22,Weekday,Tuesday,Medium_Load,17.35,0.00
20/06/2018 04:45,3.13,Weekday,Wednesday,Light_Load,5.94,0.00
10/05/2018 00:15,3.56,Weekday,Thursday,Light_Load,3.10,0.00
05/10/2018 00:15,3.56,Weekday,Friday,Light_Load,6.34,0.00
19/03/2018 01:00,3.10,Weekday,Monday,Light_Load,3.74,0.00
05/04/2018 10:15,66.20,Weekday,Thursday,Maximum_Load,25.88,0.00
01/03/2018 01:00,3.92,Weekday,Thursday,Light_Load,5.00,0.00
29/05/2018 18:15,33.62,Weekday,Tuesday,Medium_Load,17.71,2.02
14/11/2018 19:00,5.18,Weekday,Wednesday,Maximum_Load,0.00,18.18
28/07/2018 04:15,3.42,Weekend,Saturday,Light_Load,6.16,0.00
24/04/2018 20:00,47.34,Weekday,Tuesday,Medium_Load,13.97,0.00
18/03/2018 01:45,3.06,Weekend,Sunday,Light_Load,3.35,0.00
18/12/2018 15:00,68.00,Weekday,Tuesday,Medium_Load,23.11,0.00
09/12/2018 14:30,3.42,Weekend,Sunday,Light_Load,0.00,13.61
03/07/2018 14:45,71.32,Weekday,Tuesday,Maximum_Load,39.06,0.00
15/02/2018 06:15,3.28,Weekday,Thursday,Light_Load,4.68,0.00
01/10/2018 06:45,2.45,Weekday,Monday,Light_Load,4.36,0.00
16/11/2018 14:00,59.15,Weekday,Friday,Medium_Load,34.63,0.00
28/03/2018 20:15,37.48,Weekday,Wednesday,Medium_Load,7.20,0.07
23/03/2018 14:00,100.91,Weekday,Friday,Maximum_Load,40.50,0.00
19/01/2018 19:15,75.24,Weekday,Friday,Maximum_Load,32.15,0.00
20/01/2018 05:15,66.35,Weekend,Saturday,Light_Load,34.99,0.00
28/03/2018 12:15,7.49,Weekday,Wednesday,Medium_Load,0.07,20.63
17/04/2018 06:45,3.17,Weekday,Tuesday,Light_Load,4.18,0.00
26/04/2018 14:30,38.77,Weekday,Thursday,Maximum_Load,8.82,0.00
17/06/2018 05:00,3.35,Weekend,Sunday,Light_Load,3.96,0.00
13/02/2018 00:15,54.65,Weekday,Tuesday,Light_Load,36.65,0.00
03/10/2018 23:00,2.77,Weekday,Wednesday,Medium_Load,5.33,0.00
17/11/2018 18:15,4.03,Weekend,Saturday,Maximum_Load,0.00,5.58
10/04/2018 08:00,4.07,Weekday,Tuesday,Light_Load,3.82,0.00
07/04/2018 05:30,3.28,Weekend,Saturday,Light_Load,5.33,0.00
30/04/2018 01:00,2.88,Weekday,Monday,Light_Load,4.46,0.00
30/04/2018 08:15,33.55,Weekday,Monday,Light_Load,29.77,0.00
24/04/2018 01:30,3.24,Weekday,Tuesday,Light_Load,4.46,0.00
05/01/2018 03:30,4.68,Weekday,Friday,Light_Load,5.04,0.00
12/12/2018 23:00,4.21,Weekday,Wednesday,Maximum_Load,3.31,0.18
17/12/2018 22:00,4.46,Weekday,Monday,Medium_Load,0.00,21.02
07/05/2018 14:00,98.75,Weekday,Monday,Maximum_Load,36.83,0.00
07/08/2018 15:45,52.02,Weekday,Tuesday,Maximum_Load,27.50,0.00
01/10/2018 08:45,46.12,Weekday,Monday,Light_Load,38.84,0.00
13/06/2018 07:15,2.99,Weekday,Wednesday,Light_Load,5.18,0.00
04/11/2018 06:30,3.49,Weekend,Sunday,Light_Load,6.84,0.00
11/04/2018 06:30,3.28,Weekday,Wednesday,Light_Load,5.00,0.00
18/12/2018 10:30,58.68,Weekday,Tuesday,Maximum_Load,21.67,0.00
13/12/2018 06:45,3.38,Weekday,Thursday,Light_Load,2.20,0.18
05/01/2018 17:00,69.80,Weekday,Friday,Medium_Load,27.79,0.00
03/12/2018 23:45,4.61,Weekday,Monday,Light_Load,4.32,0.00
26/12/2018 03:30,3.28,Weekday,Wednesday,Light_Load,2.70,0.00
25/12/2018 12:30,3.56,Weekday,Tuesday,Light_Load,0.00,13.32
16/02/2018 14:15,3.85,Weekday,Friday,Light_Load,0.00,22.07
24/07/2018 20:00,46.66,Weekday,Tuesday,Medium_Load,13.93,0.00
19/06/2018 04:45,2.84,Weekday,Tuesday,Light_Load,4.46,0.00
22/04/2018 13:15,17.35,Weekend,Sunday,Maximum_Load,0.50,10.51
28/10/2018 01:15,2.84,Weekend,Sunday,Light_Load,5.18,0.00
19/06/2018 06:00,2.70,Weekday,Tuesday,Light_Load,4.79,0.00
17/11/2018 03:30,3.38,Weekend,Saturday,Light_Load,5.51,0.00
08/01/2018 19:15,70.74,Weekday,Monday,Maximum_Load,24.23,0.00
04/04/2018 16:30,54.29,Weekday,Wednesday,Maximum_Load,24.19,0.00
14/10/2018 03:30,2.74,Weekend,Sunday,Light_Load,4.75,0.00
06/01/2018 02:00,4.18,Weekend,Saturday,Light_Load,5.36,0.00
30/03/2018 19:30,3.67,Weekday,Friday,Medium_Load,0.00,26.39
01/11/2018 04:45,3.28,Weekday,Thursday,Light_Load,4.03,0.00
14/08/2018 11:30,72.68,Weekday,Tuesday,Maximum_Load,64.22,0.00
09/04/2018 04:00,3.17,Weekday,Monday,Light_Load,3.82,0.00
19/11/2018 15:45,65.52,Weekday,Monday,Medium_Load,34.67,0.00
22/09/2018 15:15,2.84,Weekend,Saturday,Light_Load,0.00,10.84
27/12/2018 07:00,3.60,Weekday,Thursday,Light_Load,2.56,0.29
03/10/2018 09:30,69.37,Weekday,Wednesday,Medium_Load,46.22,0.00
07/04/2018 09:00,92.48,Weekend,Saturday,Light_Load,21.82,0.00
27/09/2018 16:45,48.53,Weekday,Thursday,Maximum_Load,25.38,0.00
23/02/2018 12:00,125.60,Weekday,Friday,Maximum_Load,67.79,0.00
27/10/2018 02:00,4.50,Weekend,Saturday,Light_Load,7.99,0.00
06/04/2018 17:15,78.77,Weekday,Friday,Medium_Load,19.51,0.00
10/01/2018 16:00,123.19,Weekday,Wednesday,Medium_Load,44.14,0.00
28/02/2018 20:00,42.91,Weekday,Wednesday,Maximum_Load,5.36,0.07
14/04/2018 14:45,38.66,Weekend,Saturday,Maximum_Load,1.26,0.54
20/05/2018 08:30,25.74,Weekend,Sunday,Light_Load,24.84,0.00
05/04/2018 08:45,64.66,Weekday,Thursday,Light_Load,60.34,0.00
08/12/2018 22:00,4.10,Weekend,Saturday,Medium_Load,0.00,20.95
25/03/2018 19:30,4.03,Weekend,Sunday,Medium_Load,0.00,26.46
30/12/2018 00:30,3.82,Weekend,Sunday,Light_Load,3.20,0.04
26/04/2018 10:45,111.64,Weekday,Thursday,Maximum_Load,52.34,0.00
09/10/2018 08:30,53.96,Weekday,Tuesday,Light_Load,51.73,0.00
26/06/2018 06:30,2.59,Weekday,Tuesday,Light_Load,3.74,0.00
20/01/2018 20:15,39.53,Weekend,Saturday,Medium_Load,0.25,2.38
03/02/2018 10:45,40.86,Weekend,Saturday,Maximum_Load,0.97,1.12
27/10/2018 21:00,4.14,Weekend,Saturday,Medium_Load,0.00,17.68
13/01/2018 09:45,57.31,Weekend,Saturday,Medium_Load,11.27,0.00
28/07/2018 05:00,3.42,Weekend,Saturday,Light_Load,6.62,0.00
14/08/2018 20:15,95.44,Weekday,Tuesday,Medium_Load,33.41,0.00
05/07/2018 17:00,64.04,Weekday,Thursday,Maximum_Load,32.76,0.00
06/01/2018 21:00,4.10,Weekend,Saturday,Light_Load,0.00,24.16
22/04/2018 10:15,31.75,Weekend,Sunday,Maximum_Load,0.72,3.17
08/11/2018 09:30,56.34,Weekday,Thursday,Medium_Load,27.90,0.00
25/05/2018 02:15,2.99,Weekday,Friday,Light_Load,3.92,0.00
27/10/2018 02:15,3.60,Weekend,Saturday,Light_Load,7.20,0.00
25/09/2018 02:30,2.77,Weekday,Tuesday,Light_Load,5.98,0.00
13/04/2018 02:30,3.42,Weekday,Friday,Light_Load,4.39,0.00
24/02/2018 17:30,89.32,Weekend,Saturday,Maximum_Load,11.48,0.00
09/03/2018 06:15,4.97,Weekday,Friday,Light_Load,3.96,0.00
28/12/2018 22:00,5.22,Weekday,Friday,Medium_Load,0.00,21.06
05/01/2018 20:15,44.17,Weekday,Friday,Medium_Load,4.18,0.04
14/07/2018 21:30,3.02,Weekend,Saturday,Medium_Load,0.00,18.14
29/11/2018 20:00,40.57,Weekday,Thursday,Maximum_Load,8.28,0.00
20/03/2018 21:45,4.36,Weekday,Tuesday,Medium_Load,0.00,26.21
04/01/2018 16:00,118.94,Weekday,Thursday,Medium_Load,49.97,0.00
28/03/2018 09:30,51.55,Weekday,Wednesday,Medium_Load,10.51,0.32
24/04/2018 02:00,3.28,Weekday,Tuesday,Light_Load,4.57,0.00
16/08/2018 20:15,54.61,Weekday,Thursday,Medium_Load,32.26,0.00
29/08/2018 16:45,52.96,Weekday,Wednesday,Maximum_Load,27.47,0.00
17/02/2018 08:00,3.13,Weekend,Saturday,Light_Load,3.89,0.00
22/09/2018 06:00,2.52,Weekend,Saturday,Light_Load,4.79,0.00
18/07/2018 23:00,2.81,Weekday,Wednesday,Medium_Load,0.00,4.72
24/12/2018 22:45,3.89,Weekday,Monday,Maximum_Load,3.17,0.18
11/12/2018 01:15,4.32,Weekday,Tuesday,Light_Load,3.71,0.04
02/07/2018 17:45,34.70,Weekday,Monday,Medium_Load,2.74,3.96
05/09/2018 04:00,2.52,Weekday,Wednesday,Light_Load,4.68,0.00
29/09/2018 10:30,44.50,Weekend,Saturday,Maximum_Load,17.17,0.00
12/05/2018 05:15,3.02,Weekend,Saturday,Light_Load,4.18,0.00
06/02/2018 05:00,4.39,Weekday,Tuesday,Light_Load,3.49,0.00
07/12/2018 09:15,58.86,Weekday,Friday,Medium_Load,14.04,0.00
07/03/2018 10:15,58.93,Weekday,Wednesday,Maximum_Load,8.57,0.00
04/03/2018 00:30,2.99,Weekend,Sunday,Light_Load,3.53,0.00
16/04/2018 03:45,3.10,Weekday,Monday,Light_Load,3.92,0.00
20/04/2018 04:15,3.02,Weekday,Friday,Light_Load,3.67,0.00
23/03/2018 18:45,75.92,Weekday,Friday,Medium_Load,28.94,0.00
18/07/2018 19:15,3.42,Weekday,Wednesday,Medium_Load,0.00,25.99
19/10/2018 18:30,63.90,Weekday,Friday,Medium_Load,45.83,0.00
21/02/2018 19:15,84.20,Weekday,Wednesday,Maximum_Load,12.71,0.72
19/08/2018 19:00,2.70,Weekend,Sunday,Light_Load,0.00,14.00
11/01/2018 17:30,109.91,Weekday,Thursday,Maximum_Load,36.50,0.00
25/06/2018 17:45,28.04,Weekday,Monday,Medium_Load,0.00,9.25
25/11/2018 09:00,3.46,Weekend,Sunday,Light_Load,0.00,14.69
16/07/2018 01:00,2.88,Weekday,Monday,Light_Load,0.00,5.00
23/11/2018 19:45,66.17,Weekday,Friday,Maximum_Load,27.94,0.00
11/06/2018 01:30,2.88,Weekday,Monday,Light_Load,5.47,0.00
24/01/2018 18:30,27.79,Weekday,Wednesday,Maximum_Load,4.32,0.00
14/08/2018 08:45,93.49,Weekday,Tuesday,Light_Load,72.83,0.00
05/03/2018 10:00,50.29,Weekday,Monday,Medium_Load,15.48,0.00
04/07/2018 19:00,50.90,Weekday,Wednesday,Medium_Load,14.69,0.22
01/11/2018 10:15,58.43,Weekday,Thursday,Maximum_Load,28.84,0.00
05/07/2018 21:15,4.72,Weekday,Thursday,Medium_Load,0.00,25.70
11/12/2018 02:45,4.21,Weekday,Tuesday,Light_Load,3.74,0.04
13/02/2018 05:15,4.72,Weekday,Tuesday,Light_Load,5.51,0.00
20/02/2018 13:00,8.17,Weekday,Tuesday,Medium_Load,0.00,25.42
12/01/2018 08:00,7.09,Weekday,Friday,Light_Load,4.18,0.00
03/03/2018 02:30,3.74,Weekend,Saturday,Light_Load,4.07,0.00
22/10/2018 15:00,65.63,Weekday,Monday,Maximum_Load,31.90,0.00
11/02/2018 04:45,4.10,Weekend,Sunday,Light_Load,4.18,0.00
29/12/2018 21:00,4.10,Weekend,Saturday,Light_Load,0.00,20.92
11/11/2018 10:15,2.99,Weekend,Sunday,Light_Load,0.00,11.92
24/12/2018 10:00,56.27,Weekday,Monday,Medium_Load,19.51,0.00
26/02/2018 22:15,6.01,Weekday,Monday,Maximum_Load,1.73,15.48
16/08/2018 17:45,27.79,Weekday,Thursday,Medium_Load,0.32,3.10
22/05/2018 18:15,3.64,Weekday,Tuesday,Medium_Load,0.00,6.12
09/09/2018 02:45,2.84,Weekend,Sunday,Light_Load,5.36,0.00
11/12/2018 15:00,78.55,Weekday,Tuesday,Medium_Load,44.06,0.00
07/10/2018 20:45,2.77,Weekend,Sunday,Light_Load,0.00,11.77
15/04/2018 00:45,3.56,Weekend,Sunday,Light_Load,4.50,0.00
03/08/2018 19:30,2.99,Weekday,Friday,Light_Load,0.00,16.42
13/06/2018 20:45,3.02,Weekday,Wednesday,Medium_Load,0.00,17.17
06/09/2018 18:15,49.25,Weekday,Thursday,Medium_Load,33.62,0.00
07/03/2018 12:30,6.44,Weekday,Wednesday,Medium_Load,0.00,26.28
05/06/2018 13:45,87.48,Weekday,Tuesday,Maximum_Load,49.90,0.00
15/11/2018 05:45,3.53,Weekday,Thursday,Light_Load,4.79,0.00
19/06/2018 02:00,2.81,Weekday,Tuesday,Light_Load,4.50,0.00
08/09/2018 03:15,3.10,Weekend,Saturday,Light_Load,5.04,0.00
27/08/2018 13:00,25.52,Weekday,Monday,Medium_Load,0.50,4.00
25/02/2018 13:15,5.18,Weekend,Sunday,Light_Load,0.00,25.16
07/12/2018 00:30,4.03,Weekday,Friday,Light_Load,4.14,0.00
05/02/2018 16:30,113.15,Weekday,Monday,Medium_Load,33.70,0.00
18/08/2018 10:45,72.07,Weekend,Saturday,Maximum_Load,35.53,0.00
07/01/2018 08:00,3.28,Weekend,Sunday,Light_Load,3.82,0.00
10/10/2018 09:30,79.45,Weekday,Wednesday,Medium_Load,47.12,0.00
17/09/2018 10:30,55.19,Weekday,Monday,Maximum_Load,32.58,0.00
22/05/2018 14:45,32.72,Weekday,Tuesday,Maximum_Load,0.54,3.06
07/04/2018 18:30,3.85,Weekend,Saturday,Medium_Load,0.00,7.38
22/10/2018 12:00,112.61,Weekday,Monday,Maximum_Load,67.54,0.29
21/10/2018 20:45,3.24,Weekend,Sunday,Light_Load,0.00,13.00
08/11/2018 06:45,3.02,Weekday,Thursday,Light_Load,4.75,0.00
12/06/2018 13:15,39.06,Weekday,Tuesday,Maximum_Load,10.51,3.28
19/06/2018 08:30,32.90,Weekday,Tuesday,Light_Load,29.12,0.00
02/02/2018 12:15,15.01,Weekday,Friday,Medium_Load,2.09,18.36
31/03/2018 18:00,2.95,Weekend,Saturday,Light_Load,0.00,17.32
24/05/2018 01:45,3.46,Weekday,Thursday,Light_Load,4.68,0.00
29/07/2018 23:45,3.24,Weekend,Sunday,Light_Load,4.10,0.00
02/10/2018 05:15,2.63,Weekday,Tuesday,Light_Load,4.68,0.00
14/12/2018 17:15,63.94,Weekday,Friday,Maximum_Load,27.68,0.00
25/03/2018 20:30,4.10,Weekend,Sunday,Medium_Load,0.00,26.53
18/01/2018 11:15,143.93,Weekday,Thursday,Maximum_Load,72.18,0.00
03/06/2018 19:15,2.99,Weekend,Sunday,Light_Load,0.00,16.96
15/12/2018 20:30,3.42,Weekend,Saturday,Light_Load,0.00,14.87
18/05/2018 04:00,3.17,Weekday,Friday,Light_Load,5.44,0.00
30/01/2018 01:30,23.51,Weekday,Tuesday,Light_Load,19.98,0.00
28/01/2018 06:30,4.18,Weekend,Sunday,Light_Load,4.72,0.00
17/11/2018 10:30,117.72,Weekend,Saturday,Maximum_Load,42.98,0.00
16/05/2018 05:30,3.24,Weekday,Wednesday,Light_Load,5.33,0.00
19/03/2018 02:45,3.10,Weekday,Monday,Light_Load,3.74,0.00
10/02/2018 18:45,3.96,Weekend,Saturday,Light_Load,0.00,15.05
11/07/2018 07:30,2.92,Weekday,Wednesday,Light_Load,4.21,0.00
15/10/2018 01:00,3.17,Weekday,Monday,Light_Load,6.52,0.00
01/10/2018 14:00,45.47,Weekday,Monday,Maximum_Load,21.92,0.00
22/03/2018 01:30,3.89,Weekday,Thursday,Light_Load,5.08,0.00
27/10/2018 09:00,45.72,Weekend,Saturday,Light_Load,18.94,0.00
18/06/2018 23:45,2.74,Weekday,Monday,Light_Load,4.32,0.00
19/09/2018 13:15,30.74,Weekday,Wednesday,Maximum_Load,8.71,5.04
03/11/2018 21:30,3.71,Weekend,Saturday,Medium_Load,0.00,18.72
26/03/2018 14:45,96.98,Weekday,Monday,Maximum_Load,24.91,0.00
20/09/2018 00:15,2.70,Weekday,Thursday,Light_Load,4.64,0.00
21/07/2018 20:15,2.92,Weekend,Saturday,Medium_Load,0.00,17.35
12/10/2018 09:00,121.72,Weekday,Friday,Light_Load,67.39,0.00
27/06/2018 03:30,2.81,Weekday,Wednesday,Light_Load,4.03,0.00
19/10/2018 17:30,39.71,Weekday,Friday,Medium_Load,11.84,0.04
03/09/2018 16:30,63.83,Weekday,Monday,Maximum_Load,39.56,0.00
14/06/2018 06:30,2.81,Weekday,Thursday,Light_Load,4.50,0.00
03/05/2018 10:30,63.97,Weekday,Thursday,Maximum_Load,25.74,0.00
15/07/2018 10:45,80.46,Weekend,Sunday,Maximum_Load,37.12,0.00
22/01/2018 06:30,4.39,Weekday,Monday,Light_Load,4.03,0.00
09/04/2018 22:45,7.60,Weekday,Monday,Medium_Load,5.54,0.00
03/04/2018 17:00,81.43,Weekday,Tuesday,Maximum_Load,53.39,0.00
02/08/2018 12:15,2.77,Weekday,Thursday,Light_Load,0.00,11.09
17/09/2018 08:30,63.11,Weekday,Monday,Light_Load,56.09,0.00
20/09/2018 01:30,2.70,Weekday,Thursday,Light_Load,4.64,0.00
08/09/2018 02:45,3.17,Weekend,Saturday,Light_Load,5.33,0.00
07/09/2018 17:45,28.84,Weekday,Friday,Medium_Load,1.19,2.02
03/09/2018 14:45,54.94,Weekday,Monday,Maximum_Load,38.09,0.00
01/02/2018 18:45,81.72,Weekday,Thursday,Maximum_Load,44.71,0.00
21/12/2018 19:00,5.54,Weekday,Friday,Maximum_Load,0.00,21.02
15/10/2018 09:45,112.43,Weekday,Monday,Medium_Load,51.37,0.00
26/02/2018 03:45,3.82,Weekday,Monday,Light_Load,3.24,0.00
26/08/2018 14:00,6.59,Weekend,Sunday,Maximum_Load,0.00,18.83
06/01/2018 06:45,4.21,Weekend,Saturday,Light_Load,5.40,0.00
09/01/2018 21:30,5.26,Weekday,Tuesday,Medium_Load,0.00,26.78
30/12/2018 02:15,3.06,Weekend,Sunday,Light_Load,2.48,0.00
23/01/2018 06:15,40.10,Weekday,Tuesday,Light_Load,29.48,0.00
18/05/2018 11:15,51.95,Weekday,Friday,Maximum_Load,38.12,0.00
08/11/2018 15:00,59.76,Weekday,Thursday,Medium_Load,33.95,0.00
09/12/2018 10:00,3.89,Weekend,Sunday,Light_Load,0.00,19.33
28/04/2018 23:00,4.21,Weekend,Saturday,Medium_Load,4.79,0.00
14/08/2018 03:45,3.31,Weekday,Tuesday,Light_Load,5.65,0.00
26/07/2018 13:00,5.00,Weekday,Thursday,Medium_Load,0.00,20.66
21/03/2018 14:15,54.97,Weekday,Wednesday,Maximum_Load,14.58,0.00
23/11/2018 19:30,69.48,Weekday,Friday,Maximum_Load,31.82,0.00
19/03/2018 21:00,23.83,Weekday,Monday,Medium_Load,0.00,14.44
09/06/2018 18:15,2.92,Weekend,Saturday,Light_Load,0.00,4.93
20/06/2018 18:45,44.39,Weekday,Wednesday,Medium_Load,25.81,0.00
09/02/2018 02:15,6.01,Weekday,Friday,Light_Load,5.72,0.00
21/11/2018 16:00,79.16,Weekday,Wednesday,Medium_Load,22.43,0.00
19/08/2018 05:15,2.63,Weekend,Sunday,Light_Load,4.93,0.00
10/06/2018 08:00,2.84,Weekend,Sunday,Light_Load,5.04,0.00
03/06/2018 06:15,2.99,Weekend,Sunday,Light_Load,6.41,0.00
07/09/2018 04:00,2.99,Weekday,Friday,Light_Load,5.00,0.00
30/03/2018 13:00,4.97,Weekday,Friday,Medium_Load,0.07,16.70
09/07/2018 19:00,48.82,Weekday,Monday,Medium_Load,14.44,0.00
02/01/2018 20:15,33.23,Weekday,Tuesday,Medium_Load,1.51,3.96
29/06/2018 02:15,3.02,Weekday,Friday,Light_Load,4.75,0.00
22/05/2018 20:15,4.39,Weekday,Tuesday,Medium_Load,0.00,26.24
16/11/2018 17:45,36.29,Weekday,Friday,Maximum_Load,11.95,0.00
05/12/2018 01:15,3.78,Weekday,Wednesday,Light_Load,2.92,0.25
04/04/2018 08:15,49.36,Weekday,Wednesday,Light_Load,46.84,0.00
17/05/2018 05:30,3.13,Weekday,Thursday,Light_Load,5.36,0.00
06/07/2018 16:00,81.11,Weekday,Friday,Maximum_Load,37.62,0.00
23/12/2018 06:15,3.35,Weekend,Sunday,Light_Load,2.52,0.00
12/11/2018 05:00,2.74,Weekday,Monday,Light_Load,3.38,0.00
28/01/2018 10:30,27.86,Weekend,Sunday,Maximum_Load,0.00,10.84
30/06/2018 16:45,42.44,Weekend,Saturday,Maximum_Load,14.00,0.11
29/05/2018 17:15,54.50,Weekday,Tuesday,Medium_Load,19.30,0.00
24/06/2018 06:15,2.56,Weekend,Sunday,Light_Load,3.60,0.00
08/02/2018 15:45,113.90,Weekday,Thursday,Medium_Load,47.99,0.00
28/09/2018 22:30,3.17,Weekday,Friday,Medium_Load,6.52,0.00
21/06/2018 22:30,3.60,Weekday,Thursday,Medium_Load,5.08,0.00
10/12/2018 23:00,4.18,Weekday,Monday,Maximum_Load,3.49,0.11
18/11/2018 02:15,3.24,Weekend,Sunday,Light_Load,5.54,0.00
25/01/2018 17:15,74.70,Weekday,Thursday,Maximum_Load,26.93,0.00
18/05/2018 10:15,49.36,Weekday,Friday,Maximum_Load,20.77,0.00
19/05/2018 16:15,33.05,Weekend,Saturday,Maximum_Load,0.14,4.57
17/11/2018 19:30,4.14,Weekend,Saturday,Maximum_Load,0.00,16.96
25/05/2018 03:00,2.84,Weekday,Friday,Light_Load,3.13,0.00
03/08/2018 20:00,2.99,Weekday,Friday,Light_Load,0.00,16.52
20/01/2018 19:30,40.07,Weekend,Saturday,Maximum_Load,0.36,2.20
18/06/2018 23:00,3.49,Weekday,Monday,Medium_Load,5.08,0.00
04/07/2018 13:30,40.14,Weekday,Wednesday,Maximum_Load,15.23,0.00
31/12/2018 05:45,3.02,Weekday,Monday,Light_Load,2.02,0.14
04/05/2018 21:15,3.82,Weekday,Friday,Medium_Load,0.00,25.96
14/05/2018 14:30,48.24,Weekday,Monday,Maximum_Load,20.74,0.00
29/03/2018 22:00,4.61,Weekday,Thursday,Medium_Load,0.00,26.32
22/12/2018 09:45,4.32,Weekend,Saturday,Light_Load,0.00,21.10
22/07/2018 04:00,2.81,Weekend,Sunday,Light_Load,4.68,0.00
17/03/2018 13:00,3.85,Weekend,Saturday,Medium_Load,0.00,17.35
22/08/2018 02:15,2.63,Weekday,Wednesday,Light_Load,4.28,0.00
05/03/2018 01:30,3.53,Weekday,Monday,Light_Load,4.82,0.00
22/01/2018 17:15,61.49,Weekday,Monday,Maximum_Load,26.10,0.00
14/11/2018 16:45,120.85,Weekday,Wednesday,Medium_Load,59.29,0.00
10/05/2018 05:45,3.46,Weekday,Thursday,Light_Load,3.67,0.00
08/06/2018 19:00,37.15,Weekday,Friday,Medium_Load,6.12,0.00
15/12/2018 19:45,3.35,Weekend,Saturday,Light_Load,0.00,14.90
15/08/2018 07:45,3.64,Weekday,Wednesday,Light_Load,4.64,0.00
13/09/2018 19:15,54.76,Weekday,Thursday,Medium_Load,39.82,0.00
05/04/2018 19:15,40.93,Weekday,Thursday,Medium_Load,0.18,1.76
25/11/2018 11:30,2.95,Weekend,Sunday,Light_Load,0.00,14.15
04/06/2018 08:00,3.35,Weekday,Monday,Light_Load,5.33,0.00
09/04/2018 05:45,3.02,Weekday,Monday,Light_Load,3.53,0.00
04/07/2018 05:45,2.81,Weekday,Wednesday,Light_Load,3.96,0.00
14/11/2018 02:15,3.60,Weekday,Wednesday,Light_Load,6.41,0.00
16/06/2018 09:00,27.47,Weekend,Saturday,Light_Load,6.48,4.07
21/06/2018 01:00,2.92,Weekday,Thursday,Light_Load,4.68,0.00
10/12/2018 21:30,4.57,Weekday,Monday,Medium_Load,0.00,20.99
29/10/2018 09:15,107.64,Weekday,Monday,Medium_Load,35.39,0.00
14/03/2018 09:15,56.92,Weekday,Wednesday,Medium_Load,22.72,0.00
24/02/2018 08:00,5.40,Weekend,Saturday,Light_Load,4.97,0.00
30/03/2018 15:45,61.27,Weekday,Friday,Maximum_Load,33.77,0.00
03/12/2018 00:30,4.36,Weekday,Monday,Light_Load,3.10,0.00
06/11/2018 02:00,3.71,Weekday,Tuesday,Light_Load,7.13,0.00
09/11/2018 20:15,66.49,Weekday,Friday,Medium_Load,31.57,0.00
14/09/2018 11:45,64.48,Weekday,Friday,Maximum_Load,42.30,0.00
25/06/2018 17:00,58.68,Weekday,Monday,Maximum_Load,24.34,0.00
16/02/2018 06:15,3.06,Weekday,Friday,Light_Load,3.10,0.00
20/03/2018 23:15,3.85,Weekday,Tuesday,Light_Load,4.43,0.00
15/02/2018 19:45,3.38,Weekday,Thursday,Light_Load,0.00,17.60
02/08/2018 17:45,2.95,Weekday,Thursday,Light_Load,0.00,16.56
13/05/2018 04:00,3.56,Weekend,Sunday,Light_Load,4.97,0.00
26/11/2018 12:45,6.30,Weekday,Monday,Medium_Load,0.00,21.31
25/01/2018 05:00,40.61,Weekday,Thursday,Light_Load,30.02,0.00
19/09/2018 19:15,3.60,Weekday,Wednesday,Medium_Load,0.00,17.78
17/05/2018 07:45,3.42,Weekday,Thursday,Light_Load,4.50,0.00
21/01/2018 22:30,3.85,Weekend,Sunday,Light_Load,3.06,0.00
23/01/2018 20:45,75.06,Weekday,Tuesday,Medium_Load,32.51,0.00
27/11/2018 15:00,107.42,Weekday,Tuesday,Medium_Load,37.58,0.00
11/11/2018 17:15,3.49,Weekend,Sunday,Light_Load,0.00,17.64
03/08/2018 12:00,2.81,Weekday,Friday,Light_Load,0.00,4.46
16/02/2018 21:45,4.14,Weekday,Friday,Light_Load,0.00,27.29
07/07/2018 04:00,3.17,Weekend,Saturday,Light_Load,5.80,0.00
29/12/2018 21:30,3.85,Weekend,Saturday,Light_Load,0.00,18.47
22/05/2018 21:15,3.28,Weekday,Tuesday,Medium_Load,0.00,16.56
11/07/2018 01:30,2.77,Weekday,Wednesday,Light_Load,3.89,0.00
22/06/2018 05:45,2.95,Weekday,Friday,Light_Load,5.80,0.00
05/06/2018 12:15,10.01,Weekday,Tuesday,Medium_Load,2.27,19.01
20/01/2018 10:15,54.18,Weekend,Saturday,Maximum_Load,11.95,0.00
31/08/2018 21:00,19.22,Weekday,Friday,Medium_Load,2.81,6.62
15/12/2018 11:45,3.35,Weekend,Saturday,Light_Load,0.00,14.80
25/09/2018 03:15,2.59,Weekday,Tuesday,Light_Load,5.72,0.00
24/02/2018 11:00,77.33,Weekend,Saturday,Maximum_Load,9.79,0.65
08/08/2018 01:15,3.31,Weekday,Wednesday,Light_Load,5.98,0.00
02/12/2018 16:45,3.89,Weekend,Sunday,Light_Load,0.00,16.60
06/04/2018 21:45,23.44,Weekday,Friday,Medium_Load,0.00,12.35
02/12/2018 22:00,3.56,Weekend,Sunday,Light_Load,0.00,15.34
06/04/2018 18:15,51.41,Weekday,Friday,Medium_Load,17.10,0.65
19/04/2018 07:45,4.57,Weekday,Thursday,Light_Load,4.93,0.00
18/01/2018 10:00,69.98,Weekday,Thursday,Medium_Load,23.00,0.00
25/10/2018 17:15,60.19,Weekday,Thursday,Medium_Load,32.44,0.00
22/03/2018 08:45,113.18,Weekday,Thursday,Light_Load,74.38,0.00
11/02/2018 14:45,3.96,Weekend,Sunday,Light_Load,0.00,17.24
26/05/2018 20:15,3.56,Weekend,Saturday,Medium_Load,0.00,22.14
03/05/2018 19:45,66.53,Weekday,Thursday,Medium_Load,38.70,0.00
27/01/2018 21:45,4.46,Weekend,Saturday,Medium_Load,0.00,16.92
05/09/2018 07:00,2.99,Weekday,Wednesday,Light_Load,6.26,0.00
13/01/2018 16:00,104.44,Weekend,Saturday,Medium_Load,29.84,0.00
09/08/2018 01:15,2.77,Weekday,Thursday,Light_Load,4.97,0.00
17/11/2018 08:15,45.65,Weekend,Saturday,Light_Load,31.43,0.00
02/04/2018 19:45,102.35,Weekday,Monday,Medium_Load,34.92,0.00
24/08/2018 23:00,3.24,Weekday,Friday,Medium_Load,5.26,0.00
08/09/2018 08:30,32.83,Weekend,Saturday,Light_Load,33.05,0.00
01/07/2018 21:30,3.06,Weekend,Sunday,Light_Load,0.00,17.32
24/02/2018 09:45,51.30,Weekend,Saturday,Medium_Load,4.03,2.23
11/12/2018 05:45,4.25,Weekday,Tuesday,Light_Load,3.85,0.00
15/08/2018 07:15,2.66,Weekday,Wednesday,Light_Load,4.46,0.00
12/08/2018 05:15,3.20,Weekend,Sunday,Light_Load,5.80,0.00
07/02/2018 10:45,70.67,Weekday,Wednesday,Maximum_Load,27.54,0.00
19/09/2018 22:15,2.92,Weekday,Wednesday,Medium_Load,6.26,0.04
23/12/2018 13:30,3.67,Weekend,Sunday,Light_Load,0.00,13.64
21/04/2018 05:30,2.99,Weekend,Saturday,Light_Load,3.82,0.00
07/12/2018 20:15,57.64,Weekday,Friday,Medium_Load,21.17,0.00
31/01/2018 04:45,5.94,Weekday,Wednesday,Light_Load,5.22,0.00
25/05/2018 03:15,3.10,Weekday,Friday,Light_Load,3.49,0.00
19/05/2018 03:00,3.10,Weekend,Saturday,Light_Load,4.97,0.00
14/06/2018 07:15,2.95,Weekday,Thursday,Light_Load,4.14,0.00
28/04/2018 21:00,3.49,Weekend,Saturday,Medium_Load,0.00,26.60
27/12/2018 14:45,54.14,Weekday,Thursday,Medium_Load,18.18,0.00
08/01/2018 09:45,136.15,Weekday,Monday,Medium_Load,51.37,0.00
07/07/2018 04:15,3.20,Weekend,Saturday,Light_Load,5.94,0.00
08/02/2018 12:45,9.61,Weekday,Thursday,Medium_Load,0.00,24.98
01/11/2018 23:45,3.71,Weekday,Thursday,Light_Load,6.73,0.00
05/11/2018 14:15,52.74,Weekday,Monday,Medium_Load,30.71,0.00
31/12/2018 10:15,3.20,Weekday,Monday,Light_Load,0.00,15.26
21/07/2018 20:45,2.92,Weekend,Saturday,Medium_Load,0.00,17.32
01/05/2018 12:15,3.13,Weekday,Tuesday,Light_Load,0.00,12.67
28/12/2018 07:15,3.38,Weekday,Friday,Light_Load,2.16,0.29
18/05/2018 08:15,77.29,Weekday,Friday,Light_Load,56.84,0.00
22/07/2018 17:15,2.92,Weekend,Sunday,Light_Load,0.00,17.03
08/08/2018 20:30,94.14,Weekday,Wednesday,Medium_Load,34.99,0.00
21/12/2018 21:30,5.40,Weekday,Friday,Medium_Load,0.00,21.56
22/11/2018 21:00,43.60,Weekday,Thursday,Medium_Load,7.96,1.04
27/10/2018 22:00,3.67,Weekend,Saturday,Medium_Load,0.00,17.14
10/06/2018 13:15,3.06,Weekend,Sunday,Light_Load,0.00,16.27
10/10/2018 10:30,119.59,Weekday,Wednesday,Maximum_Load,57.20,0.00
07/06/2018 10:30,47.05,Weekday,Thursday,Maximum_Load,18.54,0.00
21/04/2018 21:30,3.92,Weekend,Saturday,Medium_Load,0.00,25.70
14/07/2018 07:00,2.70,Weekend,Saturday,Light_Load,4.93,0.00
12/09/2018 00:00,3.35,Weekday,Wednesday,Light_Load,5.98,0.00
08/09/2018 18:15,3.46,Weekend,Saturday,Medium_Load,0.00,6.37
02/12/2018 14:15,3.60,Weekend,Sunday,Light_Load,0.00,15.41
12/07/2018 16:45,48.92,Weekday,Thursday,Maximum_Load,12.78,0.00
27/03/2018 00:00,3.64,Weekday,Tuesday,Light_Load,4.43,0.00
14/01/2018 18:30,4.75,Weekend,Sunday,Maximum_Load,0.00,9.47
31/05/2018 03:30,2.92,Weekday,Thursday,Light_Load,5.22,0.00
13/06/2018 19:15,3.02,Weekday,Wednesday,Medium_Load,0.00,16.88
11/08/2018 23:00,3.17,Weekend,Saturday,Medium_Load,5.33,0.00
23/12/2018 20:00,4.25,Weekend,Sunday,Light_Load,0.00,22.00
04/11/2018 13:15,37.69,Weekend,Sunday,Medium_Load,9.83,5.15
25/03/2018 15:15,34.34,Weekend,Sunday,Maximum_Load,0.07,3.42
14/02/2018 01:45,5.58,Weekday,Wednesday,Light_Load,5.76,0.00
30/05/2018 15:00,106.74,Weekday,Wednesday,Maximum_Load,33.19,0.00
16/01/2018 04:00,4.64,Weekday,Tuesday,Light_Load,5.90,0.00
16/01/2018 02:45,4.64,Weekday,Tuesday,Light_Load,5.94,0.00
19/09/2018 04:15,3.89,Weekday,Wednesday,Light_Load,7.02,0.00
29/01/2018 07:45,5.65,Weekday,Monday,Light_Load,5.00,0.00
08/02/2018 02:00,6.05,Weekday,Thursday,Light_Load,6.52,0.00
04/09/2018 09:15,81.65,Weekday,Tuesday,Medium_Load,52.56,0.00
16/05/2018 13:30,109.76,Weekday,Wednesday,Maximum_Load,49.64,0.00
16/05/2018 06:45,3.28,Weekday,Wednesday,Light_Load,5.29,0.00
26/12/2018 18:45,5.08,Weekday,Wednesday,Maximum_Load,0.00,22.10
27/05/2018 06:30,2.74,Weekend,Sunday,Light_Load,5.00,0.00
29/09/2018 22:00,2.81,Weekend,Saturday,Medium_Load,0.00,11.34
23/04/2018 17:15,50.83,Weekday,Monday,Medium_Load,12.78,0.00
01/07/2018 22:30,2.88,Weekend,Sunday,Light_Load,3.92,0.00
17/07/2018 04:30,2.92,Weekday,Tuesday,Light_Load,6.08,0.00
01/09/2018 00:00,3.85,Weekend,Saturday,Light_Load,6.01,0.00
06/11/2018 06:00,3.31,Weekday,Tuesday,Light_Load,5.72,0.00
06/02/2018 10:45,102.71,Weekday,Tuesday,Maximum_Load,35.39,0.00
19/10/2018 04:00,3.06,Weekday,Friday,Light_Load,6.12,0.00
24/03/2018 07:30,3.28,Weekend,Saturday,Light_Load,4.39,0.00
30/07/2018 00:15,2.66,Weekday,Monday,Light_Load,4.57,0.00
09/06/2018 01:15,2.88,Weekend,Saturday,Light_Load,5.11,0.00
12/07/2018 02:45,2.99,Weekday,Thursday,Light_Load,4.90,0.00
01/12/2018 02:30,4.03,Weekend,Saturday,Light_Load,3.35,0.14
05/11/2018 16:15,59.26,Weekday,Monday,Medium_Load,36.79,0.00
12/01/2018 00:15,4.68,Weekday,Friday,Light_Load,4.68,0.00
06/08/2018 04:15,2.63,Weekday,Monday,Light_Load,4.86,0.00
12/05/2018 09:00,5.04,Weekend,Saturday,Light_Load,0.00,19.40
20/11/2018 15:15,51.16,Weekday,Tuesday,Medium_Load,19.04,0.00
27/01/2018 07:30,6.95,Weekend,Saturday,Light_Load,5.00,0.00
21/04/2018 21:00,3.89,Weekend,Saturday,Medium_Load,0.00,24.05
21/04/2018 22:15,3.17,Weekend,Saturday,Medium_Load,1.51,9.54
23/07/2018 12:15,6.16,Weekday,Monday,Medium_Load,4.07,5.33
12/03/2018 00:15,3.78,Weekday,Monday,Light_Load,4.79,0.00
10/04/2018 20:15,48.85,Weekday,Tuesday,Medium_Load,14.80,0.00
05/06/2018 07:30,3.13,Weekday,Tuesday,Light_Load,5.26,0.00
09/01/2018 21:15,11.41,Weekday,Tuesday,Medium_Load,0.00,22.93
04/04/2018 19:00,4.10,Weekday,Wednesday,Medium_Load,0.00,27.07
19/05/2018 12:30,5.94,Weekend,Saturday,Medium_Load,0.00,22.90
11/05/2018 15:00,63.61,Weekday,Friday,Maximum_Load,27.94,0.00
28/03/2018 08:15,31.61,Weekday,Wednesday,Light_Load,23.80,0.00
07/03/2018 23:15,3.10,Weekday,Wednesday,Light_Load,2.48,0.00
02/03/2018 02:45,3.24,Weekday,Friday,Light_Load,2.63,0.00
28/03/2018 03:45,2.99,Weekday,Wednesday,Light_Load,3.13,0.00
18/05/2018 19:30,48.60,Weekday,Friday,Medium_Load,26.28,0.00
08/08/2018 10:15,87.08,Weekday,Wednesday,Maximum_Load,44.03,0.00
08/06/2018 15:00,53.39,Weekday,Friday,Maximum_Load,26.32,0.00
03/05/2018 22:00,4.07,Weekday,Thursday,Medium_Load,0.00,26.17
07/12/2018 13:00,10.76,Weekday,Friday,Medium_Load,0.00,19.73
29/04/2018 03:45,3.17,Weekend,Sunday,Light_Load,4.18,0.00
15/01/2018 11:15,99.25,Weekday,Monday,Maximum_Load,69.55,0.00
28/02/2018 08:30,108.94,Weekday,Wednesday,Light_Load,71.42,0.00
22/10/2018 11:15,58.10,Weekday,Monday,Maximum_Load,35.68,0.00
17/03/2018 17:45,4.03,Weekend,Saturday,Medium_Load,0.00,26.57
08/03/2018 10:30,100.44,Weekday,Thursday,Maximum_Load,35.42,0.00
25/03/2018 13:45,32.33,Weekend,Sunday,Maximum_Load,0.22,4.10
25/11/2018 14:30,2.95,Weekend,Sunday,Light_Load,0.00,13.97
21/04/2018 22:45,3.06,Weekend,Saturday,Medium_Load,4.25,0.00
10/06/2018 18:30,2.92,Weekend,Sunday,Light_Load,0.00,4.18
17/03/2018 12:30,4.64,Weekend,Saturday,Medium_Load,0.00,26.46
19/07/2018 06:45,2.59,Weekday,Thursday,Light_Load,4.46,0.00
05/08/2018 00:30,3.06,Weekend,Sunday,Light_Load,4.75,0.00
25/06/2018 21:45,3.56,Weekday,Monday,Medium_Load,0.00,26.60
24/07/2018 22:15,3.64,Weekday,Tuesday,Medium_Load,1.04,5.47
30/04/2018 13:45,51.84,Weekday,Monday,Maximum_Load,22.50,0.00
14/10/2018 16:15,2.92,Weekend,Sunday,Light_Load,0.00,11.27
02/09/2018 03:30,2.63,Weekend,Sunday,Light_Load,4.61,0.00
05/10/2018 02:30,2.81,Weekday,Friday,Light_Load,4.54,0.00
11/05/2018 03:30,3.10,Weekday,Friday,Light_Load,4.36,0.00
14/09/2018 19:45,8.32,Weekday,Friday,Medium_Load,0.00,13.50
18/05/2018 09:45,44.78,Weekday,Friday,Medium_Load,21.38,0.00
28/04/2018 01:45,3.24,Weekend,Saturday,Light_Load,3.10,0.00
11/08/2018 14:00,109.33,Weekend,Saturday,Maximum_Load,43.92,0.00
14/04/2018 11:15,36.68,Weekend,Saturday,Maximum_Load,14.94,0.00
15/02/2018 22:15,3.28,Weekday,Thursday,Light_Load,1.19,10.22
24/05/2018 15:00,51.23,Weekday,Thursday,Maximum_Load,23.00,0.00
19/04/2018 00:30,3.06,Weekday,Thursday,Light_Load,3.64,0.00
11/09/2018 19:30,37.76,Weekday,Tuesday,Medium_Load,15.23,0.00
26/01/2018 10:30,107.03,Weekday,Friday,Maximum_Load,34.52,0.00
10/06/2018 15:30,3.10,Weekend,Sunday,Light_Load,0.00,16.31
27/02/2018 10:30,66.02,Weekday,Tuesday,Maximum_Load,25.63,0.00
04/12/2018 15:00,62.96,Weekday,Tuesday,Medium_Load,38.38,0.00
26/10/2018 10:15,93.20,Weekday,Friday,Maximum_Load,37.91,0.00
14/05/2018 08:00,3.35,Weekday,Monday,Light_Load,3.74,0.00
10/11/2018 12:15,4.07,Weekend,Saturday,Medium_Load,0.00,10.58
08/07/2018 10:00,92.52,Weekend,Sunday,Medium_Load,26.89,0.00
31/12/2018 22:45,3.82,Weekday,Monday,Light_Load,4.54,0.00
06/05/2018 07:00,2.92,Weekend,Sunday,Light_Load,4.10,0.00
17/04/2018 08:45,41.44,Weekday,Tuesday,Light_Load,35.93,0.00
19/09/2018 05:30,2.74,Weekday,Wednesday,Light_Load,5.15,0.00
09/10/2018 06:15,2.59,Weekday,Tuesday,Light_Load,4.75,0.00
08/08/2018 23:00,2.66,Weekday,Wednesday,Medium_Load,4.36,0.00
07/03/2018 11:45,51.66,Weekday,Wednesday,Maximum_Load,30.17,0.00
22/03/2018 11:15,64.58,Weekday,Thursday,Maximum_Load,38.41,0.00
03/03/2018 19:45,4.86,Weekend,Saturday,Medium_Load,0.00,27.29
01/11/2018 20:00,3.85,Weekday,Thursday,Maximum_Load,0.00,18.11
12/11/2018 20:00,123.73,Weekday,Monday,Maximum_Load,51.66,0.00
18/06/2018 09:45,82.33,Weekday,Monday,Medium_Load,26.03,0.00
26/07/2018 16:45,56.09,Weekday,Thursday,Maximum_Load,19.22,0.00
20/02/2018 18:00,75.71,Weekday,Tuesday,Maximum_Load,9.58,0.97
11/01/2018 22:00,5.15,Weekday,Thursday,Medium_Load,0.00,26.64
24/04/2018 10:00,58.82,Weekday,Tuesday,Medium_Load,18.90,0.00
05/02/2018 00:45,4.57,Weekday,Monday,Light_Load,5.11,0.00
14/09/2018 09:15,47.41,Weekday,Friday,Medium_Load,25.02,0.00
27/07/2018 03:15,2.88,Weekday,Friday,Light_Load,6.01,0.00
24/06/2018 19:15,2.99,Weekend,Sunday,Medium_Load,0.00,17.03
16/11/2018 08:00,5.80,Weekday,Friday,Light_Load,6.01,0.00
14/12/2018 16:30,118.12,Weekday,Friday,Medium_Load,59.47,0.00
24/06/2018 05:00,2.59,Weekend,Sunday,Light_Load,3.42,0.00
11/04/2018 06:45,3.28,Weekday,Wednesday,Light_Load,5.18,0.00
23/08/2018 06:00,3.13,Weekday,Thursday,Light_Load,6.08,0.00
20/12/2018 00:15,4.03,Weekday,Thursday,Light_Load,2.66,0.40
17/10/2018 07:45,4.82,Weekday,Wednesday,Light_Load,7.49,0.00
25/06/2018 08:00,5.33,Weekday,Monday,Light_Load,6.23,0.00
17/03/2018 19:00,4.03,Weekend,Saturday,Medium_Load,0.00,26.64
30/08/2018 23:30,2.63,Weekday,Thursday,Light_Load,4.86,0.00
01/12/2018 03:15,4.72,Weekend,Saturday,Light_Load,3.35,0.04
12/09/2018 14:00,66.53,Weekday,Wednesday,Maximum_Load,43.06,0.00
11/11/2018 03:15,2.92,Weekend,Sunday,Light_Load,4.46,0.00
19/04/2018 23:30,3.56,Weekday,Thursday,Light_Load,3.20,0.00
27/09/2018 22:45,3.46,Weekday,Thursday,Medium_Load,7.88,0.00
03/06/2018 03:00,3.02,Weekend,Sunday,Light_Load,6.08,0.00
01/02/2018 13:00,9.76,Weekday,Thursday,Medium_Load,0.00,25.24
27/07/2018 19:15,50.87,Weekday,Friday,Medium_Load,20.48,0.00
28/12/2018 06:30,3.10,Weekday,Friday,Light_Load,1.87,0.36
09/01/2018 06:30,4.68,Weekday,Tuesday,Light_Load,3.78,0.00
10/08/2018 20:15,100.33,Weekday,Friday,Medium_Load,35.75,0.00
08/05/2018 11:45,55.58,Weekday,Tuesday,Maximum_Load,42.55,0.00
06/10/2018 15:15,104.47,Weekend,Saturday,Maximum_Load,41.83,0.00
08/01/2018 00:45,3.31,Weekday,Monday,Light_Load,4.25,0.00
08/08/2018 20:45,70.63,Weekday,Wednesday,Medium_Load,20.12,0.04
07/02/2018 12:30,9.04,Weekday,Wednesday,Medium_Load,0.00,26.10
24/05/2018 23:00,3.71,Weekday,Thursday,Medium_Load,4.36,0.00
16/09/2018 02:00,2.77,Weekend,Sunday,Light_Load,5.15,0.00
01/03/2018 06:15,3.67,Weekday,Thursday,Light_Load,4.64,0.00
13/09/2018 05:30,2.81,Weekday,Thursday,Light_Load,4.68,0.00
12/12/2018 08:00,5.80,Weekday,Wednesday,Light_Load,2.92,0.29
26/01/2018 22:30,35.89,Weekday,Friday,Maximum_Load,26.24,0.00
08/10/2018 04:00,3.10,Weekday,Monday,Light_Load,6.16,0.00
01/08/2018 20:30,2.84,Weekday,Wednesday,Light_Load,0.00,17.06
27/10/2018 23:15,3.38,Weekend,Saturday,Light_Load,6.08,0.00
02/02/2018 01:30,7.20,Weekday,Friday,Light_Load,5.18,0.00
31/01/2018 07:00,4.07,Weekday,Wednesday,Light_Load,4.18,0.00
21/06/2018 01:15,2.92,Weekday,Thursday,Light_Load,4.72,0.00
01/03/2018 13:00,22.18,Weekday,Thursday,Medium_Load,0.00,13.28
30/01/2018 09:00,77.26,Weekday,Tuesday,Light_Load,26.35,0.00
24/11/2018 19:00,3.74,Weekend,Saturday,Light_Load,0.00,17.53
27/07/2018 10:15,52.56,Weekday,Friday,Maximum_Load,19.37,0.00
26/02/2018 01:00,3.85,Weekday,Monday,Light_Load,3.46,0.00
17/11/2018 08:00,4.90,Weekend,Saturday,Light_Load,6.62,0.00
12/02/2018 18:30,36.94,Weekday,Monday,Maximum_Load,11.27,0.00
20/01/2018 13:45,65.20,Weekend,Saturday,Medium_Load,19.15,0.00
06/10/2018 05:30,2.92,Weekend,Saturday,Light_Load,5.65,0.00
26/04/2018 04:15,3.60,Weekday,Thursday,Light_Load,4.14,0.00
02/09/2018 12:30,3.17,Weekend,Sunday,Medium_Load,0.00,11.95
19/06/2018 12:15,10.01,Weekday,Tuesday,Medium_Load,1.94,15.48
02/08/2018 02:30,2.74,Weekday,Thursday,Light_Load,4.97,0.00
24/02/2018 03:45,6.01,Weekend,Saturday,Light_Load,5.04,0.00
10/12/2018 04:00,3.10,Weekday,Monday,Light_Load,2.38,0.00
14/01/2018 13:45,30.96,Weekend,Sunday,Medium_Load,1.12,4.32
01/08/2018 07:30,2.74,Weekday,Wednesday,Light_Load,5.15,0.00
07/12/2018 11:30,58.00,Weekday,Friday,Maximum_Load,19.04,0.00
21/02/2018 17:15,99.86,Weekday,Wednesday,Maximum_Load,29.88,0.00
18/08/2018 07:15,2.66,Weekend,Saturday,Light_Load,4.64,0.00
19/10/2018 15:45,61.42,Weekday,Friday,Maximum_Load,40.46,0.00
16/08/2018 17:30,57.42,Weekday,Thursday,Medium_Load,37.66,0.14
03/12/2018 22:00,4.93,Weekday,Monday,Medium_Load,0.00,19.26
14/01/2018 22:45,4.57,Weekend,Sunday,Maximum_Load,4.10,0.00
10/03/2018 19:15,4.18,Weekend,Saturday,Medium_Load,0.00,26.96
31/05/2018 19:15,3.67,Weekday,Thursday,Medium_Load,0.00,25.34
01/10/2018 00:15,3.13,Weekday,Monday,Light_Load,6.19,0.00
31/07/2018 10:15,53.24,Weekday,Tuesday,Maximum_Load,17.35,0.00
20/06/2018 03:30,3.31,Weekday,Wednesday,Light_Load,5.90,0.00
18/08/2018 15:45,67.10,Weekend,Saturday,Maximum_Load,37.98,0.00
21/06/2018 22:45,3.60,Weekday,Thursday,Medium_Load,5.04,0.00
30/11/2018 21:30,5.58,Weekday,Friday,Medium_Load,0.00,21.56
03/04/2018 14:30,111.46,Weekday,Tuesday,Maximum_Load,49.32,0.00
13/03/2018 11:15,79.63,Weekday,Tuesday,Maximum_Load,50.87,0.00
06/01/2018 05:30,4.18,Weekend,Saturday,Light_Load,5.29,0.00
09/08/2018 03:00,2.81,Weekday,Thursday,Light_Load,5.15,0.00
24/10/2018 18:30,3.89,Weekday,Wednesday,Medium_Load,0.00,9.86
16/10/2018 18:00,30.06,Weekday,Tuesday,Medium_Load,7.38,0.36
30/07/2018 04:30,2.74,Weekday,Monday,Light_Load,4.82,0.00
31/10/2018 15:30,61.16,Weekday,Wednesday,Maximum_Load,38.30,0.00
31/03/2018 19:45,3.02,Weekend,Saturday,Light_Load,0.00,17.39
03/04/2018 06:15,3.10,Weekday,Tuesday,Light_Load,4.10,0.00
15/12/2018 17:30,3.35,Weekend,Saturday,Light_Load,0.00,14.90
08/11/2018 18:45,73.94,Weekday,Thursday,Maximum_Load,32.08,0.00
10/08/2018 05:30,2.56,Weekday,Friday,Light_Load,4.32,0.00
03/03/2018 04:00,3.38,Weekend,Saturday,Light_Load,3.10,0.00
03/09/2018 13:30,46.26,Weekday,Monday,Maximum_Load,24.52,0.00
22/11/2018 09:00,124.49,Weekday,Thursday,Light_Load,51.73,0.00
10/02/2018 20:30,4.10,Weekend,Saturday,Light_Load,0.00,19.40
02/07/2018 00:45,2.88,Weekday,Monday,Light_Load,4.18,0.00
17/04/2018 17:00,93.71,Weekday,Tuesday,Maximum_Load,26.42,0.00
17/11/2018 17:15,4.54,Weekend,Saturday,Maximum_Load,0.00,16.63
06/02/2018 04:30,5.29,Weekday,Tuesday,Light_Load,4.82,0.00
14/05/2018 05:15,2.88,Weekday,Monday,Light_Load,4.54,0.00
19/11/2018 11:45,60.34,Weekday,Monday,Maximum_Load,32.33,0.00
02/05/2018 15:30,117.54,Weekday,Wednesday,Maximum_Load,42.91,0.00
07/07/2018 19:00,3.60,Weekend,Saturday,Medium_Load,0.00,21.06
30/04/2018 18:00,31.21,Weekday,Monday,Medium_Load,0.11,7.70
18/12/2018 08:30,72.86,Weekday,Tuesday,Light_Load,56.81,0.00
13/05/2018 17:15,3.28,Weekend,Sunday,Light_Load,0.00,16.88
09/04/2018 16:30,53.86,Weekday,Monday,Maximum_Load,22.46,0.00
24/08/2018 19:30,53.39,Weekday,Friday,Medium_Load,27.61,0.00
26/03/2018 02:15,3.10,Weekday,Monday,Light_Load,3.64,0.00
10/07/2018 02:00,3.42,Weekday,Tuesday,Light_Load,4.90,0.00
14/01/2018 07:15,4.46,Weekend,Sunday,Light_Load,4.75,0.00
13/07/2018 19:00,48.89,Weekday,Friday,Medium_Load,16.85,0.00
10/06/2018 08:15,2.77,Weekend,Sunday,Light_Load,5.26,0.00
30/03/2018 17:30,65.74,Weekday,Friday,Medium_Load,28.19,0.00
24/04/2018 05:30,3.20,Weekday,Tuesday,Light_Load,4.39,0.00
14/09/2018 07:30,3.49,Weekday,Friday,Light_Load,5.62,0.00
27/09/2018 00:30,2.48,Weekday,Thursday,Light_Load,4.97,0.00
17/01/2018 17:00,62.24,Weekday,Wednesday,Medium_Load,23.15,0.00
21/07/2018 16:30,45.68,Weekend,Saturday,Maximum_Load,10.55,0.36
03/11/2018 06:30,3.24,Weekend,Saturday,Light_Load,5.00,0.00
10/01/2018 02:15,4.61,Weekday,Wednesday,Light_Load,4.72,0.00
08/08/2018 00:15,2.92,Weekday,Wednesday,Light_Load,5.29,0.00
29/08/2018 15:45,56.20,Weekday,Wednesday,Maximum_Load,31.32,0.00
27/08/2018 12:15,28.12,Weekday,Monday,Medium_Load,9.43,0.14
20/12/2018 10:45,75.53,Weekday,Thursday,Maximum_Load,36.22,0.00
15/10/2018 02:45,2.84,Weekday,Monday,Light_Load,5.18,0.00
31/07/2018 09:00,64.84,Weekday,Tuesday,Light_Load,28.55,0.00
26/05/2018 17:00,11.74,Weekend,Saturday,Maximum_Load,0.00,18.14
16/10/2018 19:45,61.16,Weekday,Tuesday,Medium_Load,47.92,0.00
13/04/2018 20:00,37.33,Weekday,Friday,Medium_Load,1.08,2.09
01/08/2018 09:00,3.06,Weekday,Wednesday,Light_Load,0.00,15.66
21/05/2018 05:45,2.95,Weekday,Monday,Light_Load,4.72,0.00
01/05/2018 14:45,3.10,Weekday,Tuesday,Light_Load,0.00,16.96
15/08/2018 09:00,62.42,Weekday,Wednesday,Light_Load,32.90,0.00
11/04/2018 11:30,55.51,Weekday,Wednesday,Maximum_Load,42.70,0.00
10/07/2018 02:45,2.88,Weekday,Tuesday,Light_Load,4.75,0.00
23/10/2018 15:30,84.10,Weekday,Tuesday,Maximum_Load,56.95,0.00
17/11/2018 22:30,3.78,Weekend,Saturday,Maximum_Load,6.70,0.00
11/11/2018 18:45,3.02,Weekend,Sunday,Light_Load,0.00,12.53
27/06/2018 12:00,57.10,Weekday,Wednesday,Maximum_Load,42.34,0.00
03/05/2018 12:45,6.91,Weekday,Thursday,Medium_Load,0.00,24.48
10/02/2018 23:00,4.18,Weekend,Saturday,Light_Load,3.96,0.00
22/02/2018 00:30,86.94,Weekday,Thursday,Light_Load,42.66,0.00
08/05/2018 20:30,70.02,Weekday,Tuesday,Medium_Load,34.52,0.00
09/12/2018 04:00,3.06,Weekend,Sunday,Light_Load,2.16,0.07
17/09/2018 17:45,34.92,Weekday,Monday,Medium_Load,5.22,0.83
10/08/2018 23:30,2.70,Weekday,Friday,Light_Load,4.79,0.00
29/05/2018 16:15,45.83,Weekday,Tuesday,Maximum_Load,13.72,0.00
24/08/2018 02:30,2.95,Weekday,Friday,Light_Load,5.54,0.00
05/06/2018 14:45,109.76,Weekday,Tuesday,Maximum_Load,52.16,0.00
09/04/2018 09:15,58.21,Weekday,Monday,Medium_Load,21.64,0.00
24/08/2018 00:45,2.92,Weekday,Friday,Light_Load,5.40,0.00
09/08/2018 03:15,2.74,Weekday,Thursday,Light_Load,5.18,0.00
29/04/2018 08:00,2.81,Weekend,Sunday,Light_Load,3.67,0.00
25/11/2018 12:00,2.99,Weekend,Sunday,Light_Load,0.00,14.08
19/06/2018 23:15,3.67,Weekday,Tuesday,Light_Load,4.97,0.00
26/04/2018 23:00,3.60,Weekday,Thursday,Medium_Load,3.17,0.00
13/08/2018 17:45,35.21,Weekday,Monday,Medium_Load,3.67,3.24
17/10/2018 21:00,7.99,Weekday,Wednesday,Medium_Load,0.00,14.98
16/10/2018 16:30,59.26,Weekday,Tuesday,Maximum_Load,41.58,0.00
08/11/2018 08:45,63.04,Weekday,Thursday,Light_Load,47.52,0.00
09/09/2018 02:15,2.84,Weekend,Sunday,Light_Load,5.29,0.00
27/05/2018 01:15,2.77,Weekend,Sunday,Light_Load,4.54,0.00
06/03/2018 20:15,55.98,Weekday,Tuesday,Medium_Load,21.85,0.00
05/08/2018 07:00,2.77,Weekend,Sunday,Light_Load,5.72,0.00
21/10/2018 16:15,24.62,Weekend,Sunday,Light_Load,0.79,2.56
18/12/2018 22:45,5.15,Weekday,Tuesday,Maximum_Load,3.67,0.00
15/10/2018 09:30,97.34,Weekday,Monday,Medium_Load,44.78,0.00
10/08/2018 13:30,123.80,Weekday,Friday,Maximum_Load,62.24,0.00
21/02/2018 16:45,115.81,Weekday,Wednesday,Medium_Load,48.60,0.00
29/01/2018 16:15,83.45,Weekday,Monday,Medium_Load,22.21,0.00
01/01/2018 08:30,3.28,Weekday,Monday,Light_Load,3.74,0.00
13/11/2018 09:15,92.16,Weekday,Tuesday,Medium_Load,46.33,0.00
25/11/2018 10:15,2.95,Weekend,Sunday,Light_Load,0.00,14.33
26/10/2018 01:45,3.49,Weekday,Friday,Light_Load,5.69,0.00
25/12/2018 05:00,3.35,Weekday,Tuesday,Light_Load,2.59,0.04
31/08/2018 19:30,40.25,Weekday,Friday,Medium_Load,12.92,0.00
08/06/2018 11:15,63.54,Weekday,Friday,Maximum_Load,52.27,0.00
19/03/2018 05:45,3.06,Weekday,Monday,Light_Load,3.49,0.00
22/02/2018 03:30,5.94,Weekday,Thursday,Light_Load,5.29,0.00
12/07/2018 09:45,70.13,Weekday,Thursday,Medium_Load,40.75,0.00
24/11/2018 06:00,3.02,Weekend,Saturday,Light_Load,2.70,0.00
20/04/2018 08:15,37.33,Weekday,Friday,Light_Load,34.49,0.00
09/07/2018 16:30,54.25,Weekday,Monday,Maximum_Load,25.42,0.00
04/11/2018 14:45,81.58,Weekend,Sunday,Medium_Load,22.18,0.00
09/12/2018 14:15,3.78,Weekend,Sunday,Light_Load,0.00,17.68
13/03/2018 12:00,92.99,Weekday,Tuesday,Maximum_Load,52.16,0.00
28/09/2018 07:45,3.20,Weekday,Friday,Light_Load,5.11,0.00
07/06/2018 23:15,3.35,Weekday,Thursday,Light_Load,4.64,0.00
15/05/2018 06:00,2.92,Weekday,Tuesday,Light_Load,4.36,0.00
23/05/2018 20:15,34.42,Weekday,Wednesday,Medium_Load,2.27,0.32
17/03/2018 05:30,3.17,Weekend,Saturday,Light_Load,3.35,0.00
21/10/2018 19:00,3.02,Weekend,Sunday,Light_Load,0.00,11.38
28/05/2018 01:00,2.92,Weekday,Monday,Light_Load,5.58,0.00
19/03/2018 07:15,3.60,Weekday,Monday,Light_Load,4.00,0.00
03/01/2018 19:15,37.94,Weekday,Wednesday,Maximum_Load,0.86,1.58
04/05/2018 06:30,3.64,Weekday,Friday,Light_Load,4.46,0.00
17/07/2018 18:45,87.05,Weekday,Tuesday,Medium_Load,32.51,0.00
11/05/2018 03:00,3.38,Weekday,Friday,Light_Load,4.21,0.00
31/01/2018 05:30,5.83,Weekday,Wednesday,Light_Load,5.33,0.00
12/10/2018 23:30,3.64,Weekday,Friday,Light_Load,5.26,0.00
01/02/2018 17:30,71.60,Weekday,Thursday,Maximum_Load,32.08,0.00
10/08/2018 17:15,83.27,Weekday,Friday,Medium_Load,38.34,0.00
31/01/2018 19:00,88.81,Weekday,Wednesday,Maximum_Load,13.86,0.40
14/11/2018 06:00,3.35,Weekday,Wednesday,Light_Load,5.22,0.00
06/06/2018 21:45,3.82,Weekday,Wednesday,Medium_Load,0.00,17.42
02/12/2018 02:15,3.38,Weekend,Sunday,Light_Load,2.77,0.00
18/11/2018 17:15,4.03,Weekend,Sunday,Maximum_Load,0.00,17.53
27/04/2018 08:15,63.54,Weekday,Friday,Light_Load,43.74,0.00
05/08/2018 02:15,2.81,Weekend,Sunday,Light_Load,5.54,0.00
16/10/2018 12:45,5.51,Weekday,Tuesday,Medium_Load,0.00,15.95
03/04/2018 09:15,99.68,Weekday,Tuesday,Medium_Load,28.80,0.00
28/05/2018 20:15,55.80,Weekday,Monday,Medium_Load,21.56,0.00
12/12/2018 02:15,4.25,Weekday,Wednesday,Light_Load,3.38,0.07
21/01/2018 05:00,40.10,Weekend,Sunday,Light_Load,31.18,0.00
17/11/2018 01:15,3.96,Weekend,Saturday,Light_Load,6.30,0.00
17/10/2018 16:00,51.66,Weekday,Wednesday,Maximum_Load,31.10,0.00
24/11/2018 05:00,3.13,Weekend,Saturday,Light_Load,2.88,0.00
01/02/2018 22:00,65.95,Weekday,Thursday,Medium_Load,10.22,1.58
15/10/2018 09:00,85.68,Weekday,Monday,Light_Load,32.72,0.00
10/03/2018 01:00,3.06,Weekend,Saturday,Light_Load,2.74,0.00
14/06/2018 07:30,3.31,Weekday,Thursday,Light_Load,4.46,0.00
07/08/2018 23:30,2.88,Weekday,Tuesday,Light_Load,5.11,0.00
31/08/2018 00:30,2.70,Weekday,Friday,Light_Load,5.18,0.00
01/10/2018 21:45,3.46,Weekday,Monday,Medium_Load,0.00,18.00
10/08/2018 16:00,107.46,Weekday,Friday,Maximum_Load,58.75,0.00
18/03/2018 13:15,3.85,Weekend,Sunday,Light_Load,0.00,27.11
09/05/2018 18:30,46.69,Weekday,Wednesday,Medium_Load,36.83,0.00
08/07/2018 07:00,2.81,Weekend,Sunday,Light_Load,4.39,0.00
28/09/2018 08:15,28.48,Weekday,Friday,Light_Load,30.56,0.00
07/11/2018 14:00,66.49,Weekday,Wednesday,Medium_Load,35.32,0.00
27/07/2018 02:45,3.06,Weekday,Friday,Light_Load,5.51,0.00
07/01/2018 10:15,3.82,Weekend,Sunday,Light_Load,0.00,19.91
03/12/2018 12:45,6.30,Weekday,Monday,Medium_Load,0.00,19.87
04/05/2018 15:30,52.27,Weekday,Friday,Maximum_Load,17.75,0.00
05/12/2018 10:15,49.28,Weekday,Wednesday,Maximum_Load,16.56,0.00
19/07/2018 02:00,3.02,Weekday,Thursday,Light_Load,0.00,4.64
28/11/2018 02:30,23.65,Weekday,Wednesday,Light_Load,15.08,0.00
18/09/2018 08:00,4.90,Weekday,Tuesday,Light_Load,6.91,0.00
05/04/2018 05:15,3.17,Weekday,Thursday,Light_Load,3.85,0.00
09/06/2018 03:15,2.92,Weekend,Saturday,Light_Load,5.54,0.00
01/02/2018 12:00,145.51,Weekday,Thursday,Maximum_Load,81.94,0.00
01/12/2018 08:15,3.71,Weekend,Saturday,Light_Load,2.59,0.14
14/04/2018 10:30,38.16,Weekend,Saturday,Maximum_Load,0.86,1.19
