Date,Source,Production,Start_Hour,End_Hour,Day_of_Year
12/18/2022,Wind,11400,21,22,352
1/29/2024,Wind,7917,14,15,29
8/1/2024,Solar,8835,15,16,214
11/10/2020,Wind,989,1,2,315
12/19/2022,Wind,12526,1,2,353
10/18/2024,Solar,4855,13,14,292
4/10/2020,Solar,3692,17,18,101
1/25/2023,Wind,2156,0,1,25
12/12/2021,Wind,5813,12,13,346
10/11/2020,Wind,6106,13,14,285
1/8/2024,Wind,5515,23,0,8
1/8/2020,Wind,2785,18,19,8
1/29/2022,Wind,8498,20,21,29
6/2/2021,Solar,5561,15,16,153
6/11/2024,Wind,2328,7,8,163
6/5/2020,Wind,6664,21,22,157
5/2/2021,Solar,4993,13,14,122
1/13/2022,Wind,3276,0,1,13
7/24/2020,Wind,1739,3,4,206
8/29/2024,Wind,2083,5,6,242
1/3/2024,Wind,17272,0,1,3
4/2/2024,Wind,12285,2,3,93
7/29/2020,Solar,3480,16,17,211
11/5/2024,Wind,1690,6,7,310
10/24/2022,Wind,11508,8,9,297
2/27/2023,Wind,15692,10,11,58
4/2/2020,Solar,4169,15,16,93
5/13/2020,Wind,3174,3,4,134
11/22/2023,Wind,7314,14,15,326
9/11/2021,Solar,4969,11,12,254
4/7/2025,Solar,9862,15,16,97
7/27/2025,Wind,3862,22,23,208
3/11/2021,Wind,16144,13,14,70
4/30/2022,Solar,8188,16,17,120
1/19/2023,Wind,1710,23,0,19
9/11/2022,Wind,472,4,5,254
9/25/2021,Solar,3402,16,17,268
8/8/2020,Solar,3996,12,13,221
6/8/2021,Wind,1148,1,2,159
6/10/2024,Wind,4062,21,22,162
6/18/2020,Wind,1443,0,1,170
5/30/2023,Wind,13363,17,18,150
2/17/2022,Wind,15609,1,2,48
5/11/2022,Wind,8878,19,20,131
5/7/2024,Wind,2974,7,8,128
11/22/2025,Wind,12324,12,13,326
4/9/2021,Wind,5279,21,22,99
12/24/2021,Wind,3872,11,12,358
3/11/2023,Wind,6406,12,13,70
8/13/2021,Solar,5323,13,14,225
2/1/2021,Wind,7166,15,16,32
9/11/2023,Solar,7117,13,14,254
7/1/2020,Wind,5874,13,14,183
3/10/2025,Solar,4807,9,10,69
6/23/2023,Solar,7976,15,16,174
2/9/2023,Solar,5168,13,14,40
5/24/2020,Wind,4384,0,1,145
7/26/2021,Wind,1465,23,0,207
9/28/2020,Wind,3962,6,7,272
8/25/2021,Wind,6786,0,1,237
12/16/2021,Wind,5553,14,15,350
3/11/2022,Wind,10557,22,23,70
4/13/2020,Wind,10961,17,18,104
10/4/2022,Wind,2160,23,0,277
6/12/2025,Wind,8382,1,2,163
8/18/2022,Solar,3688,10,11,230
10/25/2025,Wind,8209,18,19,298
10/24/2023,Wind,6448,22,23,297
10/13/2021,Wind,2194,18,19,286
7/19/2025,Wind,10173,11,12,200
6/1/2021,Wind,5221,5,6,152
6/30/2022,Wind,2181,22,23,181
1/4/2020,Wind,3143,5,6,4
4/23/2020,Wind,2541,3,4,114
9/19/2021,Wind,4133,9,10,262
2/1/2021,Wind,5020,5,6,32
7/8/2022,Wind,3748,8,9,189
7/8/2025,Solar,13125,13,14,189
7/7/2021,Solar,5096,14,15,188
1/22/2020,Wind,4074,15,16,22
6/28/2025,Solar,7681,17,18,179
2/25/2021,Wind,4820,3,4,56
5/22/2021,Wind,10961,17,18,142
2/16/2022,Wind,14822,5,6,47
6/22/2023,Wind,3376,4,5,173
6/18/2022,Wind,8199,22,23,169
6/8/2022,Wind,10512,15,16,159
12/1/2022,Wind,3869,3,4,335
4/17/2023,Wind,10404,16,17,107
12/9/2020,Wind,3334,9,10,344
2/7/2023,Wind,5042,18,19,38
9/28/2020,Wind,4228,20,21,272
2/12/2023,Solar,5718,15,16,43
11/23/2023,Wind,2948,2,3,327
12/12/2024,Wind,3528,19,20,347
5/11/2025,Wind,7504,1,2,131
5/30/2024,Wind,8561,19,20,151
7/29/2024,Solar,8215,16,17,211
8/27/2024,Wind,3000,23,0,240
11/13/2021,Wind,5084,9,10,317
9/20/2021,Wind,3112,19,20,263
2/13/2023,Solar,6722,12,13,44
11/14/2020,Wind,4362,2,3,319
1/29/2025,Wind,18199,0,1,29
3/2/2022,Wind,2961,4,5,61
6/6/2025,Wind,7448,16,17,157
7/15/2025,Wind,3144,2,3,196
5/15/2022,Solar,9252,15,16,135
6/6/2024,Solar,7935,16,17,158
12/1/2020,Wind,7577,6,7,336
2/1/2020,Wind,10073,20,21,32
12/5/2022,Wind,723,7,8,339
11/2/2021,Wind,1723,17,18,306
3/30/2024,Solar,7864,15,16,90
5/7/2020,Solar,4403,14,15,128
7/22/2024,Wind,3323,4,5,204
1/23/2022,Wind,3658,23,0,23
4/16/2024,Wind,14410,8,9,107
2/2/2021,Wind,9228,17,18,33
4/6/2025,Solar,8484,12,13,96
10/24/2025,Wind,12993,20,21,297
9/12/2024,Wind,4668,19,20,256
6/1/2021,Wind,3220,20,21,152
6/10/2022,Wind,2337,4,5,161
5/12/2024,Wind,3727,4,5,133
11/1/2025,Wind,13837,1,2,305
5/29/2022,Solar,7338,9,10,149
8/30/2023,Wind,7641,18,19,242
4/29/2023,Wind,2453,20,21,119
5/22/2022,Solar,5188,15,16,142
8/12/2022,Solar,8910,12,13,224
8/31/2020,Solar,4731,13,14,244
9/17/2020,Wind,5365,1,2,261
5/13/2023,Solar,7155,10,11,133
10/16/2021,Solar,4121,15,16,289
1/4/2022,Wind,6398,8,9,4
11/10/2024,Wind,2532,22,23,315
4/25/2022,Wind,2493,21,22,115
5/14/2021,Wind,7152,11,12,134
10/14/2020,Wind,3082,8,9,288
9/29/2021,Wind,11398,13,14,272
2/2/2020,Wind,6412,2,3,33
7/10/2021,Wind,3038,19,20,191
6/9/2022,Wind,6305,0,1,160
12/4/2021,Wind,8913,2,3,338
8/5/2020,Wind,1018,4,5,218
1/22/2020,Wind,3930,16,17,22
2/21/2024,Wind,3618,0,1,52
1/1/2021,Solar,1994,12,13,1
7/20/2021,Wind,3054,22,23,201
7/9/2025,Solar,9719,11,12,190
12/8/2024,Wind,16946,6,7,343
10/21/2024,Wind,4621,20,21,295
7/3/2025,Solar,9835,13,14,184
6/3/2022,Wind,3026,8,9,154
6/15/2022,Solar,6208,13,14,166
3/18/2022,Wind,8159,5,6,77
3/9/2021,Wind,2948,8,9,68
2/17/2022,Wind,8507,19,20,48
11/11/2021,Wind,982,5,6,315
6/6/2020,Wind,5766,1,2,158
10/24/2020,Wind,8585,8,9,298
9/18/2023,Wind,8347,9,10,261
11/24/2025,Wind,8309,7,8,328
9/9/2021,Wind,2685,1,2,252
9/25/2025,Wind,3302,18,19,268
5/12/2021,Wind,4435,17,18,132
6/2/2022,Solar,4378,9,10,153
1/14/2025,Solar,4353,15,16,14
3/22/2023,Wind,15456,14,15,81
7/7/2024,Wind,4892,19,20,189
1/28/2021,Wind,9675,4,5,28
2/12/2025,Wind,2685,1,2,43
8/25/2021,Solar,9454,14,15,237
7/17/2023,Wind,2269,6,7,198
6/25/2025,Solar,9397,13,14,176
3/3/2021,Wind,1845,9,10,62
6/22/2021,Wind,6749,14,15,173
3/19/2025,Solar,13786,13,14,78
5/31/2020,Wind,5250,19,20,152
2/21/2020,Wind,7148,16,17,52
6/4/2023,Wind,4706,8,9,155
3/3/2025,Wind,2282,18,19,62
8/17/2025,Solar,11455,12,13,229
1/3/2020,Wind,4570,21,22,3
5/19/2023,Wind,8236,18,19,139
4/3/2021,Wind,7508,5,6,93
7/16/2025,Solar,16160,12,13,197
6/8/2024,Wind,2141,5,6,160
9/29/2022,Solar,3999,15,16,272
9/19/2024,Wind,8855,8,9,263
5/23/2021,Wind,6519,20,21,143
11/19/2024,Wind,16568,2,3,324
11/2/2025,Wind,17124,12,13,306
3/6/2020,Wind,4409,19,20,66
9/24/2025,Wind,10617,14,15,267
3/6/2021,Wind,6907,0,1,65
1/8/2024,Wind,11458,1,2,8
1/29/2024,Wind,8026,9,10,29
6/8/2024,Wind,2990,21,22,160
9/5/2020,Wind,2313,2,3,249
8/29/2023,Solar,6026,16,17,241
3/31/2023,Wind,17308,21,22,90
8/2/2021,Solar,4915,12,13,214
11/12/2021,Wind,4622,19,20,316
4/7/2024,Wind,6534,13,14,98
8/23/2022,Wind,692,20,21,235
3/31/2025,Solar,12441,12,13,90
12/12/2024,Wind,3205,23,0,347
10/30/2023,Wind,6382,14,15,303
7/13/2025,Wind,2819,23,0,194
3/10/2020,Wind,12787,16,17,70
1/9/2021,Wind,2353,3,4,9
4/2/2021,Wind,7071,2,3,92
11/24/2022,Wind,10233,21,22,328
8/4/2025,Wind,2819,4,5,216
9/24/2021,Solar,3708,10,11,267
11/14/2020,Wind,9092,14,15,319
2/12/2025,Solar,3734,11,12,43
11/18/2024,Wind,7419,17,18,323
8/25/2025,Solar,7160,11,12,237
11/11/2025,Wind,13901,13,14,315
9/15/2021,Wind,2675,9,10,258
8/21/2022,Wind,794,7,8,233
11/14/2025,Wind,10916,3,4,318
4/30/2022,Solar,6810,10,11,120
10/9/2022,Wind,4965,3,4,282
4/26/2024,Wind,2294,0,1,117
3/12/2022,Wind,9696,15,16,71
2/21/2023,Solar,4252,12,13,52
3/29/2023,Solar,8491,11,12,88
4/27/2021,Wind,2003,22,23,117
2/17/2020,Wind,6453,4,5,48
1/19/2024,Wind,3521,23,0,19
3/31/2025,Wind,5090,7,8,90
11/2/2021,Wind,6192,12,13,306
11/11/2022,Wind,3461,7,8,315
10/26/2021,Solar,5605,12,13,299
9/22/2022,Wind,399,19,20,265
5/11/2025,Solar,4563,13,14,131
1/28/2022,Wind,2439,1,2,28
11/20/2022,Wind,9228,10,11,324
7/12/2022,Wind,4082,1,2,193
11/24/2024,Wind,22929,12,13,329
2/1/2020,Wind,9131,4,5,32
11/6/2024,Wind,189,5,6,311
10/28/2021,Wind,6796,9,10,301
10/22/2020,Wind,5144,12,13,296
3/10/2022,Wind,6808,0,1,69
11/3/2021,Wind,3819,5,6,307
12/8/2024,Wind,16670,2,3,343
6/3/2020,Wind,631,5,6,155
6/27/2020,Wind,9506,11,12,179
6/4/2021,Wind,1527,3,4,155
11/17/2020,Wind,2667,22,23,322
10/21/2021,Wind,11321,8,9,294
8/19/2021,Wind,940,23,0,231
6/4/2020,Wind,2918,23,0,156
8/14/2023,Solar,7955,11,12,226
5/13/2024,Wind,2321,3,4,134
8/11/2024,Solar,5870,16,17,224
5/4/2021,Wind,13322,7,8,124
4/26/2025,Solar,4018,11,12,116
1/21/2020,Wind,3303,18,19,21
11/2/2021,Wind,2311,19,20,306
7/29/2023,Wind,3618,1,2,210
5/21/2023,Wind,4686,8,9,141
2/7/2025,Wind,9119,18,19,38
7/25/2022,Wind,10186,11,12,206
10/16/2024,Wind,11196,16,17,290
1/11/2022,Wind,2621,18,19,11
4/19/2024,Wind,6475,2,3,110
7/28/2024,Wind,6281,23,0,210
4/5/2025,Wind,8043,18,19,95
1/4/2022,Wind,9372,20,21,4
7/6/2023,Wind,1028,4,5,187
3/22/2024,Wind,7326,23,0,82
1/16/2024,Wind,2207,9,10,16
5/8/2024,Wind,3372,20,21,129
1/26/2025,Wind,19633,19,20,26
7/20/2020,Wind,3155,7,8,202
3/2/2024,Wind,11147,1,2,62
5/17/2021,Wind,15419,13,14,137
9/22/2024,Wind,3577,4,5,266
7/18/2021,Wind,5140,3,4,199
3/20/2020,Wind,7700,15,16,80
4/14/2025,Wind,5469,23,0,104
2/19/2020,Wind,7659,7,8,50
11/21/2021,Wind,556,4,5,325
10/25/2023,Wind,10951,10,11,298
7/16/2023,Wind,5612,19,20,197
7/22/2020,Solar,3790,12,13,204
3/8/2024,Wind,10506,1,2,68
12/10/2020,Wind,3341,14,15,345
6/19/2022,Wind,7096,8,9,170
10/23/2024,Wind,5480,20,21,297
6/11/2024,Wind,2863,23,0,163
9/9/2021,Wind,1689,5,6,252
6/11/2020,Wind,5051,15,16,163
6/7/2024,Wind,1976,4,5,159
3/26/2024,Wind,8226,23,0,86
2/9/2022,Wind,4407,9,10,40
2/15/2025,Wind,5334,20,21,46
4/28/2021,Wind,857,6,7,118
8/27/2020,Solar,4553,11,12,240
10/1/2024,Wind,6398,7,8,275
5/21/2021,Wind,9704,0,1,141
12/5/2021,Wind,4707,22,23,339
8/1/2022,Solar,6729,14,15,213
9/18/2022,Wind,4648,23,0,261
1/14/2025,Wind,2738,4,5,14
1/4/2025,Wind,4819,9,10,4
8/23/2020,Wind,3074,20,21,236
12/11/2022,Solar,4059,11,12,345
7/5/2024,Wind,3591,2,3,187
7/12/2021,Wind,3055,10,11,193
12/4/2022,Wind,1267,18,19,338
9/29/2023,Wind,10069,15,16,272
10/6/2024,Wind,7982,10,11,280
2/27/2023,Wind,11622,20,21,58
6/6/2021,Wind,2047,7,8,157
4/6/2022,Wind,13616,17,18,96
1/29/2025,Wind,13601,14,15,29
10/30/2024,Wind,3374,21,22,304
6/14/2024,Wind,11508,18,19,166
2/5/2024,Wind,7217,19,20,36
11/16/2020,Wind,9712,2,3,321
11/3/2025,Wind,14275,12,13,307
5/28/2023,Wind,9225,22,23,148
1/24/2020,Wind,628,22,23,24
2/4/2022,Wind,6025,5,6,35
1/2/2020,Wind,5346,18,19,2
8/30/2022,Wind,5425,0,1,242
11/29/2025,Wind,5241,0,1,333
5/14/2025,Solar,7025,10,11,134
12/25/2024,Wind,1698,2,3,360
9/16/2024,Solar,8063,11,12,260
6/13/2020,Wind,3116,2,3,165
5/26/2025,Solar,10578,10,11,146
1/29/2022,Wind,8062,9,10,29
8/29/2021,Wind,3373,7,8,241
8/17/2023,Wind,2138,4,5,229
11/1/2021,Wind,6650,16,17,305
4/27/2025,Solar,4171,13,14,117
3/25/2020,Wind,7278,20,21,85
11/13/2025,Wind,10055,13,14,317
10/29/2022,Wind,8680,9,10,302
5/12/2025,Wind,2071,3,4,132
12/26/2021,Wind,2979,18,19,360
11/27/2022,Wind,6949,5,6,331
6/10/2025,Wind,4337,19,20,161
1/14/2020,Wind,13956,11,12,14
4/19/2025,Wind,4692,14,15,109
10/16/2022,Wind,3203,4,5,289
11/8/2025,Solar,5483,12,13,312
6/3/2023,Wind,7045,0,1,154
12/21/2022,Wind,5289,4,5,355
8/15/2022,Wind,2354,6,7,227
6/14/2025,Wind,2617,21,22,165
11/11/2021,Wind,904,19,20,315
4/2/2024,Wind,9355,19,20,93
12/3/2024,Wind,6322,0,1,338
8/18/2021,Solar,4153,10,11,230
2/18/2022,Wind,6361,0,1,49
6/15/2020,Solar,3227,9,10,167
6/6/2020,Wind,5774,3,4,158
10/31/2022,Wind,3071,6,7,304
8/2/2023,Wind,18182,18,19,214
6/8/2023,Wind,4578,6,7,159
4/21/2024,Wind,10808,15,16,112
11/2/2025,Wind,11230,9,10,306
1/11/2023,Wind,15390,22,23,11
3/19/2020,Solar,3951,11,12,79
8/17/2025,Wind,6183,8,9,229
8/7/2020,Wind,2021,6,7,220
11/22/2025,Wind,8243,9,10,326
9/4/2025,Wind,6876,5,6,247
7/22/2020,Solar,2606,10,11,204
4/26/2021,Wind,9366,3,4,116
8/19/2021,Wind,1485,4,5,231
10/25/2022,Solar,5213,14,15,298
4/6/2020,Wind,6188,9,10,97
7/8/2023,Solar,8194,15,16,189
5/10/2020,Wind,2276,10,11,131
1/17/2020,Wind,9434,1,2,17
1/10/2024,Wind,2524,9,10,10
3/29/2022,Solar,4278,14,15,88
12/7/2022,Solar,3789,14,15,341
6/6/2024,Wind,1268,1,2,158
1/30/2020,Wind,6684,6,7,30
8/18/2020,Solar,1797,9,10,231
12/12/2024,Wind,3380,7,8,347
4/4/2022,Wind,8520,23,0,94
10/13/2025,Wind,6073,4,5,286
6/18/2024,Wind,2793,4,5,170
5/10/2022,Wind,2478,6,7,130
4/26/2023,Solar,4624,15,16,116
6/16/2021,Wind,1499,2,3,167
9/3/2021,Wind,2094,6,7,246
4/7/2025,Wind,6184,3,4,97
7/21/2020,Wind,3014,8,9,203
5/12/2022,Solar,4025,10,11,132
12/22/2022,Wind,13135,11,12,356
10/8/2024,Wind,13096,22,23,282
6/13/2021,Wind,2592,5,6,164
3/9/2021,Wind,2083,22,23,68
1/3/2022,Wind,8634,17,18,3
2/15/2025,Wind,5507,21,22,46
12/3/2021,Wind,13277,13,14,337
5/7/2021,Wind,3061,8,9,127
6/27/2025,Wind,3511,2,3,178
2/1/2020,Wind,11252,11,12,32
7/1/2020,Wind,4054,20,21,183
5/1/2023,Wind,3856,20,21,121
7/8/2025,Solar,8997,18,19,189
2/18/2021,Wind,6214,20,21,49
11/28/2022,Wind,5047,13,14,332
7/1/2021,Solar,3901,17,18,182
11/15/2023,Wind,4554,20,21,319
1/14/2021,Wind,8411,10,11,14
5/27/2020,Solar,5832,11,12,148
4/16/2020,Wind,1491,21,22,107
6/29/2020,Wind,10010,16,17,181
4/2/2024,Wind,13175,6,7,93
5/8/2022,Wind,4285,1,2,128
12/29/2023,Wind,13922,15,16,363
3/15/2024,Wind,10445,3,4,75
6/7/2021,Wind,1268,6,7,158
3/31/2020,Wind,10262,17,18,91
9/13/2021,Wind,2586,1,2,256
1/16/2023,Wind,16385,14,15,16
2/1/2021,Wind,3405,20,21,32
9/13/2022,Wind,1654,5,6,256
7/29/2023,Wind,11966,15,16,210
8/9/2020,Solar,3364,16,17,222
9/23/2021,Wind,1404,1,2,266
3/18/2021,Wind,4597,9,10,77
1/13/2024,Wind,2503,0,1,13
6/27/2023,Wind,2239,6,7,178
12/15/2023,Wind,2968,0,1,349
6/12/2023,Wind,3168,19,20,163
12/14/2020,Wind,8437,6,7,349
5/4/2023,Solar,11275,13,14,124
1/6/2022,Solar,5010,11,12,6
5/5/2023,Wind,2188,6,7,125
3/24/2021,Wind,2191,19,20,83
11/6/2020,Wind,6584,5,6,311
10/13/2025,Wind,7395,0,1,286
4/9/2025,Wind,11401,22,23,99
6/13/2022,Wind,3888,3,4,164
12/6/2020,Wind,3896,0,1,341
12/26/2022,Wind,5200,23,0,360
7/7/2022,Wind,8067,18,19,188
9/27/2021,Wind,10010,16,17,270
1/29/2024,Wind,7099,18,19,29
3/25/2024,Wind,8820,21,22,85
12/27/2022,Wind,4677,9,10,361
12/3/2021,Wind,11102,18,19,337
4/4/2023,Solar,10833,15,16,94
3/28/2024,Wind,15504,7,8,88
12/23/2022,Wind,11216,0,1,357
4/27/2025,Wind,3364,22,23,117
4/20/2020,Wind,5506,0,1,111
10/17/2022,Wind,6996,12,13,290
1/2/2025,Wind,12035,0,1,2
7/24/2020,Solar,6901,15,16,206
11/21/2020,Wind,4830,10,11,326
8/22/2022,Wind,2515,19,20,234
12/29/2022,Wind,11261,4,5,363
11/11/2022,Wind,4623,23,0,315
7/15/2021,Wind,5085,23,0,196
6/29/2020,Wind,8918,18,19,181
11/2/2020,Wind,8515,17,18,307
6/8/2022,Wind,10122,14,15,159
11/27/2020,Wind,1637,1,2,332
3/1/2022,Wind,1775,18,19,60
8/19/2025,Solar,6355,16,17,231
11/13/2022,Wind,2673,22,23,317
11/6/2025,Wind,2696,21,22,310
7/13/2022,Solar,6334,12,13,194
12/27/2021,Wind,8156,9,10,361
10/25/2021,Wind,3029,20,21,298
9/12/2023,Wind,705,4,5,255
4/2/2023,Wind,8890,4,5,92
9/28/2021,Wind,2108,2,3,271
5/17/2024,Solar,7184,14,15,138
11/13/2025,Wind,12913,1,2,317
10/13/2020,Wind,5579,16,17,287
2/17/2021,Wind,7964,22,23,48
10/9/2020,Wind,3322,18,19,283
2/19/2025,Wind,7629,20,21,50
11/16/2021,Wind,1087,16,17,320
12/30/2020,Wind,5476,23,0,365
7/14/2022,Solar,8923,14,15,195
3/19/2023,Wind,7895,13,14,78
7/24/2024,Solar,6845,11,12,206
10/31/2024,Wind,1073,20,21,305
5/9/2023,Wind,7431,19,20,129
3/9/2021,Wind,2088,6,7,68
5/6/2024,Wind,3270,20,21,127
10/26/2022,Wind,3223,17,18,299
12/7/2021,Wind,11221,12,13,341
5/5/2024,Wind,2081,23,0,126
4/23/2023,Wind,14741,18,19,113
11/2/2022,Wind,7737,19,20,306
3/14/2021,Wind,13538,15,16,73
11/29/2021,Wind,3702,10,11,333
6/14/2025,Solar,4546,14,15,165
4/28/2024,Wind,7916,9,10,119
5/13/2020,Wind,3264,1,2,134
6/4/2025,Solar,8625,16,17,155
6/23/2024,Solar,4144,12,13,175
1/24/2024,Wind,15539,10,11,24
10/14/2021,Wind,1720,4,5,287
10/8/2021,Wind,5380,23,0,281
3/17/2023,Wind,6418,23,0,76
8/28/2023,Wind,2801,5,6,240
9/7/2022,Solar,7186,12,13,250
12/23/2023,Wind,15819,11,12,357
8/5/2023,Wind,11382,10,11,217
5/28/2023,Wind,9894,23,0,148
7/20/2022,Wind,3765,1,2,201
1/18/2023,Wind,4661,2,3,18
9/29/2024,Wind,1731,2,3,273
2/23/2024,Wind,16403,12,13,54
10/4/2021,Wind,7024,23,0,277
10/20/2025,Wind,13425,0,1,293
3/24/2023,Wind,12405,8,9,83
7/23/2020,Solar,1954,18,19,205
5/13/2020,Wind,7165,23,0,134
9/6/2022,Wind,2214,23,0,249
2/17/2021,Wind,7775,7,8,48
5/29/2021,Solar,6169,12,13,149
7/25/2024,Wind,2257,21,22,207
4/16/2022,Wind,6001,20,21,106
7/28/2020,Wind,4107,5,6,210
5/31/2021,Wind,3587,19,20,151
6/27/2024,Wind,4170,21,22,179
10/23/2021,Wind,3701,22,23,296
11/22/2022,Wind,10307,20,21,326
3/26/2020,Wind,4960,20,21,86
8/9/2020,Wind,963,7,8,222
11/23/2025,Wind,6568,22,23,327
6/17/2022,Wind,3147,3,4,168
9/6/2020,Wind,1309,6,7,250
1/8/2023,Wind,13363,12,13,8
5/27/2020,Wind,4422,2,3,148
12/29/2023,Wind,15941,12,13,363
1/6/2022,Wind,2846,3,4,6
3/8/2025,Wind,10805,0,1,67
6/25/2023,Solar,8815,16,17,176
10/31/2023,Wind,11825,12,13,304
4/18/2021,Wind,2893,7,8,108
5/5/2020,Wind,6849,14,15,126
5/3/2023,Solar,7624,9,10,123
9/3/2023,Wind,5905,19,20,246
10/25/2024,Wind,1798,21,22,299
5/11/2022,Wind,3550,6,7,131
1/30/2025,Wind,8803,14,15,30
4/29/2020,Wind,4808,5,6,120
4/3/2020,Wind,2053,5,6,94
5/14/2020,Wind,7248,1,2,135
8/22/2020,Wind,7218,9,10,235
4/24/2021,Wind,6192,19,20,114
6/26/2025,Wind,14166,17,18,177
10/7/2020,Wind,4044,20,21,281
2/11/2020,Wind,14541,13,14,42
10/21/2024,Wind,6386,23,0,295
8/7/2022,Wind,5411,8,9,219
1/8/2021,Wind,1043,7,8,8
3/27/2020,Solar,5875,12,13,87
9/14/2022,Solar,6213,13,14,257
2/9/2021,Wind,5404,17,18,40
4/25/2021,Wind,8275,5,6,115
12/20/2022,Wind,13886,1,2,354
3/15/2023,Wind,3420,8,9,74
1/9/2024,Wind,3646,18,19,9
6/5/2021,Solar,5731,15,16,156
11/28/2024,Wind,4321,22,23,333
4/28/2020,Wind,3006,3,4,119
10/8/2025,Wind,730,2,3,281
7/24/2025,Solar,8701,12,13,205
5/18/2021,Wind,3351,20,21,138
4/7/2023,Wind,1998,6,7,97
2/28/2022,Wind,2179,18,19,59
11/3/2023,Wind,10599,23,0,307
4/28/2021,Wind,2245,23,0,118
10/22/2023,Wind,1963,19,20,295
12/4/2023,Wind,14332,16,17,338
3/12/2023,Wind,11363,10,11,71
6/10/2024,Wind,9028,16,17,162
12/7/2023,Wind,7243,7,8,341
1/11/2020,Wind,6243,13,14,11
6/20/2022,Wind,6057,18,19,171
12/9/2021,Wind,6822,12,13,343
10/22/2021,Wind,2148,4,5,295
8/18/2023,Solar,7556,12,13,230
8/26/2020,Wind,10494,15,16,239
5/17/2023,Wind,7393,1,2,137
12/10/2024,Wind,9436,14,15,345
9/4/2023,Wind,10840,16,17,247
6/15/2023,Wind,2306,21,22,166
1/12/2021,Wind,12614,6,7,12
4/23/2021,Wind,5325,7,8,113
5/28/2020,Wind,4838,21,22,149
4/17/2023,Wind,3728,0,1,107
1/12/2020,Wind,7023,6,7,12
11/29/2024,Wind,7114,4,5,334
4/28/2025,Wind,4319,20,21,118
6/10/2020,Solar,3435,10,11,162
2/15/2025,Wind,3299,17,18,46
3/25/2023,Wind,9938,18,19,84
10/4/2021,Wind,4512,19,20,277
8/3/2023,Wind,11952,6,7,215
8/27/2022,Wind,2886,1,2,239
2/8/2021,Wind,1809,17,18,39
2/5/2023,Wind,10704,16,17,36
4/27/2021,Wind,1594,21,22,117
12/8/2021,Wind,10646,1,2,342
9/29/2022,Wind,1181,21,22,272
8/14/2025,Wind,3432,0,1,226
8/12/2023,Wind,2514,8,9,224
4/25/2022,Wind,3834,0,1,115
3/12/2025,Wind,2812,6,7,71
1/2/2023,Wind,4165,23,0,2
6/23/2021,Wind,2524,23,0,174
1/27/2024,Solar,5047,14,15,27
4/19/2022,Solar,5004,12,13,109
11/2/2020,Wind,11975,6,7,307
2/25/2025,Wind,11904,22,23,56
9/30/2025,Wind,1402,4,5,273
3/18/2023,Wind,3908,22,23,77
11/25/2020,Wind,6287,7,8,330
11/11/2020,Wind,3805,15,16,316
5/26/2022,Wind,3427,5,6,146
4/27/2020,Wind,2041,20,21,118
7/26/2021,Wind,1744,6,7,207
7/1/2024,Wind,2190,7,8,183
10/13/2022,Wind,6261,12,13,286
4/9/2021,Wind,5113,18,19,99
10/10/2021,Wind,2713,0,1,283
4/22/2023,Wind,8274,11,12,112
1/22/2022,Wind,1705,23,0,22
10/6/2024,Wind,8155,21,22,280
5/4/2020,Wind,772,4,5,125
11/6/2022,Wind,7347,5,6,310
8/16/2024,Solar,8933,12,13,229
12/15/2020,Wind,2633,16,17,350
1/4/2021,Wind,3018,19,20,4
2/17/2022,Wind,14562,15,16,48
2/22/2020,Wind,8585,7,8,53
2/3/2025,Solar,6618,12,13,34
5/16/2022,Solar,7824,12,13,136
3/20/2025,Wind,8861,15,16,79
10/8/2021,Wind,6180,17,18,281
1/11/2025,Wind,2047,4,5,11
10/29/2024,Wind,1443,3,4,303
5/25/2021,Wind,9963,8,9,145
4/20/2022,Wind,4079,18,19,110
7/28/2023,Wind,4401,20,21,209
1/25/2022,Wind,376,8,9,25
11/12/2024,Wind,8295,0,1,317
7/2/2021,Wind,524,4,5,183
4/30/2022,Wind,4244,22,23,120
3/18/2024,Wind,2178,6,7,78
12/28/2023,Wind,13532,23,0,362
4/4/2023,Wind,4225,22,23,94
6/19/2022,Wind,7351,19,20,170
10/27/2021,Solar,5370,12,13,300
1/24/2025,Wind,14158,16,17,24
6/22/2021,Wind,3591,21,22,173
7/25/2021,Wind,5105,18,19,206
12/1/2021,Wind,13835,7,8,335
3/1/2020,Wind,8419,20,21,61
3/28/2024,Wind,14967,4,5,88
1/3/2020,Wind,4207,22,23,3
11/25/2024,Wind,6573,23,0,330
5/5/2023,Solar,8449,15,16,125
4/27/2025,Wind,4156,5,6,117
5/21/2024,Solar,6724,17,18,142
10/17/2023,Wind,7943,18,19,290
5/15/2023,Wind,12236,15,16,135
4/20/2024,Wind,6623,7,8,111
4/28/2024,Wind,3181,21,22,119
6/17/2022,Wind,3818,8,9,168
3/26/2021,Wind,10584,16,17,85
10/7/2023,Wind,2231,7,8,280
2/2/2025,Solar,5898,13,14,33
7/28/2025,Wind,3946,6,7,209
10/25/2025,Wind,12427,8,9,298
12/2/2020,Wind,4378,3,4,337
6/10/2022,Solar,6486,10,11,161
11/17/2024,Wind,5733,19,20,322
11/13/2022,Wind,3184,23,0,317
6/17/2024,Wind,2344,23,0,169
10/27/2020,Wind,5881,4,5,301
5/6/2025,Wind,9412,22,23,126
7/1/2023,Wind,7665,6,7,182
11/10/2023,Wind,12598,0,1,314
7/4/2024,Wind,8892,15,16,186
6/15/2021,Wind,2314,2,3,166
8/9/2025,Wind,1411,2,3,221
10/18/2023,Wind,11434,8,9,291
5/23/2022,Wind,11353,15,16,143
9/27/2020,Wind,11628,6,7,271
4/15/2021,Wind,5536,0,1,105
11/5/2023,Wind,13494,18,19,309
11/3/2022,Wind,10983,23,0,307
5/2/2021,Solar,4597,11,12,122
2/20/2024,Wind,3775,1,2,51
7/11/2024,Solar,6569,15,16,193
10/23/2025,Wind,18020,2,3,296
6/26/2021,Solar,3463,10,11,177
1/26/2023,Wind,2785,7,8,26
4/21/2024,Wind,5440,5,6,112
2/7/2024,Wind,10078,20,21,38
11/19/2023,Wind,12727,19,20,323
1/14/2020,Wind,11947,5,6,14
10/10/2025,Solar,6209,10,11,283
5/6/2020,Solar,5389,12,13,127
6/11/2023,Solar,5511,17,18,162
7/10/2020,Wind,5812,11,12,192
8/6/2023,Wind,12828,18,19,218
9/28/2022,Solar,6478,12,13,271
4/17/2025,Wind,2201,21,22,107
2/28/2023,Wind,7116,22,23,59
8/17/2020,Wind,6027,16,17,230
5/13/2021,Solar,4826,16,17,133
8/28/2020,Wind,8440,16,17,241
2/28/2021,Wind,8031,1,2,59
3/22/2024,Solar,7476,10,11,82
5/4/2022,Wind,1854,20,21,124
9/27/2022,Wind,12571,12,13,270
8/8/2025,Wind,1497,2,3,220
7/20/2021,Wind,2246,20,21,201
11/6/2023,Wind,9657,16,17,310
10/9/2022,Wind,2019,18,19,282
3/3/2021,Wind,1043,17,18,62
6/27/2021,Wind,3833,0,1,178
5/27/2024,Solar,6999,12,13,148
10/26/2021,Wind,2863,18,19,299
7/31/2020,Solar,5827,15,16,213
3/27/2023,Solar,7513,16,17,86
10/8/2023,Wind,1493,8,9,281
7/4/2020,Wind,12039,14,15,186
1/29/2025,Wind,6217,23,0,29
4/20/2025,Wind,4459,23,0,110
9/11/2022,Wind,587,7,8,254
2/15/2020,Wind,10985,15,16,46
5/14/2025,Wind,6132,23,0,134
3/5/2021,Wind,7772,10,11,64
10/26/2023,Wind,4909,1,2,299
10/24/2025,Wind,14684,1,2,297
10/27/2023,Wind,8268,2,3,300
6/16/2025,Solar,10527,15,16,167
1/7/2020,Wind,3967,3,4,7
7/22/2025,Wind,7645,0,1,203
3/15/2023,Solar,4554,9,10,74
10/6/2020,Wind,11671,11,12,280
10/15/2024,Wind,3772,7,8,289
2/18/2025,Wind,11327,19,20,49
11/25/2020,Wind,4090,14,15,330
5/22/2024,Wind,3024,23,0,143
1/22/2021,Wind,3354,10,11,22
9/10/2023,Solar,6517,16,17,253
2/14/2020,Wind,4429,19,20,45
1/11/2022,Solar,5018,12,13,11
4/6/2022,Wind,7764,10,11,96
12/19/2020,Wind,10892,10,11,354
1/24/2023,Wind,6696,12,13,24
7/1/2021,Solar,3022,18,19,182
10/25/2024,Wind,6893,12,13,299
11/14/2021,Wind,4665,12,13,318
4/17/2021,Wind,4834,4,5,107
8/6/2024,Wind,2097,22,23,219
8/23/2024,Wind,9509,2,3,236
2/26/2023,Wind,18051,17,18,57
1/7/2023,Wind,10262,5,6,7
6/3/2020,Wind,3683,23,0,155
10/11/2024,Solar,3556,17,18,285
9/26/2020,Wind,11246,9,10,270
6/11/2020,Wind,3909,22,23,163
1/28/2020,Wind,12987,10,11,28
1/21/2025,Wind,1210,0,1,21
2/7/2023,Wind,9517,11,12,38
8/17/2024,Wind,2408,22,23,230
4/7/2020,Wind,1971,19,20,98
11/18/2021,Wind,1817,8,9,322
10/19/2020,Wind,6659,18,19,293
10/13/2025,Wind,9362,17,18,286
1/18/2024,Wind,7755,8,9,18
12/9/2020,Wind,2518,3,4,344
5/18/2022,Solar,5814,11,12,138
11/26/2021,Wind,12653,14,15,330
4/21/2022,Wind,3354,4,5,111
11/16/2021,Wind,997,17,18,320
3/3/2025,Wind,3177,2,3,62
11/15/2021,Wind,1190,22,23,319
1/28/2024,Wind,9203,22,23,28
11/24/2020,Wind,3478,15,16,329
12/28/2020,Wind,8666,10,11,363
5/26/2021,Wind,8501,17,18,146
3/20/2023,Solar,8613,12,13,79
9/29/2023,Wind,6503,0,1,272
5/28/2024,Wind,12992,12,13,149
5/7/2023,Wind,1644,4,5,127
3/7/2020,Wind,5851,13,14,67
8/21/2025,Wind,9974,18,19,233
8/16/2023,Wind,2047,7,8,228
11/14/2020,Wind,9187,17,18,319
6/9/2024,Solar,2265,9,10,161
4/28/2024,Wind,7361,14,15,119
10/20/2025,Wind,13116,1,2,293
6/10/2025,Wind,1822,22,23,161
8/25/2022,Solar,4870,10,11,237
7/11/2025,Solar,13057,13,14,192
6/19/2020,Solar,2120,8,9,171
10/2/2023,Wind,2511,1,2,275
12/24/2024,Wind,3087,6,7,359
6/21/2024,Wind,8537,18,19,173
11/10/2024,Wind,699,3,4,315
6/9/2024,Solar,4699,16,17,161
9/16/2020,Solar,2486,10,11,260
4/19/2020,Wind,1476,0,1,110
5/22/2020,Wind,3981,4,5,143
1/13/2021,Wind,8363,14,15,13
8/26/2020,Wind,2102,22,23,239
1/3/2023,Wind,9035,15,16,3
6/1/2024,Wind,6325,0,1,153
12/27/2021,Wind,4859,4,5,361
3/10/2020,Wind,11560,19,20,70
1/12/2024,Wind,7101,10,11,12
5/13/2025,Wind,778,3,4,133
7/11/2023,Solar,9090,12,13,192
5/2/2024,Wind,10099,22,23,123
4/11/2024,Solar,7830,15,16,102
4/2/2024,Wind,12881,3,4,93
1/5/2020,Wind,1866,20,21,5
5/6/2025,Wind,10973,2,3,126
11/1/2024,Solar,5193,11,12,306
11/5/2021,Solar,4471,11,12,309
1/23/2022,Solar,5443,14,15,23
7/12/2021,Wind,2449,6,7,193
12/17/2021,Wind,7522,9,10,351
4/12/2025,Wind,9316,10,11,102
12/2/2022,Wind,6777,22,23,336
12/26/2023,Wind,4387,15,16,360
1/11/2024,Wind,7264,22,23,11
1/30/2022,Wind,1935,8,9,30
5/9/2021,Wind,6909,0,1,129
6/8/2024,Solar,3057,8,9,160
1/3/2022,Wind,9945,3,4,3
3/23/2021,Wind,2209,2,3,82
12/24/2020,Wind,10656,6,7,359
10/10/2024,Wind,3695,19,20,284
5/6/2023,Solar,6882,12,13,126
6/26/2021,Wind,185,4,5,177
9/17/2025,Wind,2855,21,22,260
4/24/2023,Wind,9691,16,17,114
9/6/2020,Solar,3044,10,11,250
9/6/2023,Wind,2295,5,6,249
4/17/2020,Wind,2140,2,3,108
3/20/2025,Wind,7679,16,17,79
7/16/2021,Wind,6977,11,12,197
3/18/2025,Wind,15177,10,11,77
9/25/2025,Wind,4486,17,18,268
2/22/2024,Wind,15643,23,0,53
6/20/2022,Solar,7456,13,14,171
6/12/2022,Solar,3007,8,9,163
3/9/2023,Wind,13804,18,19,68
5/9/2022,Wind,2226,6,7,129
5/5/2024,Wind,2579,7,8,126
12/4/2023,Wind,13712,7,8,338
8/4/2023,Solar,9711,14,15,216
4/6/2020,Wind,8031,3,4,97
9/15/2024,Wind,3382,5,6,259
4/5/2021,Wind,3346,3,4,95
1/27/2024,Wind,2096,3,4,27
3/12/2023,Wind,6830,4,5,71
6/8/2022,Wind,6976,21,22,159
2/17/2021,Wind,11476,13,14,48
8/16/2020,Wind,2149,1,2,229
7/7/2020,Solar,5078,12,13,189
10/31/2023,Wind,12274,13,14,304
2/11/2024,Wind,8630,20,21,42
6/12/2025,Solar,9373,10,11,163
10/28/2024,Wind,1027,4,5,302
7/11/2022,Wind,4311,23,0,192
12/25/2023,Wind,12990,19,20,359
3/27/2022,Solar,6255,12,13,86
2/14/2022,Wind,6512,23,0,45
1/29/2025,Wind,12896,6,7,29
3/12/2021,Wind,12379,0,1,71
7/5/2022,Wind,3640,2,3,186
8/19/2021,Solar,4835,13,14,231
8/5/2025,Solar,7071,12,13,217
8/28/2024,Wind,2348,22,23,241
12/27/2021,Wind,9445,16,17,361
9/18/2021,Wind,1168,2,3,261
9/23/2025,Wind,13351,14,15,266
3/20/2020,Wind,3577,6,7,80
4/27/2020,Wind,2626,17,18,118
3/22/2025,Wind,7212,16,17,81
6/12/2020,Wind,4286,4,5,164
9/12/2020,Wind,1147,1,2,256
4/18/2021,Solar,5661,11,12,108
7/10/2024,Solar,10399,13,14,192
10/7/2023,Wind,1898,6,7,280
12/8/2024,Wind,17304,8,9,343
3/17/2024,Wind,3960,4,5,77
9/19/2023,Wind,3900,3,4,262
10/21/2020,Wind,13322,9,10,295
9/16/2025,Wind,13968,16,17,259
7/8/2022,Wind,6914,18,19,189
8/29/2022,Wind,3839,20,21,241
3/7/2024,Wind,9031,9,10,67
6/16/2021,Wind,1787,19,20,167
10/21/2020,Wind,14414,10,11,295
1/10/2025,Wind,3643,6,7,10
3/27/2024,Wind,13594,23,0,87
1/20/2022,Wind,5272,19,20,20
10/23/2023,Wind,4431,20,21,296
11/13/2023,Wind,10550,2,3,317
10/24/2023,Wind,9197,13,14,297
9/13/2024,Solar,11435,15,16,257
5/8/2025,Wind,5647,3,4,128
6/26/2023,Solar,9710,12,13,177
8/17/2024,Solar,5446,16,17,230
3/9/2022,Wind,7922,15,16,68
11/29/2020,Wind,4505,4,5,334
5/23/2020,Wind,7295,19,20,144
11/4/2022,Wind,4294,23,0,308
6/2/2024,Wind,3481,23,0,154
12/16/2024,Wind,7735,10,11,351
2/6/2021,Wind,5019,20,21,37
11/9/2021,Wind,871,23,0,313
5/12/2022,Wind,5274,0,1,132
5/11/2020,Wind,11450,18,19,132
3/11/2021,Wind,15343,10,11,70
7/19/2021,Wind,7420,17,18,200
7/11/2020,Wind,4848,18,19,193
3/20/2024,Wind,1807,20,21,80
1/29/2025,Wind,13127,5,6,29
2/4/2024,Wind,6061,3,4,35
3/2/2025,Solar,12731,12,13,61
2/6/2025,Wind,3446,2,3,37
9/12/2024,Wind,3733,22,23,256
4/22/2020,Wind,4913,0,1,113
11/2/2020,Wind,12708,10,11,307
9/17/2022,Wind,8890,17,18,260
4/20/2025,Wind,8177,8,9,110
1/25/2021,Wind,4070,16,17,25
12/4/2020,Wind,9046,8,9,339
8/1/2023,Wind,16234,15,16,213
10/31/2022,Wind,12858,23,0,304
11/12/2022,Solar,5376,12,13,316
8/20/2023,Solar,6206,16,17,232
6/14/2023,Wind,3516,21,22,165
4/23/2022,Wind,7331,11,12,113
10/2/2023,Wind,4842,18,19,275
1/3/2024,Wind,18044,18,19,3
10/14/2021,Wind,2391,8,9,287
1/12/2020,Wind,7395,7,8,12
7/8/2023,Solar,4324,18,19,189
4/6/2025,Wind,10223,18,19,96
11/1/2021,Wind,8718,4,5,305
4/20/2023,Wind,12448,13,14,110
6/29/2024,Wind,3681,23,0,181
11/28/2022,Wind,3265,19,20,332
3/10/2024,Wind,2756,4,5,70
3/28/2021,Wind,3508,3,4,87
8/25/2023,Wind,2215,1,2,237
10/19/2021,Wind,10753,22,23,292
9/2/2024,Solar,4316,9,10,246
5/23/2023,Wind,6042,7,8,143
5/3/2020,Wind,1977,4,5,124
5/9/2024,Wind,3813,4,5,130
5/17/2024,Solar,3361,8,9,138
2/12/2023,Wind,2940,6,7,43
7/29/2025,Solar,10808,16,17,210
9/29/2021,Wind,2764,23,0,272
7/4/2020,Wind,7973,20,21,186
12/27/2022,Wind,9837,20,21,361
11/12/2024,Wind,9736,5,6,317
9/6/2022,Wind,2980,22,23,249
11/26/2025,Solar,6772,11,12,330
5/20/2020,Solar,5433,13,14,141
8/30/2025,Wind,4447,5,6,242
4/14/2024,Solar,5047,17,18,105
9/30/2021,Wind,6986,16,17,273
8/25/2024,Wind,6839,2,3,238
3/23/2024,Wind,15588,17,18,83
3/7/2022,Wind,10522,14,15,66
8/29/2021,Solar,7380,13,14,241
5/3/2020,Solar,4316,16,17,124
3/4/2025,Wind,2904,6,7,63
8/19/2022,Wind,4511,19,20,231
11/5/2024,Wind,91,21,22,310
11/26/2020,Solar,3501,13,14,331
11/22/2023,Wind,4282,20,21,326
3/30/2021,Wind,2984,6,7,89
9/25/2025,Wind,3047,7,8,268
8/31/2022,Solar,4337,10,11,243
1/15/2024,Wind,3779,8,9,15
8/19/2022,Wind,2570,6,7,231
7/17/2022,Solar,8145,11,12,198
2/14/2022,Wind,11199,8,9,45
12/7/2020,Wind,1051,0,1,342
1/3/2025,Wind,3705,20,21,3
10/10/2024,Wind,8274,6,7,284
7/13/2024,Solar,2289,19,20,195
10/13/2021,Solar,4051,10,11,286
2/19/2021,Wind,5554,7,8,50
3/8/2025,Wind,12639,20,21,67
11/3/2020,Wind,3571,22,23,308
6/6/2024,Wind,2561,22,23,158
9/30/2024,Wind,11102,16,17,274
4/11/2020,Wind,3011,2,3,102
6/29/2022,Solar,2385,8,9,180
6/15/2021,Solar,2124,8,9,166
8/14/2022,Wind,4666,2,3,226
5/5/2022,Wind,2050,3,4,125
8/7/2022,Wind,6195,20,21,219
8/31/2024,Solar,7347,16,17,244
6/23/2022,Wind,3896,18,19,174
8/10/2025,Wind,3182,7,8,222
6/7/2020,Wind,2147,6,7,159
1/1/2021,Wind,998,4,5,1
1/25/2021,Wind,6191,2,3,25
8/20/2022,Wind,981,23,0,232
3/8/2021,Wind,2943,22,23,67
10/11/2023,Wind,7262,23,0,284
12/31/2020,Wind,5746,1,2,366
3/31/2021,Wind,3600,9,10,90
8/23/2020,Wind,8729,13,14,236
12/1/2021,Wind,5719,21,22,335
1/11/2024,Wind,8407,14,15,11
4/19/2022,Wind,4160,21,22,109
7/30/2023,Wind,5928,22,23,211
5/20/2025,Wind,8914,18,19,140
6/13/2025,Solar,8341,17,18,164
4/30/2025,Solar,5410,12,13,120
7/6/2022,Solar,7868,14,15,187
6/7/2020,Solar,3437,10,11,159
2/19/2021,Wind,6776,16,17,50
5/11/2024,Wind,6497,0,1,132
7/7/2021,Solar,5172,12,13,188
7/20/2020,Solar,5919,14,15,202
2/24/2025,Wind,9544,16,17,55
4/15/2020,Wind,3450,20,21,106
6/2/2023,Wind,7517,6,7,153
1/19/2023,Wind,3478,2,3,19
11/16/2021,Wind,1157,19,20,320
7/1/2025,Wind,1055,4,5,182
2/21/2023,Wind,3045,9,10,52
8/9/2024,Wind,5677,7,8,222
3/25/2020,Wind,4738,9,10,85
9/19/2024,Wind,15959,15,16,263
8/24/2025,Wind,3236,21,22,236
3/4/2022,Wind,3151,18,19,63
7/21/2023,Wind,3094,21,22,202
7/4/2025,Solar,5949,18,19,185
1/3/2024,Wind,17121,7,8,3
9/14/2025,Wind,13786,18,19,257
6/30/2024,Wind,3727,2,3,182
12/19/2023,Wind,12111,16,17,353
3/26/2022,Wind,13203,13,14,85
2/9/2021,Wind,1784,5,6,40
2/5/2025,Wind,2214,3,4,36
5/31/2025,Wind,1059,5,6,151
10/31/2021,Wind,10139,7,8,304
4/27/2025,Solar,4067,14,15,117
2/13/2022,Wind,15035,21,22,44
6/23/2024,Wind,2326,5,6,175
4/21/2025,Solar,8025,11,12,111
3/16/2021,Wind,3210,5,6,75
4/29/2023,Wind,1638,2,3,119
12/23/2022,Wind,12401,20,21,357
1/30/2021,Wind,6987,16,17,30
7/30/2020,Wind,2163,1,2,212
5/5/2021,Wind,8828,18,19,125
2/4/2021,Wind,3467,23,0,35
1/19/2021,Wind,11722,9,10,19
7/21/2023,Wind,3035,23,0,202
6/8/2023,Wind,4806,4,5,159
5/14/2023,Wind,3817,21,22,134
6/19/2025,Wind,4893,6,7,170
5/18/2023,Solar,7144,10,11,138
2/15/2025,Wind,5705,7,8,46
11/20/2024,Wind,9330,12,13,325
9/22/2020,Solar,2638,15,16,266
12/15/2024,Wind,8504,17,18,350
11/20/2024,Wind,5746,8,9,325
6/14/2023,Wind,4779,0,1,165
3/11/2022,Wind,11304,17,18,70
4/28/2023,Wind,6113,18,19,118
4/1/2024,Wind,9631,14,15,92
9/13/2023,Solar,5717,14,15,256
5/29/2021,Solar,4347,10,11,149
4/1/2024,Wind,9379,19,20,92
12/3/2021,Wind,2724,2,3,337
11/9/2023,Wind,13237,18,19,313
1/13/2023,Wind,14510,7,8,13
1/22/2023,Wind,5974,8,9,22
4/13/2020,Wind,5354,7,8,104
6/29/2022,Wind,1211,3,4,180
4/29/2020,Wind,6006,20,21,120
10/5/2021,Wind,12713,14,15,278
8/27/2025,Wind,3210,8,9,239
6/23/2023,Wind,1872,4,5,174
5/4/2021,Wind,13020,4,5,124
5/3/2021,Wind,632,3,4,123
9/10/2023,Wind,3759,2,3,253
7/22/2024,Solar,7974,10,11,204
6/20/2020,Wind,1472,20,21,172
9/1/2024,Wind,4179,1,2,245
8/7/2023,Solar,9917,15,16,219
8/9/2022,Wind,7289,19,20,221
5/11/2021,Wind,2157,0,1,131
2/5/2021,Wind,2434,23,0,36
11/23/2024,Wind,19392,14,15,328
2/4/2025,Wind,3899,18,19,35
12/24/2020,Wind,11579,0,1,359
6/19/2023,Solar,5286,11,12,170
2/24/2024,Wind,7785,6,7,55
11/20/2023,Wind,8192,20,21,324
10/26/2021,Wind,3866,10,11,299
9/3/2021,Solar,1713,18,19,246
8/21/2022,Wind,603,2,3,233
5/17/2024,Wind,897,22,23,138
3/5/2024,Wind,3263,20,21,65
5/24/2023,Wind,5947,7,8,144
9/13/2020,Solar,3974,12,13,257
10/7/2021,Wind,1888,2,3,280
10/26/2025,Wind,9730,3,4,299
11/13/2024,Wind,5232,19,20,318
3/5/2025,Wind,2433,0,1,64
3/17/2022,Wind,5222,0,1,76
11/3/2022,Wind,10595,8,9,307
4/22/2023,Wind,6589,18,19,112
9/6/2024,Solar,6409,15,16,250
8/23/2021,Wind,7555,17,18,235
2/6/2020,Solar,4784,14,15,37
10/24/2020,Wind,11731,21,22,298
4/6/2021,Wind,4798,9,10,96
11/12/2020,Wind,7385,3,4,317
4/22/2021,Wind,5855,5,6,112
6/18/2021,Wind,3480,22,23,169
12/6/2022,Wind,2155,21,22,340
11/17/2021,Wind,1951,4,5,321
10/18/2025,Solar,8416,10,11,291
4/15/2020,Wind,6207,2,3,106
2/17/2020,Wind,10239,22,23,48
3/16/2025,Wind,8436,4,5,75
5/9/2021,Wind,7771,3,4,129
8/12/2020,Wind,2236,8,9,225
10/13/2021,Wind,2205,22,23,286
9/11/2024,Wind,5700,21,22,255
11/7/2024,Wind,2657,8,9,312
3/31/2020,Wind,7111,23,0,91
10/18/2023,Wind,11888,9,10,291
12/30/2021,Wind,8676,5,6,364
6/5/2021,Solar,4441,9,10,156
2/18/2024,Wind,13623,14,15,49
8/7/2020,Solar,3922,11,12,220
2/12/2024,Wind,3745,22,23,43
3/9/2024,Wind,11240,4,5,69
9/5/2022,Wind,3208,8,9,248
10/14/2020,Wind,1902,3,4,288
10/12/2023,Solar,9093,13,14,285
12/20/2023,Wind,9136,0,1,354
11/28/2021,Wind,5114,22,23,332
8/29/2024,Wind,2495,3,4,242
4/22/2023,Wind,6597,9,10,112
10/2/2024,Solar,5400,14,15,276
5/25/2023,Wind,14511,11,12,145
1/21/2024,Wind,14481,17,18,21
5/21/2020,Wind,2748,0,1,142
3/4/2023,Wind,3131,18,19,63
3/21/2022,Wind,5460,9,10,80
1/2/2023,Wind,5987,10,11,2
1/20/2023,Wind,5467,20,21,20
7/22/2023,Wind,2381,7,8,203
11/17/2025,Wind,8893,9,10,321
1/15/2025,Wind,3441,22,23,15
10/15/2023,Wind,3213,18,19,288
7/5/2024,Solar,11741,15,16,187
8/15/2024,Solar,8514,17,18,228
10/1/2021,Wind,9911,13,14,274
1/21/2022,Wind,4963,4,5,21
12/19/2022,Wind,13202,7,8,353
8/13/2025,Wind,1029,5,6,225
12/22/2021,Wind,3623,9,10,356
5/26/2025,Wind,10107,17,18,146
3/19/2024,Wind,1227,21,22,79
1/17/2022,Wind,1358,1,2,17
10/15/2023,Wind,3573,19,20,288
2/16/2025,Solar,8762,12,13,47
10/7/2022,Wind,1154,2,3,280
9/15/2021,Wind,1977,4,5,258
3/6/2025,Wind,10880,22,23,65
12/9/2021,Wind,5400,15,16,343
1/2/2023,Wind,11969,0,1,2
4/17/2021,Wind,5520,23,0,107
7/30/2021,Wind,1817,2,3,211
8/24/2020,Wind,1914,19,20,237
5/15/2020,Wind,7329,3,4,136
11/24/2023,Wind,11600,16,17,328
9/6/2023,Wind,3137,22,23,249
11/3/2025,Wind,8685,16,17,307
10/27/2025,Wind,15610,16,17,300
6/28/2025,Wind,1627,0,1,179
6/10/2025,Wind,1674,3,4,161
5/31/2022,Wind,1818,2,3,151
10/14/2020,Wind,7046,14,15,288
8/14/2023,Wind,2587,7,8,226
7/23/2020,Wind,1527,4,5,205
4/16/2022,Solar,10869,12,13,106
4/16/2025,Wind,4853,18,19,106
6/5/2021,Wind,2191,0,1,156
4/24/2020,Wind,2176,22,23,115
11/23/2023,Wind,7931,12,13,327
11/10/2023,Wind,12591,4,5,314
9/24/2024,Wind,8855,9,10,268
2/22/2025,Wind,10495,15,16,53
5/5/2025,Wind,9828,5,6,125
3/5/2025,Solar,8585,10,11,64
6/28/2024,Wind,3214,4,5,180
10/16/2020,Wind,4358,11,12,290
1/6/2023,Wind,7744,5,6,6
9/5/2022,Wind,2599,5,6,248
11/25/2022,Wind,6116,12,13,329
12/14/2020,Wind,9700,0,1,349
12/23/2023,Wind,14222,9,10,357
10/4/2022,Wind,937,19,20,277
8/26/2020,Wind,8615,7,8,239
10/7/2023,Wind,1790,2,3,280
1/26/2020,Wind,3118,9,10,26
1/5/2022,Wind,4018,20,21,5
11/26/2025,Wind,2920,20,21,330
6/15/2022,Wind,2879,22,23,166
9/26/2021,Wind,2233,1,2,269
7/28/2023,Wind,3768,21,22,209
6/4/2022,Wind,3189,8,9,155
1/10/2020,Wind,6407,10,11,10
9/30/2024,Wind,12240,4,5,274
10/1/2024,Wind,7834,5,6,275
11/18/2025,Wind,8784,21,22,322
4/3/2024,Wind,11683,23,0,94
10/31/2025,Wind,10049,2,3,304
2/22/2025,Wind,10894,2,3,53
7/27/2023,Wind,16122,14,15,208
9/17/2024,Wind,13680,18,19,261
12/6/2021,Wind,3931,10,11,340
11/25/2023,Wind,8586,2,3,329
2/26/2021,Wind,3948,10,11,57
7/3/2020,Wind,2522,23,0,185
3/19/2024,Wind,1178,1,2,79
11/12/2021,Solar,4637,12,13,316
9/20/2023,Wind,14551,16,17,263
1/23/2022,Wind,3865,16,17,23
9/30/2024,Wind,20041,12,13,274
11/11/2020,Wind,7638,22,23,316
1/17/2021,Wind,5008,4,5,17
11/26/2020,Wind,2436,6,7,331
9/14/2023,Wind,710,5,6,257
12/17/2020,Wind,5368,7,8,352
11/10/2022,Wind,3142,17,18,314
7/2/2022,Wind,1832,22,23,183
3/17/2023,Wind,9108,9,10,76
3/29/2023,Solar,9902,12,13,88
6/27/2025,Solar,9500,11,12,178
2/9/2025,Wind,3088,5,6,40
9/18/2020,Wind,6021,14,15,262
11/18/2024,Wind,9481,7,8,323
4/19/2022,Solar,4623,11,12,109
11/27/2020,Wind,2632,10,11,332
11/16/2020,Wind,9214,11,12,321
2/12/2020,Wind,9274,2,3,43
7/15/2021,Wind,7907,0,1,196
11/27/2025,Wind,6967,4,5,331
8/5/2024,Solar,8671,14,15,218
5/16/2021,Wind,9142,20,21,136
2/24/2021,Wind,6699,21,22,55
3/5/2020,Wind,5871,6,7,65
6/3/2024,Wind,3047,1,2,155
2/6/2025,Wind,5595,7,8,37
9/2/2023,Wind,2089,2,3,245
11/14/2022,Wind,4420,16,17,318
1/31/2020,Wind,6229,9,10,31
6/13/2021,Wind,2420,7,8,164
8/14/2024,Wind,3688,19,20,227
5/25/2024,Solar,3720,18,19,146
12/27/2020,Wind,7389,22,23,362
4/1/2020,Solar,5326,13,14,92
1/18/2023,Wind,5216,18,19,18
3/13/2021,Wind,11499,23,0,72
7/25/2024,Solar,4811,9,10,207
12/25/2024,Solar,3467,11,12,360
6/23/2023,Wind,1435,6,7,174
4/22/2022,Solar,8327,14,15,112
3/16/2020,Wind,3423,14,15,76
6/6/2022,Wind,2710,1,2,157
12/11/2021,Wind,10034,0,1,345
10/12/2021,Wind,2616,8,9,285
4/8/2025,Solar,9010,11,12,98
7/30/2025,Solar,7443,11,12,211
12/19/2020,Wind,11340,8,9,354
7/6/2023,Solar,7124,13,14,187
6/13/2021,Solar,4905,15,16,164
7/11/2020,Solar,4169,10,11,193
9/4/2020,Solar,2508,18,19,248
8/18/2020,Wind,697,21,22,231
6/23/2024,Solar,3387,19,20,175
12/18/2020,Wind,5793,5,6,353
10/4/2025,Wind,17093,6,7,277
3/12/2024,Wind,8894,22,23,72
10/21/2024,Wind,5133,9,10,295
3/11/2025,Wind,4647,22,23,70
8/6/2021,Wind,12722,13,14,218
1/25/2025,Wind,5523,15,16,25
3/12/2020,Wind,10434,3,4,72
12/28/2021,Wind,12227,1,2,362
6/8/2023,Wind,4772,7,8,159
10/3/2024,Wind,11198,11,12,277
1/18/2023,Wind,5226,19,20,18
6/6/2022,Wind,1864,4,5,157
12/8/2021,Wind,5364,18,19,342
3/15/2020,Wind,3727,1,2,75
3/18/2022,Wind,14015,12,13,77
3/11/2022,Wind,10416,20,21,70
2/6/2025,Wind,12071,16,17,37
4/23/2022,Wind,5823,0,1,113
2/13/2023,Solar,6344,14,15,44
12/26/2023,Wind,2721,20,21,360
8/24/2020,Wind,2460,0,1,237
10/29/2020,Wind,8549,13,14,303
5/24/2022,Wind,1737,23,0,144
10/21/2024,Wind,4204,8,9,295
4/16/2022,Wind,8184,18,19,106
5/16/2022,Solar,1701,19,20,136
5/19/2024,Wind,1146,23,0,140
10/9/2022,Solar,3480,17,18,282
5/19/2022,Wind,7130,10,11,139
7/1/2022,Wind,2336,7,8,182
5/9/2023,Wind,4052,8,9,129
2/3/2022,Wind,2472,16,17,34
6/6/2021,Solar,5111,14,15,157
9/20/2021,Wind,1552,4,5,263
5/8/2024,Wind,4590,19,20,129
5/31/2020,Wind,6587,17,18,152
3/27/2022,Wind,2412,22,23,86
9/12/2022,Wind,2581,18,19,255
8/18/2024,Solar,8765,11,12,231
5/4/2020,Solar,5337,15,16,125
10/23/2024,Wind,1709,6,7,297
2/10/2022,Wind,5360,6,7,41
4/8/2020,Solar,2595,17,18,99
9/2/2022,Wind,2750,1,2,245
5/22/2022,Wind,2963,2,3,142
1/28/2022,Wind,1216,8,9,28
7/12/2021,Wind,2454,5,6,193
11/5/2023,Wind,14785,1,2,309
2/12/2024,Wind,2207,7,8,43
6/9/2024,Wind,3499,4,5,161
5/3/2023,Wind,8694,18,19,123
2/22/2025,Wind,10315,9,10,53
11/23/2024,Wind,9018,3,4,328
4/20/2024,Wind,6161,23,0,111
1/14/2022,Solar,2655,10,11,14
12/22/2024,Wind,18534,14,15,357
1/1/2023,Wind,9041,16,17,1
7/31/2023,Wind,8004,6,7,212
6/19/2021,Solar,4434,15,16,170
6/15/2025,Wind,2381,7,8,166
7/13/2023,Solar,8460,11,12,194
11/20/2022,Wind,11679,14,15,324
7/29/2023,Wind,11633,16,17,210
6/26/2024,Solar,5746,17,18,178
5/27/2025,Wind,6782,2,3,147
5/17/2023,Solar,12591,11,12,137
11/5/2021,Wind,3138,8,9,309
9/20/2024,Wind,6343,9,10,264
8/2/2023,Wind,20359,15,16,214
5/13/2024,Wind,6358,23,0,134
12/25/2024,Wind,1322,16,17,360
9/29/2020,Wind,1250,18,19,273
2/4/2021,Wind,2756,9,10,35
1/26/2021,Wind,5374,12,13,26
3/2/2023,Solar,5920,11,12,61
8/29/2020,Wind,3168,0,1,242
8/28/2020,Wind,8716,14,15,241
5/10/2023,Wind,7126,8,9,130
4/24/2023,Wind,8130,17,18,114
4/19/2022,Wind,2920,2,3,109
4/23/2022,Wind,8065,13,14,113
9/25/2025,Wind,3175,1,2,268
5/17/2023,Solar,10667,10,11,137
3/17/2020,Wind,596,21,22,77
7/6/2023,Solar,6939,12,13,187
4/9/2020,Solar,2595,9,10,100
5/1/2023,Solar,7715,12,13,121
4/21/2023,Solar,4021,18,19,111
5/5/2023,Wind,1319,22,23,125
4/24/2020,Wind,1022,1,2,115
7/17/2023,Solar,9207,12,13,198
11/6/2020,Wind,6817,18,19,311
3/17/2020,Solar,1714,9,10,77
7/28/2020,Wind,3211,7,8,210
7/19/2022,Wind,5940,6,7,200
7/9/2020,Wind,5677,18,19,191
6/24/2023,Wind,3270,7,8,175
11/27/2021,Wind,9185,10,11,331
2/12/2022,Solar,7521,14,15,43
11/6/2021,Wind,2796,4,5,310
2/14/2021,Wind,9763,15,16,45
6/24/2024,Solar,5797,18,19,176
4/4/2020,Wind,3591,9,10,95
10/23/2022,Wind,6954,0,1,296
12/10/2023,Wind,15601,20,21,344
5/26/2023,Wind,7754,21,22,146
5/22/2025,Wind,5574,20,21,142
12/27/2021,Wind,3966,1,2,361
6/27/2022,Wind,1238,6,7,178
3/24/2022,Solar,4803,16,17,83
9/27/2020,Wind,8052,18,19,271
5/2/2022,Wind,2029,6,7,122
1/5/2020,Wind,2245,9,10,5
2/15/2021,Wind,9792,0,1,46
1/16/2024,Wind,2010,1,2,16
1/16/2025,Wind,3827,16,17,16
6/20/2025,Solar,11681,14,15,171
5/14/2023,Wind,3884,8,9,134
6/16/2025,Solar,6557,9,10,167
2/4/2021,Wind,2798,17,18,35
10/22/2023,Wind,8628,3,4,295
5/19/2024,Solar,2455,10,11,140
5/17/2022,Solar,4347,9,10,137
6/4/2022,Solar,5828,15,16,155
2/22/2025,Wind,10238,5,6,53
12/7/2021,Wind,12122,14,15,341
9/6/2024,Solar,4893,17,18,250
7/12/2022,Wind,2572,6,7,193
11/15/2024,Solar,4951,14,15,320
3/22/2020,Wind,10827,13,14,82
9/30/2023,Wind,889,7,8,273
8/15/2025,Wind,4242,1,2,227
1/7/2023,Wind,15880,14,15,7
2/28/2024,Wind,3703,2,3,59
4/15/2023,Wind,13143,17,18,105
4/1/2021,Solar,6405,15,16,91
9/22/2025,Wind,15222,12,13,265
3/29/2023,Wind,4865,2,3,88
2/7/2021,Wind,4598,8,9,38
8/3/2022,Solar,3379,18,19,215
3/11/2022,Wind,12628,16,17,70
9/22/2021,Wind,1945,20,21,265
7/24/2024,Wind,1089,6,7,206
4/2/2025,Wind,15030,18,19,92
8/1/2024,Wind,1649,0,1,214
2/15/2020,Wind,8611,9,10,46
12/28/2020,Wind,9395,16,17,363
6/30/2023,Solar,8565,13,14,181
5/31/2022,Wind,2131,0,1,151
6/21/2024,Wind,1717,6,7,173
8/5/2021,Wind,9475,17,18,217
5/13/2022,Solar,6107,16,17,133
12/19/2022,Wind,14450,11,12,353
4/21/2024,Wind,5871,7,8,112
11/2/2023,Wind,17146,0,1,306
11/4/2023,Wind,18105,13,14,308
11/29/2020,Wind,2659,16,17,334
1/4/2021,Wind,1589,7,8,4
12/23/2020,Wind,12177,22,23,358
12/28/2024,Wind,638,23,0,363
5/28/2020,Wind,6840,17,18,149
4/12/2020,Wind,978,0,1,103
12/15/2020,Wind,4427,21,22,350
3/21/2022,Wind,3512,18,19,80
12/31/2022,Wind,16435,19,20,365
5/31/2021,Solar,7096,15,16,151
11/13/2024,Wind,6882,4,5,318
4/9/2023,Solar,7478,12,13,99
2/22/2021,Wind,7591,1,2,53
2/25/2025,Wind,3644,4,5,56
12/19/2021,Wind,3022,18,19,353
11/24/2020,Wind,6768,23,0,329
9/10/2021,Wind,1997,22,23,253
4/13/2021,Wind,1796,1,2,103
8/4/2022,Wind,1586,0,1,216
5/4/2025,Wind,12606,18,19,124
8/29/2020,Wind,5103,14,15,242
7/19/2023,Wind,4118,8,9,200
12/4/2023,Wind,13158,3,4,338
12/4/2022,Wind,3430,4,5,338
6/13/2024,Wind,4639,20,21,165
5/7/2025,Wind,8947,1,2,127
8/28/2023,Wind,4554,19,20,240
8/5/2023,Wind,14188,20,21,217
1/18/2025,Wind,1157,3,4,18
5/23/2022,Wind,3636,0,1,143
11/30/2025,Wind,4387,6,7,334
10/7/2021,Solar,4917,16,17,280
3/12/2020,Wind,9223,6,7,72
1/20/2021,Wind,14624,15,16,20
8/5/2024,Wind,1034,22,23,218
10/23/2025,Wind,12997,3,4,296
10/20/2020,Wind,10003,6,7,294
5/5/2022,Solar,5897,12,13,125
1/23/2020,Wind,2779,22,23,23
7/7/2021,Solar,5429,13,14,188
7/25/2020,Wind,1543,1,2,207
7/18/2020,Wind,1515,1,2,200
9/26/2021,Wind,2281,6,7,269
4/29/2024,Wind,2419,1,2,120
9/19/2021,Wind,2332,22,23,262
8/30/2022,Wind,3592,4,5,242
9/16/2023,Solar,8664,13,14,259
6/22/2022,Wind,3887,1,2,173
4/19/2020,Wind,4931,19,20,110
4/9/2024,Wind,8756,22,23,100
3/11/2025,Wind,5580,17,18,70
10/1/2024,Wind,7164,9,10,275
8/16/2024,Wind,3335,19,20,229
9/5/2024,Wind,3657,1,2,249
9/29/2025,Solar,7678,11,12,272
5/24/2020,Wind,3046,5,6,145
4/15/2023,Wind,10771,10,11,105
6/7/2023,Wind,4685,3,4,158
9/2/2021,Wind,5612,17,18,245
1/2/2023,Wind,4218,22,23,2
11/4/2021,Wind,3606,16,17,308
12/6/2024,Wind,12425,11,12,341
12/13/2023,Wind,9180,4,5,347
11/30/2024,Solar,4668,13,14,335
9/16/2025,Wind,9715,6,7,259
3/3/2023,Wind,5832,20,21,62
2/17/2023,Wind,7265,3,4,48
7/19/2024,Wind,1551,3,4,201
5/9/2022,Solar,4782,10,11,129
4/8/2022,Wind,6382,9,10,98
8/30/2023,Wind,5549,19,20,242
2/15/2023,Solar,3695,16,17,46
6/9/2022,Solar,8567,16,17,160
2/13/2020,Wind,11612,6,7,44
3/20/2023,Solar,5436,16,17,79
11/15/2023,Wind,10772,14,15,319
12/12/2024,Wind,3318,22,23,347
5/14/2021,Wind,3668,21,22,134
5/18/2024,Solar,3617,9,10,139
10/24/2020,Wind,5673,0,1,298
11/19/2020,Wind,10362,11,12,324
5/17/2023,Wind,7939,0,1,137
8/19/2021,Solar,5079,14,15,231
8/7/2024,Solar,3763,9,10,220
8/10/2022,Wind,5109,7,8,222
5/30/2020,Wind,5257,0,1,151
10/14/2021,Wind,884,19,20,287
10/30/2020,Wind,8074,0,1,304
11/30/2021,Wind,12923,23,0,334
10/18/2024,Wind,5240,3,4,292
11/13/2021,Wind,5285,10,11,317
6/17/2023,Solar,6725,14,15,168
3/26/2021,Wind,5822,9,10,85
7/11/2022,Solar,8839,15,16,192
10/6/2022,Wind,1848,8,9,279
11/21/2020,Wind,2645,18,19,326
6/2/2020,Wind,1623,20,21,154
12/8/2021,Wind,7536,8,9,342
6/10/2021,Wind,1077,5,6,161
8/31/2021,Solar,8581,15,16,243
1/14/2022,Wind,891,8,9,14
4/17/2023,Solar,5631,9,10,107
4/28/2023,Wind,4743,4,5,118
2/2/2023,Wind,7966,16,17,33
5/26/2024,Wind,3079,22,23,147
3/17/2022,Wind,5041,18,19,76
6/12/2021,Wind,1612,5,6,163
8/22/2022,Wind,1343,23,0,234
4/13/2021,Wind,2747,5,6,103
5/25/2024,Wind,1939,22,23,146
7/23/2024,Wind,5296,4,5,205
10/22/2024,Solar,5151,14,15,296
9/8/2025,Wind,3247,1,2,251
2/5/2024,Wind,7250,0,1,36
11/2/2025,Wind,8891,0,1,306
5/30/2021,Wind,3606,20,21,150
7/18/2021,Wind,8491,15,16,199
10/4/2023,Wind,2909,8,9,277
12/16/2020,Wind,7854,20,21,351
11/18/2022,Wind,4771,15,16,322
8/6/2022,Wind,7487,19,20,218
8/10/2022,Wind,5582,5,6,222
4/8/2024,Wind,3115,4,5,99
12/30/2021,Wind,8402,14,15,364
11/27/2022,Wind,6863,16,17,331
4/25/2024,Wind,1051,3,4,116
2/7/2022,Wind,4624,21,22,38
5/29/2022,Wind,4550,7,8,149
11/26/2021,Wind,5880,9,10,330
3/6/2022,Wind,7259,20,21,65
4/9/2024,Wind,14993,18,19,100
7/5/2020,Wind,9243,19,20,187
11/8/2020,Solar,3198,14,15,313
7/3/2021,Wind,2200,4,5,184
8/18/2024,Wind,3802,21,22,231
2/3/2024,Wind,7256,15,16,34
2/22/2020,Wind,8212,5,6,53
8/24/2025,Solar,7445,17,18,236
1/31/2025,Wind,4032,7,8,31
1/29/2022,Wind,6295,6,7,29
5/16/2024,Wind,1985,4,5,137
9/9/2025,Wind,1712,5,6,252
5/7/2025,Wind,5970,22,23,127
11/4/2021,Wind,3125,5,6,308
8/26/2024,Solar,10162,14,15,239
5/24/2022,Wind,6008,5,6,144
8/21/2022,Solar,4032,17,18,233
11/3/2021,Wind,3933,8,9,307
4/8/2020,Solar,3264,16,17,99
8/30/2024,Wind,4148,8,9,243
6/30/2022,Wind,1528,0,1,181
8/27/2022,Solar,7198,12,13,239
11/5/2021,Solar,4648,12,13,309
5/3/2022,Wind,4519,2,3,123
6/14/2020,Wind,1888,20,21,166
10/9/2024,Wind,12523,0,1,283
11/24/2024,Wind,19513,20,21,329
12/17/2024,Wind,9136,20,21,352
4/2/2024,Wind,13180,4,5,93
9/2/2021,Wind,5765,5,6,245
12/29/2020,Wind,4269,8,9,364
3/16/2023,Wind,10081,20,21,75
2/4/2024,Wind,8459,19,20,35
4/20/2023,Wind,6268,18,19,110
3/23/2022,Solar,5419,9,10,82
3/5/2024,Wind,3141,19,20,65
1/17/2020,Wind,9390,2,3,17
9/7/2023,Wind,2893,1,2,250
12/23/2024,Wind,4916,22,23,358
6/23/2024,Solar,4090,14,15,175
9/27/2021,Wind,10123,11,12,270
7/18/2025,Wind,1564,2,3,199
12/10/2022,Wind,1533,4,5,344
4/19/2023,Wind,7115,18,19,109
5/30/2025,Solar,4444,15,16,150
11/15/2024,Solar,5039,10,11,320
8/22/2022,Wind,1609,3,4,234
6/14/2022,Solar,5556,16,17,165
1/29/2023,Wind,4213,20,21,29
12/1/2022,Wind,2895,23,0,335
12/5/2024,Wind,16688,18,19,340
10/16/2022,Wind,7022,20,21,289
8/21/2020,Wind,6690,3,4,234
12/22/2021,Wind,2824,6,7,356
7/21/2025,Wind,11030,6,7,202
1/2/2024,Wind,17248,5,6,2
4/11/2025,Wind,3644,7,8,101
8/2/2025,Solar,12289,15,16,214
4/2/2021,Wind,11290,19,20,92
3/13/2023,Wind,15437,8,9,72
11/2/2024,Wind,1771,2,3,307
5/16/2023,Wind,13805,11,12,136
9/22/2024,Wind,4071,18,19,266
10/28/2021,Wind,7333,10,11,301
8/31/2021,Wind,4199,1,2,243
2/6/2023,Wind,8096,1,2,37
10/3/2025,Wind,6874,9,10,276
7/8/2023,Wind,1493,20,21,189
11/7/2024,Wind,3966,15,16,312
8/1/2023,Wind,7412,20,21,213
12/4/2024,Wind,1527,4,5,339
3/18/2024,Wind,2921,8,9,78
12/30/2020,Wind,5298,19,20,365
5/20/2023,Wind,11018,13,14,140
2/23/2022,Wind,915,6,7,54
6/24/2024,Wind,3013,6,7,176
12/9/2020,Wind,4120,22,23,344
12/2/2020,Wind,3538,6,7,337
4/18/2025,Wind,7067,20,21,108
4/17/2022,Wind,5787,22,23,107
10/6/2020,Wind,11000,21,22,280
7/28/2024,Solar,7133,18,19,210
9/14/2021,Wind,2764,6,7,257
9/3/2025,Wind,13678,6,7,246
5/5/2025,Wind,12722,17,18,125
9/1/2020,Solar,4740,14,15,245
6/6/2022,Wind,1806,5,6,157
10/4/2020,Wind,8818,2,3,278
6/26/2021,Solar,633,7,8,177
6/2/2023,Wind,7043,2,3,153
2/15/2025,Wind,5875,4,5,46
1/29/2022,Wind,9123,10,11,29
2/13/2025,Wind,4432,20,21,44
9/19/2022,Solar,6983,11,12,262
6/29/2024,Wind,4100,3,4,181
7/11/2025,Solar,12811,12,13,192
3/7/2021,Solar,2799,14,15,66
3/7/2022,Wind,6613,4,5,66
6/17/2020,Wind,1500,20,21,169
3/14/2022,Wind,6130,2,3,73
5/2/2024,Wind,5050,2,3,123
3/8/2025,Wind,12431,22,23,67
5/5/2022,Wind,1715,6,7,125
6/23/2024,Wind,2581,0,1,175
2/14/2020,Wind,3683,8,9,45
8/2/2025,Wind,4270,1,2,214
5/5/2024,Wind,3256,1,2,126
4/30/2023,Wind,4169,9,10,120
2/9/2025,Wind,1709,17,18,40
8/11/2025,Solar,6420,18,19,223
3/10/2025,Wind,3471,8,9,69
4/3/2020,Wind,1256,19,20,94
2/1/2022,Wind,14323,14,15,32
4/9/2024,Wind,9329,21,22,100
5/2/2022,Wind,3754,19,20,122
10/8/2022,Wind,3051,0,1,281
11/11/2022,Wind,3328,6,7,315
10/5/2022,Wind,11975,11,12,278
5/26/2025,Solar,6702,14,15,146
2/16/2023,Wind,3973,4,5,47
12/14/2022,Wind,2542,15,16,348
2/14/2020,Wind,5860,12,13,45
3/13/2020,Wind,6097,7,8,73
12/7/2021,Wind,5489,8,9,341
9/23/2021,Wind,1224,19,20,266
9/5/2024,Wind,5710,6,7,249
11/16/2022,Wind,15448,22,23,320
3/12/2022,Wind,6239,6,7,71
2/19/2024,Wind,7758,17,18,50
3/8/2022,Wind,7990,10,11,67
9/7/2020,Solar,3027,9,10,251
9/6/2020,Solar,4473,15,16,250
1/21/2022,Wind,4551,8,9,21
9/16/2021,Solar,1635,10,11,259
4/6/2024,Wind,8976,18,19,97
11/12/2024,Wind,8188,1,2,317
10/19/2025,Wind,6818,2,3,292
5/13/2023,Wind,5777,22,23,133
12/8/2022,Wind,2632,21,22,342
3/22/2022,Solar,8531,11,12,81
12/25/2023,Wind,12985,15,16,359
2/6/2025,Wind,12160,20,21,37
2/7/2022,Wind,13497,2,3,38
1/18/2023,Wind,5234,16,17,18
1/26/2025,Wind,10365,1,2,26
5/4/2024,Wind,3298,23,0,125
6/4/2024,Wind,4473,23,0,156
1/18/2021,Wind,2915,8,9,18
11/22/2021,Wind,11582,15,16,326
2/28/2024,Wind,2370,6,7,59
11/12/2020,Wind,5105,9,10,317
8/24/2022,Solar,6402,12,13,236
11/8/2021,Solar,4153,14,15,312
1/14/2022,Wind,1127,5,6,14
6/3/2025,Wind,6959,13,14,154
1/1/2020,Wind,1323,15,16,1
5/19/2023,Wind,5256,5,6,139
7/3/2022,Wind,2890,20,21,184
6/16/2020,Wind,1468,23,0,168
2/19/2024,Wind,10225,12,13,50
1/9/2020,Wind,10944,21,22,9
6/12/2022,Wind,5222,18,19,163
4/11/2020,Wind,725,20,21,102
9/6/2022,Wind,3166,4,5,249
6/8/2020,Wind,1496,1,2,160
12/13/2022,Wind,6816,3,4,347
10/7/2024,Wind,7138,15,16,281
8/13/2024,Wind,1600,0,1,226
5/26/2024,Wind,5565,8,9,147
8/19/2024,Solar,9088,15,16,232
11/4/2023,Wind,15770,18,19,308
4/14/2021,Solar,5528,10,11,104
11/2/2023,Wind,15300,7,8,306
7/31/2023,Wind,10752,22,23,212
8/1/2022,Solar,3859,18,19,213
2/13/2025,Wind,1112,1,2,44
11/6/2021,Wind,2797,7,8,310
10/11/2025,Wind,5515,9,10,284
11/28/2020,Wind,3659,4,5,333
9/17/2025,Wind,3567,19,20,260
2/1/2024,Wind,1902,22,23,32
8/9/2025,Wind,1061,5,6,221
10/22/2021,Wind,2376,22,23,295
12/16/2022,Wind,6144,2,3,350
2/22/2022,Wind,14675,12,13,53
9/15/2023,Wind,4226,21,22,258
8/6/2021,Wind,2893,21,22,218
9/6/2024,Wind,1393,3,4,250
7/28/2025,Solar,11478,12,13,209
7/26/2024,Solar,6307,16,17,208
9/15/2021,Wind,2190,8,9,258
3/26/2025,Solar,7167,15,16,85
7/22/2025,Wind,1826,21,22,203
6/9/2020,Solar,4970,12,13,161
12/31/2022,Wind,17264,11,12,365
2/15/2025,Solar,7084,15,16,46
8/9/2020,Wind,3103,18,19,222
10/18/2023,Wind,11879,23,0,291
3/9/2023,Wind,15820,21,22,68
9/17/2023,Wind,5366,16,17,260
11/18/2023,Wind,12524,18,19,322
11/22/2020,Solar,3338,13,14,327
12/31/2024,Wind,8495,16,17,366
11/9/2025,Solar,7371,14,15,313
6/29/2021,Solar,5193,16,17,180
10/20/2025,Wind,16757,18,19,293
5/3/2024,Wind,2964,19,20,124
9/16/2025,Wind,3536,20,21,259
4/12/2025,Wind,11549,18,19,102
5/24/2021,Wind,12791,18,19,144
3/10/2025,Solar,6063,10,11,69
6/20/2021,Wind,3324,9,10,171
8/16/2020,Wind,1272,7,8,229
8/25/2023,Wind,2460,4,5,237
1/22/2025,Wind,5102,17,18,22
1/6/2025,Wind,18975,9,10,6
5/15/2023,Solar,9340,12,13,135
7/12/2020,Solar,4498,10,11,194
6/13/2024,Wind,5123,21,22,165
7/3/2025,Solar,9855,14,15,184
8/26/2024,Solar,8375,16,17,239
9/29/2025,Solar,8318,15,16,272
4/19/2020,Wind,2105,9,10,110
3/4/2023,Wind,4490,4,5,63
7/13/2021,Wind,7535,15,16,194
10/9/2025,Solar,5069,11,12,282
9/6/2021,Solar,3616,10,11,249
10/3/2025,Wind,10465,18,19,276
4/24/2024,Wind,10914,16,17,115
7/3/2023,Wind,6964,9,10,184
4/9/2020,Wind,894,1,2,100
8/8/2020,Wind,1875,1,2,221
9/26/2021,Solar,5531,15,16,269
12/25/2023,Wind,15160,11,12,359
4/2/2022,Wind,4539,22,23,92
12/14/2023,Wind,7047,5,6,348
1/23/2020,Wind,3347,16,17,23
10/15/2023,Solar,6957,15,16,288
5/31/2020,Wind,4859,6,7,152
3/29/2025,Wind,5649,21,22,88
10/8/2020,Wind,4432,22,23,282
2/17/2021,Wind,8531,2,3,48
5/11/2020,Wind,10139,5,6,132
9/5/2022,Wind,2789,7,8,248
7/7/2021,Wind,4006,3,4,188
10/12/2024,Wind,6023,6,7,286
6/20/2022,Wind,3009,4,5,171
10/26/2024,Wind,2152,7,8,300
5/18/2020,Wind,2064,3,4,139
8/2/2022,Wind,1397,0,1,214
1/14/2022,Wind,1410,2,3,14
7/25/2024,Solar,8796,16,17,207
5/26/2023,Solar,10688,11,12,146
8/22/2024,Solar,10231,10,11,235
3/22/2024,Wind,2130,5,6,82
10/26/2021,Wind,5120,16,17,299
7/19/2025,Wind,14450,13,14,200
7/28/2024,Wind,2348,6,7,210
2/1/2024,Wind,3444,15,16,32
12/26/2022,Wind,10092,13,14,360
7/30/2024,Solar,4665,17,18,212
8/18/2022,Wind,1182,2,3,230
4/16/2025,Solar,6246,17,18,106
11/15/2020,Wind,12149,21,22,320
2/26/2025,Wind,9755,9,10,57
2/20/2022,Wind,12571,7,8,51
2/20/2025,Wind,9967,9,10,51
2/27/2022,Wind,9685,3,4,58
12/31/2021,Wind,3904,18,19,365
7/28/2022,Solar,5588,12,13,209
4/28/2021,Wind,1371,2,3,118
12/23/2021,Wind,6602,5,6,357
3/14/2024,Wind,10690,23,0,74
7/14/2023,Solar,6490,9,10,195
10/18/2025,Wind,5140,4,5,291
4/7/2021,Wind,4251,3,4,97
1/14/2024,Solar,3639,13,14,14
4/18/2022,Wind,4344,3,4,108
6/1/2024,Wind,8993,9,10,153
4/24/2020,Solar,3799,15,16,115
3/13/2022,Wind,5913,18,19,72
2/23/2025,Wind,11643,12,13,54
11/6/2021,Solar,5852,12,13,310
4/4/2025,Wind,6218,15,16,94
2/10/2022,Solar,6325,13,14,41
8/15/2021,Wind,1057,2,3,227
6/22/2023,Wind,9306,14,15,173
2/23/2020,Wind,13480,10,11,54
3/10/2022,Wind,7481,22,23,69
8/14/2021,Wind,1478,0,1,226
6/5/2020,Wind,3542,3,4,157
5/22/2020,Wind,2177,21,22,143
8/26/2025,Wind,3405,20,21,238
7/5/2022,Wind,2105,7,8,186
3/30/2024,Solar,7615,13,14,90
1/4/2022,Wind,5975,11,12,4
8/19/2025,Solar,4540,10,11,231
8/12/2023,Wind,1596,3,4,224
3/23/2024,Wind,17377,10,11,83
7/7/2025,Wind,4873,23,0,188
1/20/2023,Wind,4641,10,11,20
3/2/2024,Wind,6629,16,17,62
1/5/2022,Wind,7511,14,15,5
9/12/2025,Wind,15434,13,14,255
2/8/2025,Wind,3104,18,19,39
4/11/2020,Wind,1900,7,8,102
1/23/2020,Wind,3556,18,19,23
9/30/2025,Wind,2872,8,9,273
5/1/2020,Wind,6712,22,23,122
8/10/2021,Solar,5911,13,14,222
9/16/2021,Solar,1495,18,19,259
10/27/2023,Wind,12650,12,13,300
11/11/2025,Wind,7897,3,4,315
3/24/2020,Wind,5774,7,8,84
10/20/2023,Wind,6907,17,18,293
10/29/2025,Wind,8506,15,16,302
11/21/2023,Wind,6703,16,17,325
3/26/2024,Wind,8261,20,21,86
6/30/2022,Wind,2522,20,21,181
12/25/2020,Wind,6542,4,5,360
6/26/2021,Solar,4697,15,16,177
8/4/2020,Wind,3666,0,1,217
8/22/2022,Wind,1927,2,3,234
4/17/2022,Solar,7694,16,17,107
1/7/2021,Wind,487,5,6,7
5/12/2025,Solar,5922,9,10,132
6/26/2024,Solar,4295,18,19,178
7/1/2025,Wind,778,2,3,182
6/9/2023,Wind,4644,5,6,160
8/24/2023,Wind,9861,17,18,236
7/28/2025,Solar,6834,9,10,209
8/15/2021,Wind,883,3,4,227
9/23/2024,Wind,9135,16,17,267
3/25/2024,Wind,10853,13,14,85
10/7/2025,Wind,1733,4,5,280
11/15/2020,Wind,10998,1,2,320
9/14/2023,Solar,6131,14,15,257
7/1/2024,Wind,1845,4,5,183
3/13/2022,Wind,10835,12,13,72
3/4/2021,Wind,3145,22,23,63
8/24/2022,Wind,956,5,6,236
6/6/2025,Wind,10880,18,19,157
12/30/2021,Wind,8720,9,10,364
4/1/2021,Wind,1907,2,3,91
8/6/2023,Wind,5369,22,23,218
6/13/2025,Wind,5374,19,20,164
10/10/2022,Wind,2196,19,20,283
9/20/2025,Wind,11616,18,19,263
9/8/2023,Solar,4384,17,18,251
12/30/2021,Wind,5452,22,23,364
3/30/2024,Wind,3497,7,8,90
5/8/2023,Solar,5446,17,18,128
4/25/2021,Wind,10262,11,12,115
7/15/2022,Wind,4379,4,5,196
11/26/2021,Wind,2597,1,2,330
10/15/2025,Wind,5351,23,0,288
1/18/2025,Solar,3129,10,11,18
3/16/2025,Wind,9489,16,17,75
10/18/2022,Solar,5808,14,15,291
2/10/2020,Wind,10052,4,5,41
4/25/2020,Wind,1788,5,6,116
5/18/2023,Wind,5769,5,6,138
4/16/2022,Wind,8150,23,0,106
3/29/2020,Wind,13965,10,11,89
3/28/2025,Wind,8242,20,21,87
12/18/2024,Wind,15999,9,10,353
3/9/2020,Wind,6477,8,9,69
5/22/2023,Wind,3806,0,1,142
11/2/2024,Solar,7954,13,14,307
3/7/2022,Wind,7417,0,1,66
1/25/2023,Wind,2111,8,9,25
1/15/2021,Wind,6240,9,10,15
5/19/2022,Wind,3542,5,6,139
10/24/2020,Wind,7495,6,7,298
10/28/2021,Wind,5807,8,9,301
1/8/2025,Wind,12892,21,22,8
4/4/2024,Wind,12543,0,1,95
12/18/2020,Wind,6733,8,9,353
9/25/2022,Solar,6102,15,16,268
10/19/2020,Wind,1464,3,4,293
2/6/2024,Wind,14493,11,12,37
4/18/2023,Wind,6520,6,7,108
5/2/2023,Wind,7162,18,19,122
6/26/2025,Wind,9995,9,10,177
9/18/2024,Wind,16325,16,17,262
11/22/2024,Wind,6061,1,2,327
3/20/2023,Wind,1521,1,2,79
1/13/2022,Wind,3054,1,2,13
6/15/2021,Wind,1611,5,6,166
1/9/2021,Wind,4051,9,10,9
2/15/2022,Wind,6687,0,1,46
3/18/2020,Solar,4055,12,13,78
8/31/2025,Wind,8549,1,2,243
11/23/2023,Wind,3718,8,9,327
9/12/2023,Solar,4437,12,13,255
9/10/2020,Wind,2030,21,22,254
7/11/2023,Solar,9554,15,16,192
9/15/2021,Solar,3942,13,14,258
5/21/2023,Wind,5307,9,10,141
4/15/2021,Solar,6346,10,11,105
11/26/2024,Wind,4935,19,20,331
10/14/2025,Wind,5919,5,6,287
3/22/2021,Wind,2993,18,19,81
2/9/2025,Solar,4315,10,11,40
7/14/2024,Solar,2477,8,9,196
2/5/2021,Wind,1998,16,17,36
8/26/2020,Wind,8678,6,7,239
4/27/2023,Wind,1206,4,5,117
3/6/2023,Wind,1228,0,1,65
5/12/2025,Wind,2951,1,2,132
2/6/2023,Wind,8670,15,16,37
8/4/2020,Solar,5625,14,15,217
3/1/2023,Wind,7713,21,22,60
10/1/2022,Wind,7629,22,23,274
11/17/2023,Wind,7387,13,14,321
10/2/2023,Wind,2482,5,6,275
2/26/2025,Wind,10324,1,2,57
12/12/2021,Wind,5469,0,1,346
9/8/2022,Wind,5147,20,21,251
5/26/2020,Wind,6931,17,18,147
3/10/2021,Wind,13439,23,0,69
5/24/2024,Wind,712,4,5,145
6/9/2020,Solar,5042,13,14,161
9/3/2023,Wind,4539,0,1,246
9/16/2020,Solar,3732,12,13,260
9/19/2024,Wind,8994,1,2,263
6/7/2023,Wind,5602,23,0,158
10/14/2023,Wind,14148,0,1,287
1/12/2022,Wind,2263,7,8,12
5/13/2022,Wind,1900,6,7,133
11/4/2021,Wind,2836,2,3,308
5/2/2020,Wind,5334,2,3,123
9/18/2022,Wind,3466,0,1,261
6/8/2023,Solar,8328,15,16,159
9/15/2022,Wind,1546,4,5,258
3/17/2023,Wind,8075,1,2,76
1/9/2025,Wind,13396,13,14,9
4/12/2024,Solar,4291,15,16,103
9/2/2024,Solar,5818,10,11,246
8/16/2020,Wind,1867,2,3,229
9/30/2020,Wind,1223,7,8,274
6/20/2022,Solar,6713,17,18,171
6/5/2021,Wind,2400,3,4,156
4/21/2022,Wind,6557,16,17,111
6/22/2024,Wind,6081,3,4,174
10/27/2024,Wind,1792,5,6,301
5/30/2023,Wind,9690,21,22,150
5/20/2024,Wind,1434,5,6,141
4/3/2025,Wind,6528,23,0,93
8/18/2025,Solar,8983,14,15,230
9/16/2022,Wind,5346,23,0,259
1/30/2020,Wind,5384,0,1,30
4/10/2022,Solar,5961,17,18,100
7/29/2024,Wind,2404,21,22,211
12/3/2020,Wind,3330,1,2,338
7/30/2022,Wind,936,6,7,211
10/20/2023,Wind,4769,3,4,293
8/17/2022,Solar,3938,17,18,229
7/7/2022,Wind,3488,1,2,188
12/27/2024,Wind,1298,6,7,362
9/13/2024,Wind,4267,23,0,257
5/20/2020,Solar,5220,15,16,141
9/19/2020,Wind,2449,21,22,263
2/19/2022,Wind,13745,22,23,50
6/22/2023,Wind,5018,10,11,173
12/17/2024,Wind,5399,16,17,352
3/4/2023,Wind,4916,2,3,63
1/19/2022,Wind,1605,3,4,19
6/8/2023,Solar,6235,9,10,159
9/10/2023,Solar,4930,17,18,253
4/29/2021,Wind,3791,11,12,119
11/19/2025,Wind,13285,16,17,323
11/6/2023,Wind,12593,9,10,310
7/18/2022,Solar,6471,11,12,199
9/15/2021,Wind,2419,2,3,258
5/8/2022,Wind,4118,8,9,128
5/27/2022,Solar,8174,15,16,147
10/4/2022,Wind,1168,20,21,277
6/19/2020,Wind,2319,1,2,171
6/12/2022,Solar,4684,10,11,163
10/8/2022,Wind,2465,9,10,281
5/24/2025,Wind,8852,19,20,144
9/30/2025,Wind,2697,20,21,273
7/6/2025,Wind,8639,20,21,187
7/6/2020,Wind,9681,15,16,188
8/11/2023,Wind,1918,7,8,223
8/20/2025,Wind,8881,16,17,232
4/19/2021,Wind,906,22,23,109
5/10/2021,Wind,7041,7,8,130
3/7/2021,Wind,2521,2,3,66
1/22/2021,Wind,3696,16,17,22
4/23/2021,Solar,5659,10,11,113
12/8/2021,Wind,9297,5,6,342
8/4/2020,Wind,1340,22,23,217
2/18/2023,Wind,8067,23,0,49
12/14/2022,Wind,2161,21,22,348
7/9/2023,Wind,2355,3,4,190
7/11/2024,Wind,1053,2,3,193
2/24/2020,Wind,11258,10,11,55
2/3/2021,Wind,9275,2,3,34
12/5/2022,Wind,1854,23,0,339
4/23/2023,Wind,6724,0,1,113
6/8/2021,Solar,4183,10,11,159
2/26/2023,Wind,20500,10,11,57
3/2/2024,Wind,12926,10,11,62
5/18/2024,Wind,713,1,2,139
8/30/2020,Wind,5251,11,12,243
9/29/2021,Wind,11739,14,15,272
8/3/2021,Wind,930,0,1,215
1/11/2023,Wind,14468,1,2,11
2/21/2024,Wind,15550,15,16,52
3/16/2020,Wind,3309,6,7,76
11/10/2020,Wind,805,21,22,315
11/8/2022,Wind,12163,1,2,312
11/14/2022,Wind,3659,2,3,318
2/15/2024,Wind,10200,18,19,46
11/3/2023,Wind,12874,0,1,307
1/24/2025,Wind,18114,8,9,24
1/2/2024,Wind,17307,0,1,2
8/4/2023,Wind,3747,21,22,216
7/18/2020,Wind,1750,23,0,200
7/21/2021,Wind,2191,4,5,202
3/31/2023,Wind,21172,15,16,90
1/5/2023,Wind,7199,12,13,5
3/27/2022,Wind,1675,19,20,86
9/24/2023,Solar,7784,10,11,267
7/7/2021,Wind,2231,20,21,188
5/18/2024,Wind,556,4,5,139
4/1/2022,Wind,13751,18,19,91
12/1/2023,Wind,2590,7,8,335
3/10/2024,Wind,975,18,19,70
3/2/2020,Wind,8827,20,21,62
9/19/2025,Solar,9787,10,11,262
12/21/2020,Wind,6095,1,2,356
6/30/2023,Wind,2629,4,5,181
5/13/2024,Solar,6365,12,13,134
11/25/2024,Wind,17724,2,3,330
6/2/2022,Wind,4438,23,0,153
3/1/2022,Solar,4347,10,11,60
9/12/2020,Solar,2461,9,10,256
5/8/2021,Wind,6309,19,20,128
9/25/2022,Wind,2749,2,3,268
3/6/2021,Wind,6040,9,10,65
1/15/2022,Wind,1036,21,22,15
11/17/2023,Wind,4109,7,8,321
7/5/2025,Wind,5175,20,21,186
6/12/2021,Solar,4821,12,13,163
7/31/2022,Wind,5209,19,20,212
3/20/2024,Solar,5622,15,16,80
4/23/2020,Wind,1746,7,8,114
5/9/2022,Wind,514,20,21,129
3/6/2024,Solar,5162,10,11,66
2/26/2021,Wind,2352,5,6,57
11/20/2025,Wind,7116,5,6,324
5/9/2020,Wind,1685,5,6,130
8/21/2025,Wind,3653,1,2,233
6/11/2025,Wind,5029,20,21,162
8/27/2022,Solar,6767,11,12,239
9/10/2023,Solar,8323,12,13,253
4/20/2023,Wind,8926,0,1,110
3/24/2021,Wind,1493,4,5,83
11/19/2022,Solar,5271,12,13,323
12/5/2024,Wind,16407,10,11,340
4/22/2025,Wind,2038,3,4,112
9/14/2021,Wind,1986,19,20,257
11/23/2020,Wind,245,3,4,328
2/3/2023,Wind,7659,16,17,34
11/2/2023,Wind,15164,4,5,306
5/29/2025,Solar,5853,14,15,149
1/12/2020,Wind,9137,12,13,12
8/28/2021,Wind,4826,20,21,240
12/11/2023,Wind,13562,0,1,345
8/20/2021,Wind,525,20,21,232
2/14/2024,Wind,10647,9,10,45
11/9/2022,Wind,4408,17,18,313
10/13/2020,Wind,4332,9,10,287
9/25/2023,Wind,525,21,22,268
10/8/2024,Wind,10208,7,8,282
8/16/2021,Wind,4074,2,3,228
4/25/2022,Wind,4334,9,10,115
6/5/2025,Wind,12352,22,23,156
5/30/2023,Solar,13676,12,13,150
8/22/2020,Wind,4955,3,4,235
12/9/2021,Wind,5379,16,17,343
1/25/2020,Solar,2654,12,13,25
5/16/2023,Wind,7661,1,2,136
10/28/2023,Wind,16187,11,12,301
6/19/2021,Wind,3276,0,1,170
2/14/2023,Solar,5164,15,16,45
3/21/2022,Solar,6419,10,11,80
9/22/2023,Wind,5871,21,22,265
10/17/2021,Wind,1752,1,2,290
7/29/2024,Wind,5316,4,5,211
2/9/2024,Wind,16307,4,5,40
3/17/2022,Wind,5469,13,14,76
4/2/2022,Wind,7493,19,20,92
9/25/2022,Wind,2772,7,8,268
9/26/2025,Solar,1324,18,19,269
10/28/2024,Wind,477,0,1,302
1/21/2023,Wind,7168,4,5,21
10/23/2024,Wind,2844,18,19,297
6/27/2020,Wind,4430,22,23,179
7/29/2020,Wind,708,20,21,211
7/9/2022,Solar,4215,9,10,190
12/31/2021,Wind,5884,4,5,365
3/1/2025,Wind,12156,10,11,60
2/16/2021,Wind,9342,23,0,47
1/13/2022,Wind,2614,7,8,13
2/14/2024,Wind,7478,20,21,45
11/9/2024,Wind,1560,2,3,314
3/2/2020,Wind,8017,2,3,62
6/18/2020,Wind,3276,19,20,170
9/8/2021,Wind,3479,18,19,251
4/16/2022,Wind,5476,8,9,106
1/26/2024,Wind,3375,18,19,26
9/5/2020,Solar,5374,15,16,249
11/28/2021,Wind,9221,6,7,332
12/13/2021,Solar,3477,12,13,347
4/7/2024,Wind,6864,19,20,98
10/23/2023,Wind,7522,7,8,296
10/26/2021,Wind,3013,19,20,299
4/25/2020,Solar,3420,10,11,116
12/10/2022,Wind,1455,7,8,344
9/7/2022,Wind,3796,21,22,250
9/10/2022,Wind,1212,23,0,253
1/31/2023,Wind,4810,9,10,31
5/24/2025,Wind,6806,22,23,144
10/18/2022,Solar,5685,12,13,291
11/8/2023,Wind,18274,13,14,312
11/18/2020,Wind,6191,17,18,323
12/7/2020,Wind,1923,10,11,342
3/30/2024,Wind,6296,17,18,90
5/13/2023,Wind,6102,9,10,133
12/19/2022,Wind,13925,15,16,353
5/27/2022,Solar,6760,12,13,147
4/18/2022,Solar,5569,13,14,108
2/7/2023,Wind,8388,4,5,38
6/13/2022,Wind,3562,4,5,164
5/20/2022,Wind,5745,9,10,140
8/31/2025,Wind,4739,8,9,243
7/16/2024,Wind,9494,8,9,198
6/22/2025,Wind,2524,22,23,173
12/6/2023,Wind,2268,21,22,340
8/29/2025,Wind,16980,12,13,241
5/24/2022,Wind,4509,18,19,144
9/10/2023,Wind,2891,23,0,253
4/14/2025,Solar,8284,15,16,104
2/14/2025,Solar,9622,12,13,45
5/24/2025,Wind,2417,1,2,144
7/19/2022,Solar,6985,10,11,200
11/30/2023,Wind,1459,23,0,334
2/3/2025,Wind,1663,0,1,34
7/2/2020,Wind,6989,17,18,184
3/29/2025,Wind,12588,15,16,88
10/20/2025,Wind,17019,21,22,293
7/11/2020,Wind,2387,8,9,193
8/13/2021,Solar,3071,10,11,225
5/13/2025,Wind,3028,19,20,133
5/28/2022,Wind,3736,7,8,148
5/25/2024,Solar,2497,19,20,146
3/1/2024,Wind,15488,16,17,61
2/1/2025,Solar,6265,12,13,32
1/29/2020,Wind,8656,11,12,29
6/24/2025,Wind,2381,6,7,175
7/25/2024,Wind,3757,19,20,207
12/12/2021,Wind,3406,15,16,346
7/30/2023,Wind,10162,10,11,211
8/10/2021,Solar,5674,12,13,222
4/19/2023,Wind,6801,6,7,109
9/12/2025,Wind,6028,21,22,255
3/14/2023,Wind,20075,13,14,73
8/19/2022,Solar,8025,13,14,231
8/28/2021,Wind,9387,16,17,240
3/3/2022,Solar,4140,12,13,62
2/19/2020,Wind,8496,12,13,50
3/9/2022,Wind,6290,22,23,68
8/25/2023,Wind,7231,10,11,237
8/26/2023,Wind,3633,18,19,238
1/5/2025,Wind,11792,2,3,5
6/15/2023,Solar,6607,17,18,166
6/22/2022,Solar,4827,10,11,173
7/28/2021,Wind,8959,12,13,209
8/9/2022,Wind,6809,2,3,221
9/19/2021,Wind,3579,0,1,262
6/5/2022,Wind,3284,22,23,156
5/17/2021,Wind,10855,1,2,137
1/6/2024,Wind,7362,22,23,6
6/22/2025,Wind,4620,8,9,173
5/24/2021,Wind,13322,15,16,144
12/16/2021,Wind,1969,4,5,350
9/9/2021,Wind,5286,14,15,252
11/28/2020,Wind,4754,23,0,333
6/5/2020,Wind,14071,15,16,157
11/15/2024,Wind,1821,16,17,320
9/13/2024,Solar,10679,16,17,257
7/19/2022,Wind,8845,17,18,200
6/17/2021,Wind,4974,2,3,168
2/22/2022,Wind,8837,21,22,53
1/17/2024,Wind,7330,20,21,17
4/8/2022,Wind,7881,2,3,98
10/30/2022,Wind,1624,18,19,303
7/9/2023,Solar,4410,9,10,190
6/2/2020,Solar,3384,11,12,154
7/21/2025,Wind,10394,4,5,202
10/18/2024,Wind,2532,18,19,292
9/2/2022,Wind,1024,22,23,245
5/27/2023,Solar,5976,14,15,147
3/15/2020,Wind,5982,8,9,75
10/23/2024,Wind,3405,9,10,297
12/25/2020,Wind,6570,9,10,360
3/12/2025,Wind,2248,21,22,71
3/3/2023,Wind,5856,21,22,62
10/10/2022,Wind,2564,22,23,283
6/24/2020,Wind,3766,8,9,176
10/26/2020,Wind,5700,2,3,300
1/10/2022,Wind,2603,21,22,10
9/3/2024,Wind,513,2,3,247
2/3/2021,Wind,9834,7,8,34
10/5/2020,Wind,9314,6,7,279
8/18/2021,Wind,3918,18,19,230
7/8/2021,Wind,1458,3,4,189
8/20/2022,Solar,6090,12,13,232
2/24/2023,Solar,6198,13,14,55
7/5/2025,Solar,6839,9,10,186
1/21/2024,Wind,11855,2,3,21
2/27/2021,Wind,8380,23,0,58
10/13/2024,Wind,2418,5,6,287
6/20/2022,Wind,4084,3,4,171
12/3/2023,Wind,6861,5,6,337
8/4/2021,Solar,3337,14,15,216
7/7/2020,Solar,3236,9,10,189
10/10/2023,Solar,6674,15,16,283
2/11/2020,Wind,12337,2,3,42
7/2/2021,Solar,4836,13,14,183
8/27/2024,Wind,2350,0,1,240
7/18/2022,Wind,3281,19,20,199
10/8/2025,Wind,2375,18,19,281
12/6/2023,Wind,3323,1,2,340
9/30/2024,Wind,15849,9,10,274
5/5/2022,Wind,2097,1,2,125
4/17/2020,Wind,2983,18,19,108
9/29/2020,Solar,3747,12,13,273
3/29/2023,Wind,9807,17,18,88
2/26/2025,Wind,7888,5,6,57
2/1/2025,Wind,3977,23,0,32
4/30/2025,Wind,3827,6,7,120
4/23/2021,Wind,6116,3,4,113
7/11/2022,Wind,3652,22,23,192
6/26/2020,Wind,3199,6,7,178
8/2/2025,Wind,4482,7,8,214
5/11/2025,Wind,4090,17,18,131
11/16/2021,Wind,1101,18,19,320
4/20/2021,Wind,1160,19,20,110
3/24/2022,Solar,6833,14,15,83
12/9/2020,Wind,2764,7,8,344
2/21/2020,Wind,5295,10,11,52
4/5/2025,Wind,8059,21,22,95
9/6/2024,Wind,764,0,1,250
4/5/2025,Wind,7492,4,5,95
7/13/2025,Wind,4224,0,1,194
3/9/2024,Wind,5774,21,22,69
4/7/2023,Wind,3276,19,20,97
8/2/2022,Solar,6726,12,13,214
6/17/2022,Solar,6767,14,15,168
8/14/2020,Solar,4993,14,15,227
12/3/2024,Wind,1073,20,21,338
10/13/2024,Wind,2745,22,23,287
8/29/2023,Wind,2934,0,1,241
2/22/2023,Wind,3066,4,5,53
9/8/2021,Wind,5438,5,6,251
5/5/2022,Solar,4537,10,11,125
11/4/2022,Wind,6522,7,8,308
7/16/2021,Wind,3250,23,0,197
7/23/2022,Wind,1348,7,8,204
3/18/2025,Wind,14023,15,16,77
9/21/2023,Wind,6683,22,23,264
4/24/2023,Wind,7316,9,10,114
9/3/2021,Wind,2116,7,8,246
9/2/2023,Wind,4684,23,0,245
10/20/2021,Wind,10876,6,7,293
3/12/2021,Wind,13614,23,0,71
10/3/2025,Wind,5127,6,7,276
9/19/2023,Wind,6877,23,0,262
2/17/2020,Wind,8444,1,2,48
10/17/2022,Wind,7788,6,7,290
1/5/2022,Wind,7616,3,4,5
7/17/2025,Solar,5531,9,10,198
9/22/2021,Wind,2088,18,19,265
6/20/2025,Solar,10259,11,12,171
2/18/2022,Wind,14791,15,16,49
4/3/2022,Wind,1510,22,23,93
10/16/2020,Wind,1636,18,19,290
10/6/2022,Wind,2090,5,6,279
4/28/2020,Wind,4946,23,0,119
3/13/2023,Wind,15758,23,0,72
5/26/2020,Wind,4408,21,22,147
9/29/2022,Wind,1419,6,7,272
6/29/2025,Wind,2696,4,5,180
6/26/2025,Wind,14264,12,13,177
5/26/2020,Wind,6277,18,19,147
9/7/2021,Wind,6012,17,18,250
10/16/2020,Wind,3142,5,6,290
6/20/2025,Wind,4161,22,23,171
12/2/2020,Wind,2577,14,15,337
4/3/2020,Solar,5002,13,14,94
6/19/2023,Solar,6321,12,13,170
7/14/2022,Wind,5239,21,22,195
3/17/2021,Wind,5437,21,22,76
12/8/2022,Wind,1242,3,4,342
12/12/2020,Wind,6484,19,20,347
9/15/2022,Wind,3250,18,19,258
11/19/2023,Wind,11720,6,7,323
3/8/2024,Wind,10265,11,12,68
11/13/2025,Wind,10591,18,19,317
3/22/2020,Wind,9593,21,22,82
5/22/2024,Wind,4611,1,2,143
7/25/2022,Wind,5596,23,0,206
1/1/2023,Wind,11283,1,2,1
12/11/2020,Wind,6767,1,2,346
7/1/2023,Wind,7440,5,6,182
5/3/2021,Wind,657,4,5,123
8/27/2020,Wind,7459,15,16,240
12/27/2023,Wind,13912,12,13,361
4/11/2024,Solar,5597,17,18,102
10/1/2021,Wind,4034,22,23,274
9/23/2025,Wind,12969,12,13,266
3/19/2021,Wind,7181,20,21,78
12/27/2020,Wind,8326,19,20,362
5/10/2021,Wind,4506,18,19,130
11/3/2020,Wind,3252,5,6,308
11/3/2024,Wind,2791,22,23,308
5/9/2021,Wind,8251,4,5,129
6/10/2025,Solar,7037,9,10,161
3/6/2024,Wind,2314,22,23,66
11/3/2020,Wind,7836,11,12,308
9/18/2021,Wind,1755,7,8,261
5/4/2020,Wind,4587,19,20,125
2/14/2022,Wind,6618,18,19,45
10/18/2020,Wind,522,18,19,292
11/11/2020,Wind,733,6,7,316
5/13/2024,Wind,3925,20,21,134
1/14/2025,Wind,2984,23,0,14
8/26/2022,Solar,5462,17,18,238
6/26/2020,Wind,3680,18,19,178
4/24/2025,Wind,4076,21,22,114
11/24/2025,Wind,9801,22,23,328
7/13/2023,Wind,2155,5,6,194
8/28/2021,Wind,3722,6,7,240
9/23/2025,Wind,12917,15,16,266
9/16/2022,Solar,4975,10,11,259
3/10/2022,Wind,4799,17,18,69
6/7/2025,Wind,9072,8,9,158
7/25/2025,Wind,2111,4,5,206
12/14/2020,Wind,6019,13,14,349
4/21/2021,Wind,5054,20,21,111
10/19/2022,Wind,7426,21,22,292
4/13/2025,Wind,4783,13,14,103
11/7/2025,Wind,2662,0,1,311
8/20/2024,Wind,3600,7,8,233
7/30/2024,Wind,2502,21,22,212
3/7/2023,Wind,6916,22,23,66
12/13/2020,Wind,4008,3,4,348
3/17/2023,Wind,12263,13,14,76
9/11/2023,Wind,1317,4,5,254
3/12/2023,Wind,6082,1,2,71
10/14/2020,Wind,5325,18,19,288
11/6/2025,Wind,6278,12,13,310
4/26/2024,Solar,5775,16,17,117
11/3/2024,Wind,3106,3,4,308
6/22/2022,Wind,1640,23,0,173
3/20/2020,Wind,8105,23,0,80
8/19/2025,Wind,4330,19,20,231
9/28/2021,Solar,3345,10,11,271
8/22/2021,Wind,8102,12,13,234
5/4/2024,Wind,9129,12,13,125
10/4/2024,Wind,4898,3,4,278
3/4/2022,Wind,3137,23,0,63
12/10/2022,Wind,1861,19,20,344
1/29/2025,Wind,15556,3,4,29
1/10/2021,Wind,4394,10,11,10
11/15/2020,Wind,10818,0,1,320
4/18/2020,Solar,2973,15,16,109
2/3/2022,Wind,2929,5,6,34
9/13/2022,Wind,2822,21,22,256
11/26/2024,Wind,3769,17,18,331
1/27/2021,Wind,5277,10,11,27
8/21/2025,Wind,10878,17,18,233
7/11/2025,Wind,4862,1,2,192
12/31/2022,Wind,15764,4,5,365
8/8/2023,Solar,7019,10,11,220
12/29/2020,Wind,3155,21,22,364
9/1/2021,Wind,9100,11,12,244
12/7/2020,Wind,910,5,6,342
10/4/2025,Wind,13739,15,16,277
6/19/2025,Wind,4974,5,6,170
9/3/2022,Wind,5467,17,18,246
7/1/2024,Solar,9539,16,17,183
9/18/2021,Solar,3777,15,16,261
1/14/2020,Wind,14254,12,13,14
9/20/2021,Wind,1783,2,3,263
12/11/2021,Wind,7886,3,4,345
4/4/2020,Wind,5074,21,22,95
11/5/2022,Wind,5536,18,19,309
7/26/2021,Wind,2420,20,21,207
11/26/2022,Wind,5590,12,13,330
9/18/2020,Wind,6346,13,14,262
2/4/2020,Wind,11924,16,17,35
5/14/2024,Wind,7995,4,5,135
7/28/2023,Wind,5624,19,20,209
6/29/2022,Solar,5001,17,18,180
6/24/2023,Wind,2828,23,0,175
5/27/2023,Wind,5721,8,9,147
6/16/2025,Wind,2901,20,21,167
6/10/2023,Solar,4468,18,19,161
8/1/2025,Solar,3518,8,9,213
10/18/2023,Wind,10652,2,3,291
3/18/2020,Solar,2387,16,17,78
3/14/2024,Wind,7457,8,9,74
5/16/2025,Wind,8373,23,0,136
2/18/2023,Wind,5548,0,1,49
7/23/2022,Solar,6197,16,17,204
8/16/2022,Solar,6043,12,13,228
2/18/2024,Wind,14825,12,13,49
12/20/2024,Wind,8808,3,4,355
10/25/2022,Wind,6592,22,23,298
12/11/2022,Wind,1627,21,22,345
11/4/2025,Wind,14445,18,19,308
8/14/2020,Wind,2144,0,1,227
5/10/2020,Wind,2623,13,14,131
3/3/2020,Wind,2875,20,21,63
12/18/2022,Wind,4061,0,1,352
10/11/2022,Solar,1835,17,18,284
11/3/2021,Wind,3274,16,17,307
3/3/2023,Wind,4064,2,3,62
7/30/2022,Solar,7363,14,15,211
4/27/2022,Wind,6697,19,20,117
11/8/2025,Wind,1793,1,2,312
5/31/2025,Wind,879,3,4,151
8/8/2020,Solar,4095,13,14,221
5/31/2025,Solar,5672,18,19,151
8/16/2025,Solar,10645,10,11,228
12/25/2023,Wind,14253,14,15,359
6/1/2022,Wind,2649,19,20,152
4/13/2023,Wind,15743,1,2,103
7/21/2020,Wind,5093,22,23,203
5/1/2020,Wind,7037,21,22,122
1/1/2024,Wind,9309,3,4,1
1/16/2024,Solar,1871,15,16,16
7/11/2025,Solar,13109,14,15,192
6/29/2020,Wind,2917,3,4,181
1/17/2024,Wind,9363,18,19,17
3/31/2025,Solar,9527,10,11,90
9/22/2021,Wind,2010,3,4,265
1/3/2021,Wind,1604,8,9,3
4/1/2023,Wind,16341,15,16,91
2/14/2025,Wind,6637,9,10,45
9/14/2024,Wind,3929,23,0,258
2/9/2023,Wind,1172,6,7,40
10/23/2023,Wind,5375,4,5,296
1/31/2021,Wind,3009,6,7,31
2/26/2023,Wind,22043,11,12,57
7/25/2025,Solar,9373,14,15,206
11/23/2024,Wind,19031,21,22,328
7/1/2022,Wind,845,22,23,182
6/6/2021,Wind,1802,21,22,157
7/8/2024,Solar,3111,8,9,190
4/7/2024,Wind,4677,23,0,98
5/17/2021,Wind,15300,12,13,137
3/15/2023,Wind,2059,19,20,74
2/18/2024,Wind,5504,0,1,49
3/25/2025,Wind,3839,21,22,84
5/5/2020,Wind,5591,8,9,126
5/3/2025,Wind,6936,3,4,123
6/4/2023,Wind,6760,23,0,155
9/22/2023,Wind,6457,22,23,265
5/10/2020,Wind,2056,5,6,131
7/11/2020,Solar,4885,11,12,193
7/21/2024,Wind,3435,0,1,203
7/18/2023,Solar,4325,9,10,199
6/29/2025,Wind,3834,1,2,180
5/22/2024,Wind,8005,9,10,143
4/8/2024,Wind,9778,22,23,99
7/5/2020,Wind,7405,1,2,187
1/11/2021,Wind,6090,17,18,11
2/28/2021,Wind,7607,3,4,59
8/13/2024,Wind,1209,5,6,226
5/29/2020,Solar,5407,10,11,150
2/25/2022,Wind,3155,19,20,56
8/24/2024,Wind,10581,13,14,237
8/19/2023,Solar,6990,11,12,231
3/3/2020,Wind,4102,7,8,63
8/17/2021,Wind,7713,17,18,229
3/3/2024,Wind,2949,0,1,63
8/30/2020,Wind,2869,0,1,243
10/9/2021,Wind,3926,2,3,282
5/10/2020,Wind,4035,17,18,131
3/27/2020,Wind,2867,18,19,87
11/11/2023,Solar,5880,13,14,315
10/31/2023,Wind,7202,1,2,304
3/15/2025,Wind,15859,10,11,74
9/22/2023,Wind,13152,14,15,265
2/19/2023,Wind,5578,9,10,50
5/4/2023,Wind,7756,8,9,124
6/13/2021,Solar,5069,14,15,164
1/25/2022,Solar,1114,9,10,25
7/8/2023,Wind,1136,21,22,189
9/29/2021,Wind,6686,6,7,272
6/26/2020,Solar,4861,11,12,178
7/26/2022,Solar,6546,12,13,207
6/13/2022,Solar,7174,14,15,164
7/3/2021,Wind,2116,8,9,184
1/14/2024,Solar,3571,12,13,14
3/7/2024,Wind,7880,8,9,67
6/17/2021,Wind,5129,10,11,168
3/17/2025,Wind,12710,17,18,76
8/20/2023,Wind,2891,23,0,232
2/16/2021,Wind,10321,7,8,47
11/13/2022,Wind,1605,16,17,317
8/19/2020,Wind,5719,18,19,232
5/19/2024,Solar,2867,16,17,140
1/13/2022,Wind,2891,20,21,13
6/7/2025,Wind,7180,6,7,158
4/18/2021,Wind,1954,23,0,108
8/1/2021,Wind,2357,5,6,213
4/27/2021,Wind,6406,0,1,117
5/31/2023,Wind,7949,9,10,151
10/3/2023,Wind,9763,9,10,276
5/13/2020,Wind,8135,19,20,134
6/12/2023,Wind,2753,22,23,163
11/11/2022,Wind,2858,4,5,315
4/14/2021,Wind,8978,13,14,104
12/16/2023,Wind,1986,2,3,350
7/17/2021,Wind,4501,22,23,198
4/18/2024,Solar,8128,16,17,109
7/19/2025,Wind,8795,18,19,200
1/26/2023,Wind,2238,6,7,26
8/11/2022,Wind,4852,21,22,223
6/21/2024,Wind,4798,21,22,173
3/22/2023,Wind,13652,9,10,81
8/3/2025,Solar,6657,14,15,215
2/13/2020,Wind,7835,1,2,44
1/4/2021,Wind,1699,8,9,4
5/7/2022,Solar,6711,11,12,127
7/31/2020,Solar,4357,10,11,213
5/23/2024,Wind,2688,6,7,144
7/11/2021,Wind,868,21,22,192
9/26/2025,Wind,313,22,23,269
5/6/2024,Wind,3361,6,7,127
9/12/2023,Solar,4933,13,14,255
5/25/2023,Wind,7031,20,21,145
11/30/2021,Wind,12769,21,22,334
5/12/2024,Wind,6724,17,18,133
11/2/2023,Wind,15126,10,11,306
8/5/2023,Wind,2691,5,6,217
2/4/2024,Wind,7222,23,0,35
6/2/2022,Wind,3841,8,9,153
1/29/2021,Wind,14856,10,11,29
10/11/2021,Wind,2918,5,6,284
8/15/2024,Wind,1492,3,4,228
4/28/2020,Wind,2577,1,2,119
5/8/2020,Solar,3383,17,18,129
11/26/2023,Wind,3686,9,10,330
11/22/2022,Wind,8882,23,0,326
12/9/2020,Wind,2329,17,18,344
4/27/2022,Solar,9731,14,15,117
11/6/2022,Wind,8112,7,8,310
6/15/2023,Wind,3676,19,20,166
5/8/2022,Solar,6177,10,11,128
10/11/2021,Wind,3875,0,1,284
6/24/2020,Wind,4432,4,5,176
5/9/2021,Wind,9742,19,20,129
5/30/2020,Wind,4315,19,20,151
11/24/2020,Wind,1746,0,1,329
12/27/2021,Wind,8533,10,11,361
10/20/2020,Wind,10025,7,8,294
6/8/2025,Wind,2194,23,0,159
2/15/2021,Wind,10609,8,9,46
3/18/2021,Wind,3876,19,20,77
5/17/2021,Wind,15134,15,16,137
1/20/2020,Wind,5336,21,22,20
4/10/2022,Wind,1683,0,1,100
10/15/2025,Wind,5526,18,19,288
1/7/2020,Wind,4300,13,14,7
8/28/2021,Wind,3976,5,6,240
12/21/2020,Wind,12351,11,12,356
10/22/2023,Wind,6622,8,9,295
9/13/2023,Wind,1142,6,7,256
3/18/2023,Wind,6164,0,1,77
11/11/2022,Solar,6121,13,14,315
8/4/2020,Wind,1848,7,8,217
9/24/2021,Wind,811,19,20,267
4/6/2023,Wind,9974,17,18,96
1/24/2025,Wind,20266,12,13,24
2/27/2024,Wind,11863,7,8,58
7/13/2024,Wind,1314,2,3,195
10/16/2025,Wind,4569,18,19,289
1/19/2023,Wind,3941,0,1,19
10/29/2020,Wind,8304,12,13,303
4/13/2023,Wind,12488,10,11,103
11/16/2020,Wind,8614,12,13,321
7/29/2023,Wind,9214,18,19,210
11/12/2025,Wind,13981,22,23,316
10/26/2025,Wind,9488,5,6,299
10/2/2025,Solar,10562,13,14,275
9/1/2020,Solar,4322,16,17,245
9/19/2024,Wind,8099,7,8,263
5/15/2021,Wind,4140,4,5,135
2/13/2021,Wind,6179,18,19,44
8/20/2023,Wind,1018,3,4,232
3/17/2025,Solar,9414,9,10,76
4/15/2023,Wind,10025,19,20,105
10/6/2022,Wind,1907,6,7,279
12/20/2023,Wind,8716,1,2,354
4/20/2025,Wind,3971,21,22,110
11/28/2024,Wind,2505,6,7,333
9/7/2025,Wind,6061,5,6,250
8/19/2024,Solar,9521,14,15,232
11/20/2022,Wind,9046,17,18,324
2/9/2021,Wind,2115,3,4,40
5/10/2021,Wind,7215,16,17,130
12/23/2020,Wind,7054,0,1,358
9/12/2020,Solar,4331,12,13,256
10/11/2024,Wind,622,5,6,285
1/21/2024,Wind,14424,16,17,21
6/30/2023,Wind,9841,15,16,181
2/17/2023,Wind,7016,2,3,48
8/3/2023,Wind,12675,15,16,215
12/28/2023,Wind,13984,20,21,362
5/10/2020,Wind,2636,12,13,131
11/3/2025,Wind,8937,18,19,307
2/3/2025,Wind,1946,21,22,34
2/24/2024,Wind,6656,0,1,55
9/6/2020,Wind,2406,0,1,250
8/19/2020,Wind,7727,14,15,232
2/22/2021,Wind,5302,20,21,53
9/6/2021,Solar,4607,11,12,249
4/5/2024,Wind,14615,7,8,96
12/24/2020,Wind,11043,7,8,359
4/11/2023,Wind,8468,21,22,101
5/6/2025,Wind,9254,23,0,126
3/10/2023,Wind,6183,19,20,69
7/27/2024,Solar,6448,13,14,209
8/15/2022,Wind,4944,9,10,227
1/24/2024,Wind,15725,8,9,24
6/11/2024,Wind,1917,6,7,163
10/5/2024,Wind,7671,20,21,279
5/22/2020,Wind,3939,6,7,143
12/31/2021,Wind,5685,0,1,365
7/26/2025,Wind,2368,4,5,207
1/25/2020,Solar,2622,11,12,25
11/30/2021,Wind,11135,8,9,334
6/2/2022,Wind,2050,20,21,153
12/12/2024,Wind,3531,21,22,347
8/25/2024,Solar,4862,16,17,238
1/2/2020,Wind,4169,12,13,2
9/7/2023,Wind,2215,5,6,250
7/17/2023,Wind,1150,21,22,198
6/4/2025,Solar,6538,11,12,155
9/12/2022,Wind,2700,23,0,255
9/16/2020,Wind,800,0,1,260
4/6/2020,Wind,6087,14,15,97
3/6/2022,Wind,7693,21,22,65
12/20/2022,Wind,13622,5,6,354
3/19/2023,Wind,3522,18,19,78
5/14/2021,Wind,3321,22,23,134
3/19/2022,Wind,9623,20,21,78
4/15/2023,Wind,12042,11,12,105
11/10/2020,Wind,1153,0,1,315
10/8/2025,Wind,584,4,5,281
7/29/2025,Wind,5792,19,20,210
10/8/2021,Wind,3432,2,3,281
3/11/2022,Wind,10430,18,19,70
10/7/2025,Solar,3781,17,18,280
2/26/2025,Wind,15275,16,17,57
1/27/2023,Wind,7462,20,21,27
7/4/2024,Wind,6505,1,2,186
8/27/2025,Wind,2086,5,6,239
4/13/2020,Wind,3469,3,4,104
11/3/2020,Wind,3597,0,1,308
4/21/2025,Wind,3158,20,21,111
4/13/2021,Wind,4444,18,19,103
11/14/2024,Wind,3238,23,0,319
3/1/2022,Wind,2865,2,3,60
3/20/2023,Wind,1690,20,21,79
7/15/2024,Solar,8737,12,13,197
7/27/2025,Wind,2172,2,3,208
8/5/2022,Wind,2957,4,5,217
12/10/2024,Wind,10560,10,11,345
12/19/2023,Wind,11260,20,21,353
8/11/2022,Wind,4398,8,9,223
7/15/2021,Wind,7253,6,7,196
3/29/2025,Wind,11249,16,17,88
9/5/2025,Wind,687,20,21,248
11/11/2025,Wind,8058,7,8,315
6/18/2024,Solar,6244,17,18,170
4/4/2020,Wind,996,0,1,95
3/31/2024,Wind,10457,11,12,91
8/2/2022,Wind,957,21,22,214
7/20/2025,Wind,4506,1,2,201
8/3/2023,Wind,14771,1,2,215
7/12/2025,Solar,9607,11,12,193
1/26/2020,Wind,8371,21,22,26
5/16/2022,Wind,5803,8,9,136
5/23/2021,Wind,5905,0,1,143
3/18/2021,Wind,3524,2,3,77
2/4/2021,Wind,5125,1,2,35
6/10/2020,Wind,731,22,23,162
7/9/2023,Solar,4652,18,19,190
8/13/2023,Wind,931,5,6,225
3/20/2025,Wind,6946,0,1,79
8/8/2023,Wind,1820,3,4,220
7/3/2023,Wind,11480,14,15,184
9/30/2023,Wind,663,1,2,273
1/10/2020,Wind,1571,22,23,10
12/30/2024,Solar,3281,12,13,365
5/2/2021,Solar,3016,18,19,122
8/7/2021,Wind,11586,18,19,219
5/28/2021,Wind,2572,0,1,148
5/16/2022,Solar,7699,11,12,136
1/4/2020,Wind,1931,23,0,4
11/8/2020,Wind,3916,8,9,313
7/27/2023,Wind,9065,7,8,208
9/10/2024,Wind,4683,0,1,254
3/19/2021,Wind,5907,6,7,78
2/28/2020,Wind,2643,3,4,59
5/18/2023,Wind,7850,0,1,138
4/20/2020,Wind,5296,3,4,111
4/9/2020,Wind,723,6,7,100
5/3/2025,Solar,5971,13,14,123
7/30/2025,Wind,1452,3,4,211
4/28/2020,Wind,3067,4,5,119
2/26/2023,Wind,14492,21,22,57
4/11/2021,Wind,7658,14,15,101
5/8/2024,Solar,9558,14,15,129
4/8/2020,Wind,2303,8,9,99
7/4/2021,Wind,862,4,5,185
1/28/2025,Wind,19004,17,18,28
11/14/2020,Wind,11103,19,20,319
7/21/2020,Wind,4876,0,1,203
10/4/2022,Wind,1416,1,2,277
8/4/2024,Solar,6580,17,18,217
1/2/2020,Wind,6857,23,0,2
7/10/2021,Wind,2043,20,21,191
2/26/2022,Wind,9716,21,22,57
11/29/2022,Wind,1111,17,18,333
6/8/2025,Wind,8306,7,8,159
4/5/2022,Wind,8495,18,19,95
3/10/2024,Wind,2181,7,8,70
8/23/2020,Wind,4332,19,20,236
11/24/2020,Wind,1768,3,4,329
7/23/2024,Wind,5404,5,6,205
5/23/2024,Wind,2979,2,3,144
4/16/2023,Wind,5054,5,6,106
6/6/2025,Wind,7339,13,14,157
1/19/2024,Wind,2193,2,3,19
12/17/2023,Solar,3018,15,16,351
3/21/2025,Wind,8152,18,19,80
9/6/2020,Wind,1961,2,3,250
12/4/2020,Wind,12264,2,3,339
7/17/2024,Solar,6067,10,11,199
10/1/2025,Solar,10058,13,14,274
3/30/2021,Solar,4810,11,12,89
5/24/2024,Wind,703,23,0,145
2/16/2023,Solar,7999,11,12,47
11/2/2025,Wind,8643,22,23,306
7/31/2024,Wind,1578,21,22,213
12/31/2024,Wind,4218,8,9,366
1/12/2023,Wind,15968,5,6,12
3/9/2024,Wind,11075,0,1,69
4/21/2025,Wind,3806,6,7,111
6/19/2022,Wind,12018,16,17,170
3/24/2022,Solar,4911,9,10,83
12/6/2023,Solar,3145,14,15,340
10/22/2020,Wind,4372,15,16,296
9/1/2022,Wind,3514,3,4,244
2/17/2023,Wind,7645,6,7,48
6/14/2025,Wind,4111,19,20,165
9/28/2025,Solar,5298,15,16,271
11/4/2025,Wind,13899,11,12,308
7/5/2021,Solar,7806,12,13,186
2/21/2022,Wind,14976,3,4,52
11/17/2025,Wind,5188,20,21,321
8/23/2024,Wind,11855,7,8,236
3/31/2022,Wind,11938,13,14,90
9/28/2021,Wind,3222,17,18,271
6/24/2024,Wind,2733,4,5,176
9/3/2021,Wind,1704,22,23,246
10/3/2022,Wind,1114,19,20,276
8/22/2022,Wind,1373,5,6,234
2/27/2022,Wind,8949,4,5,58
6/28/2022,Wind,1723,23,0,179
8/22/2025,Wind,6431,0,1,234
5/5/2023,Solar,4662,18,19,125
3/19/2022,Wind,12710,13,14,78
4/18/2021,Solar,3757,9,10,108
7/11/2025,Solar,11291,17,18,192
9/4/2025,Wind,8069,19,20,247
10/21/2022,Wind,9441,14,15,294
7/27/2020,Wind,6801,10,11,209
7/9/2020,Wind,7247,16,17,191
6/19/2023,Solar,4302,16,17,170
8/13/2020,Wind,1791,7,8,226
9/21/2023,Wind,7242,23,0,264
7/25/2022,Wind,8474,10,11,206
11/27/2023,Wind,11622,18,19,331
4/9/2022,Solar,5360,10,11,99
11/2/2022,Wind,6705,5,6,306
8/17/2022,Wind,1436,5,6,229
4/20/2021,Wind,703,7,8,110
8/15/2024,Wind,1268,6,7,228
7/11/2022,Wind,3830,6,7,192
7/2/2022,Wind,670,2,3,183
5/24/2021,Wind,8343,5,6,144
2/24/2023,Wind,5199,9,10,55
4/14/2021,Wind,9278,15,16,104
4/12/2025,Wind,8931,22,23,102
12/22/2022,Wind,12428,10,11,356
1/18/2024,Wind,7810,2,3,18
5/31/2024,Wind,7089,16,17,152
9/9/2021,Wind,5141,13,14,252
4/13/2025,Wind,4906,12,13,103
3/23/2024,Wind,9137,22,23,83
2/26/2025,Wind,8535,23,0,57
8/3/2022,Wind,1047,0,1,215
4/7/2025,Wind,5598,22,23,97
9/15/2021,Solar,3974,12,13,258
3/26/2023,Wind,9201,3,4,85
2/19/2020,Wind,8999,5,6,50
9/14/2020,Wind,3828,9,10,258
7/23/2022,Wind,1099,23,0,204
6/4/2021,Wind,2095,8,9,155
4/12/2020,Wind,748,2,3,103
1/2/2021,Wind,1281,3,4,2
5/16/2025,Wind,7218,20,21,136
1/28/2024,Wind,8152,5,6,28
10/2/2021,Wind,14843,16,17,275
9/18/2020,Wind,5286,10,11,262
11/24/2020,Wind,6481,21,22,329
12/21/2022,Wind,10235,12,13,355
7/19/2021,Wind,5773,2,3,200
6/29/2022,Solar,5357,10,11,180
12/22/2023,Wind,19987,12,13,356
12/4/2024,Solar,6363,12,13,339
2/21/2021,Wind,8829,13,14,52
6/20/2022,Wind,5728,2,3,171
11/19/2020,Wind,3854,23,0,324
11/10/2025,Wind,12666,13,14,314
12/20/2024,Wind,5569,8,9,355
5/11/2025,Solar,3967,12,13,131
11/18/2024,Wind,8530,2,3,323
3/3/2025,Solar,8311,11,12,62
12/28/2021,Wind,12013,22,23,362
10/31/2021,Wind,6221,4,5,304
12/5/2020,Wind,5385,21,22,340
5/12/2024,Wind,4245,8,9,133
4/15/2022,Wind,5750,22,23,105
12/22/2024,Wind,19398,9,10,357
2/5/2021,Wind,3021,14,15,36
7/12/2022,Solar,6997,14,15,193
6/15/2020,Wind,2022,23,0,167
10/23/2023,Wind,8658,9,10,296
2/2/2023,Wind,6057,8,9,33
7/28/2024,Solar,5654,14,15,210
10/9/2024,Wind,12421,13,14,283
2/15/2023,Solar,6270,10,11,46
11/18/2021,Solar,3326,14,15,322
6/28/2022,Wind,3348,19,20,179
1/12/2024,Wind,6624,1,2,12
6/16/2020,Wind,1461,5,6,168
7/7/2020,Wind,1906,7,8,189
9/12/2022,Solar,4987,10,11,255
6/6/2023,Solar,8282,14,15,157
12/31/2023,Wind,17690,16,17,365
2/22/2025,Wind,10776,3,4,53
2/12/2020,Wind,5618,23,0,43
7/27/2025,Wind,1887,4,5,208
10/28/2023,Wind,12258,8,9,301
5/22/2025,Solar,6175,14,15,142
12/23/2024,Wind,17302,2,3,358
8/17/2025,Wind,7604,22,23,229
4/23/2024,Wind,4610,3,4,114
3/26/2021,Wind,9646,17,18,85
12/4/2021,Wind,12295,15,16,338
2/12/2021,Wind,9320,15,16,43
8/8/2023,Wind,2130,21,22,220
1/20/2021,Wind,11737,0,1,20
8/15/2025,Solar,6084,9,10,227
3/31/2025,Wind,5157,6,7,90
11/11/2022,Wind,2683,2,3,315
7/9/2022,Wind,8525,18,19,190
9/5/2023,Wind,7414,0,1,248
11/19/2022,Solar,4418,10,11,323
10/23/2023,Wind,5596,17,18,296
1/13/2023,Wind,13913,1,2,13
4/21/2020,Wind,4642,23,0,112
12/19/2020,Wind,10820,11,12,354
1/6/2021,Wind,1187,6,7,6
6/12/2025,Wind,6737,3,4,163
6/1/2020,Solar,4570,16,17,153
12/29/2020,Wind,3005,22,23,364
3/8/2023,Wind,13908,9,10,67
2/19/2020,Wind,11122,2,3,50
7/30/2023,Wind,7195,20,21,211
1/23/2025,Wind,5894,6,7,23
5/11/2025,Wind,4469,19,20,131
7/15/2020,Wind,3632,18,19,197
4/23/2021,Wind,8565,16,17,113
7/2/2023,Wind,6804,18,19,183
4/13/2022,Wind,1032,22,23,103
12/14/2021,Wind,1053,23,0,348
1/22/2021,Wind,4478,18,19,22
12/30/2024,Solar,2676,14,15,365
1/19/2020,Wind,5048,7,8,19
1/8/2021,Wind,1507,0,1,8
8/3/2023,Wind,13262,12,13,215
10/25/2025,Wind,13923,4,5,298
5/13/2023,Wind,4856,7,8,133
7/21/2023,Wind,3097,22,23,202
10/3/2024,Wind,4843,1,2,277
3/30/2023,Wind,12402,23,0,89
7/8/2022,Solar,8283,12,13,189
8/18/2021,Wind,2488,1,2,230
6/29/2023,Wind,748,5,6,180
5/28/2021,Wind,3329,23,0,148
5/11/2024,Wind,4906,7,8,132
4/8/2022,Wind,9607,19,20,98
7/27/2025,Wind,4242,21,22,208
10/14/2023,Solar,5525,11,12,287
10/12/2020,Solar,3848,11,12,286
1/18/2025,Wind,1679,23,0,18
5/31/2023,Wind,12628,12,13,151
9/21/2021,Solar,4522,16,17,264
11/21/2023,Wind,6769,21,22,325
4/12/2024,Solar,8049,12,13,103
3/17/2024,Wind,6278,9,10,77
4/5/2024,Wind,10352,4,5,96
11/1/2022,Wind,12061,20,21,305
5/27/2024,Wind,2538,21,22,148
7/15/2021,Wind,7756,4,5,196
3/5/2024,Wind,8619,15,16,65
10/10/2025,Solar,9343,13,14,283
6/21/2023,Solar,4377,11,12,172
10/29/2023,Wind,15308,10,11,302
5/21/2020,Solar,2989,17,18,142
6/10/2023,Wind,3204,0,1,161
8/20/2025,Wind,3073,4,5,232
4/16/2024,Wind,13826,0,1,107
3/5/2025,Solar,3558,17,18,64
11/15/2025,Solar,5714,14,15,319
3/12/2022,Wind,9414,21,22,71
6/4/2024,Wind,456,3,4,156
7/28/2020,Wind,6769,17,18,210
11/6/2021,Wind,6134,21,22,310
4/25/2025,Wind,3293,1,2,115
7/25/2021,Wind,2988,5,6,206
11/1/2022,Wind,15812,12,13,305
11/10/2024,Wind,1932,19,20,315
4/19/2021,Wind,1278,5,6,109
3/29/2021,Solar,5469,11,12,88
3/12/2021,Wind,9635,4,5,71
6/7/2025,Wind,12317,23,0,158
9/2/2023,Wind,4625,22,23,245
10/27/2023,Wind,9132,20,21,300
8/10/2021,Wind,590,22,23,222
9/29/2021,Wind,7118,8,9,272
5/31/2022,Wind,5487,18,19,151
6/25/2021,Wind,1451,4,5,176
5/27/2022,Solar,6179,11,12,147
3/3/2024,Wind,5144,22,23,63
12/7/2022,Wind,2507,2,3,341
8/17/2021,Wind,3684,21,22,229
3/24/2020,Wind,6133,16,17,84
10/12/2025,Wind,5244,18,19,285
7/24/2023,Wind,11156,17,18,205
7/8/2024,Solar,8159,11,12,190
7/16/2022,Solar,8810,14,15,197
4/1/2024,Wind,4949,1,2,92
1/14/2024,Wind,1253,18,19,14
1/8/2020,Wind,4927,13,14,8
11/12/2021,Wind,1575,4,5,316
11/19/2024,Wind,20597,13,14,324
8/17/2020,Wind,1750,2,3,230
6/11/2023,Wind,4575,19,20,162
8/21/2025,Wind,7365,20,21,233
8/26/2021,Wind,2542,4,5,238
9/10/2020,Wind,1247,19,20,254
7/13/2021,Wind,5065,23,0,194
4/5/2022,Wind,7386,19,20,95
6/13/2020,Wind,3366,1,2,165
10/18/2023,Wind,14535,17,18,291
8/22/2020,Wind,9129,10,11,235
8/3/2021,Wind,1153,2,3,215
7/23/2023,Wind,12004,17,18,204
7/2/2021,Solar,1628,8,9,183
6/3/2022,Solar,5923,15,16,154
12/4/2021,Wind,8370,8,9,338
10/9/2023,Solar,6407,14,15,282
9/15/2021,Solar,3648,11,12,258
6/18/2021,Wind,3517,7,8,169
9/10/2025,Wind,3815,1,2,253
4/11/2020,Solar,2530,9,10,102
1/26/2024,Wind,7990,1,2,26
3/27/2025,Wind,3169,4,5,86
9/21/2025,Wind,3184,6,7,264
7/13/2024,Solar,1101,20,21,195
11/14/2021,Wind,2421,3,4,318
7/1/2022,Wind,863,23,0,182
7/10/2023,Wind,1054,3,4,191
11/23/2022,Wind,12891,20,21,327
12/12/2024,Wind,3478,15,16,347
4/27/2025,Wind,2748,19,20,117
1/17/2023,Wind,4665,16,17,17
4/3/2022,Wind,5119,1,2,93
10/18/2020,Wind,672,4,5,292
10/11/2021,Wind,4388,17,18,284
11/16/2023,Wind,13386,16,17,320
3/9/2025,Wind,9672,3,4,68
12/31/2022,Wind,17332,12,13,365
8/16/2023,Solar,6675,13,14,228
1/6/2021,Wind,495,19,20,6
2/8/2025,Wind,8261,9,10,39
9/26/2022,Wind,6086,7,8,269
11/10/2025,Wind,6004,0,1,314
2/1/2020,Wind,10703,18,19,32
4/22/2022,Wind,4256,18,19,112
1/24/2023,Wind,2611,21,22,24
5/5/2025,Wind,9361,7,8,125
5/8/2020,Solar,4778,12,13,129
6/16/2021,Solar,2085,8,9,167
2/16/2020,Wind,11230,22,23,47
7/4/2023,Solar,5603,10,11,185
10/26/2023,Wind,6529,15,16,299
2/28/2024,Wind,3223,3,4,59
11/29/2022,Solar,2249,10,11,333
1/6/2020,Wind,6469,20,21,6
11/9/2025,Wind,2430,4,5,313
5/12/2024,Wind,3904,6,7,133
4/30/2021,Wind,1359,22,23,120
8/27/2023,Wind,2263,4,5,239
7/27/2024,Solar,3124,9,10,209
9/26/2025,Solar,5213,12,13,269
4/1/2022,Wind,9699,3,4,91
5/12/2020,Wind,5747,12,13,133
10/7/2024,Wind,7311,16,17,281
6/30/2022,Solar,4931,13,14,181
9/20/2024,Wind,3245,20,21,264
8/10/2024,Solar,4012,16,17,223
4/30/2023,Wind,3814,4,5,120
1/23/2025,Wind,6304,5,6,23
12/3/2022,Wind,6285,12,13,337
4/24/2025,Wind,2699,7,8,114
10/2/2025,Wind,2959,18,19,275
8/9/2020,Solar,3372,11,12,222
7/10/2020,Wind,4171,19,20,192
12/26/2023,Wind,7229,4,5,360
4/28/2024,Wind,10556,0,1,119
10/12/2024,Wind,6790,13,14,286
11/25/2022,Wind,3351,16,17,329
1/14/2023,Wind,17545,15,16,14
11/8/2022,Wind,11901,20,21,312
8/29/2024,Wind,2703,19,20,242
3/16/2025,Wind,9888,9,10,75
1/19/2020,Wind,4619,3,4,19
3/13/2025,Wind,2661,0,1,72
4/4/2024,Wind,8108,19,20,95
12/5/2023,Wind,6714,18,19,339
1/16/2020,Wind,4609,6,7,16
10/15/2025,Wind,5080,19,20,288
6/3/2020,Solar,3604,16,17,155
5/11/2024,Wind,5428,8,9,132
9/25/2020,Wind,10168,7,8,269
10/5/2022,Wind,9771,10,11,278
7/2/2024,Wind,2631,4,5,184
4/21/2023,Wind,2543,20,21,111
12/5/2024,Wind,14145,8,9,340
8/7/2025,Solar,5653,18,19,219
4/5/2020,Wind,7848,11,12,96
1/26/2024,Wind,9936,4,5,26
9/3/2023,Solar,9204,14,15,246
4/12/2022,Wind,2275,22,23,102
12/29/2020,Wind,5165,13,14,364
9/8/2023,Solar,3666,9,10,251
4/26/2024,Solar,6436,13,14,117
4/14/2024,Solar,4067,15,16,105
9/7/2020,Solar,5438,13,14,251
2/18/2022,Wind,13040,21,22,49
5/21/2020,Wind,1502,5,6,142
5/4/2020,Solar,5337,14,15,125
6/10/2023,Solar,4098,9,10,161
4/3/2024,Wind,15839,11,12,94
5/23/2020,Wind,3360,7,8,144
9/4/2020,Wind,1232,7,8,248
10/7/2020,Wind,8717,12,13,281
12/2/2023,Wind,3249,5,6,336
6/28/2024,Solar,6716,16,17,180
8/22/2021,Wind,3345,21,22,234
2/17/2023,Wind,9868,9,10,48
2/16/2022,Wind,16745,13,14,47
12/3/2022,Wind,6803,2,3,337
4/8/2021,Solar,5202,14,15,98
1/5/2025,Wind,19348,15,16,5
10/8/2024,Wind,10350,8,9,282
2/12/2022,Wind,4558,6,7,43
7/7/2023,Wind,4486,5,6,188
7/14/2020,Wind,2101,21,22,196
12/9/2022,Wind,2064,20,21,343
7/5/2022,Wind,3667,0,1,186
11/20/2021,Wind,210,18,19,324
2/9/2023,Wind,1322,8,9,40
3/1/2025,Wind,10187,23,0,60
7/25/2023,Wind,7186,9,10,206
12/25/2024,Solar,2874,10,11,360
5/8/2024,Wind,5427,7,8,129
10/3/2021,Wind,8606,15,16,276
4/18/2024,Wind,3786,23,0,109
11/4/2023,Wind,15504,7,8,308
5/25/2022,Wind,5875,22,23,145
1/22/2022,Wind,2136,20,21,22
8/18/2022,Solar,5355,13,14,230
8/14/2025,Solar,4159,9,10,226
1/1/2023,Wind,11283,9,10,1
1/20/2024,Wind,4846,18,19,20
11/17/2021,Wind,1887,18,19,321
9/29/2020,Wind,2642,2,3,273
8/8/2020,Wind,2390,23,0,221
1/18/2024,Wind,4246,18,19,18
10/18/2024,Wind,4798,0,1,292
6/27/2025,Wind,1584,22,23,178
2/11/2025,Wind,3812,8,9,42
8/25/2023,Wind,9893,16,17,237
12/2/2021,Wind,6952,5,6,336
1/25/2022,Wind,328,7,8,25
9/26/2022,Wind,15890,14,15,269
12/17/2022,Wind,2347,16,17,351
2/21/2020,Wind,4193,8,9,52
9/13/2021,Wind,1554,19,20,256
7/12/2020,Solar,5689,14,15,194
5/29/2023,Wind,9264,9,10,149
8/30/2024,Wind,2456,4,5,243
7/28/2021,Wind,10176,14,15,209
3/29/2023,Wind,4271,5,6,88
5/11/2021,Wind,6405,19,20,131
1/9/2025,Wind,10749,15,16,9
1/5/2022,Wind,7802,2,3,5
8/26/2024,Wind,2045,23,0,239
2/19/2023,Solar,7077,14,15,50
6/23/2025,Wind,12740,18,19,174
8/4/2020,Wind,2445,19,20,217
2/11/2023,Wind,2391,8,9,42
9/16/2022,Wind,1953,6,7,259
10/13/2025,Wind,6119,3,4,286
7/3/2025,Wind,5539,0,1,184
12/7/2022,Wind,1410,23,0,341
2/10/2024,Wind,4487,3,4,41
7/9/2021,Wind,1208,3,4,190
2/16/2025,Wind,4574,0,1,47
11/24/2024,Wind,21544,10,11,329
12/11/2024,Wind,5916,19,20,346
5/20/2025,Wind,5566,21,22,140
1/21/2022,Wind,5002,9,10,21
1/30/2025,Wind,5813,7,8,30
1/29/2021,Wind,12983,17,18,29
4/19/2024,Wind,9003,5,6,110
12/1/2020,Wind,8412,12,13,336
2/19/2024,Wind,4002,3,4,50
9/21/2023,Wind,6474,13,14,264
3/17/2025,Wind,5489,2,3,76
8/2/2024,Wind,7412,18,19,215
7/15/2020,Wind,1451,3,4,197
10/15/2022,Wind,8245,16,17,288
5/11/2025,Solar,3050,10,11,131
1/21/2025,Solar,5754,13,14,21
8/2/2023,Wind,15356,8,9,214
10/6/2025,Wind,2272,19,20,279
3/22/2024,Solar,7952,16,17,82
4/4/2021,Wind,6551,2,3,94
11/8/2022,Wind,13306,6,7,312
9/19/2023,Wind,7887,9,10,262
5/5/2022,Solar,6137,16,17,125
3/16/2021,Wind,3759,3,4,75
3/18/2023,Wind,4032,21,22,77
1/4/2023,Wind,13392,19,20,4
1/5/2021,Wind,1794,19,20,5
12/7/2020,Wind,3434,22,23,342
4/24/2024,Wind,11510,15,16,115
4/27/2025,Solar,3352,16,17,117
10/16/2021,Wind,1545,7,8,289
4/17/2022,Wind,6232,9,10,107
11/15/2022,Wind,10920,10,11,319
1/6/2021,Wind,1467,1,2,6
6/9/2020,Solar,4734,11,12,161
3/14/2023,Wind,10320,17,18,73
1/31/2021,Wind,5433,17,18,31
1/28/2021,Wind,9207,22,23,28
2/14/2023,Wind,4137,20,21,45
8/29/2024,Solar,5199,10,11,242
10/3/2022,Solar,5084,13,14,276
2/23/2022,Solar,3903,10,11,54
8/24/2025,Wind,3233,7,8,236
2/6/2021,Wind,3255,12,13,37
4/29/2023,Solar,4800,15,16,119
4/22/2023,Wind,4492,4,5,112
5/24/2020,Solar,5849,13,14,145
2/7/2023,Wind,6303,16,17,38
7/6/2022,Wind,3439,3,4,187
11/25/2023,Wind,3662,22,23,329
12/9/2022,Wind,3163,14,15,343
12/15/2020,Wind,5961,0,1,350
3/10/2022,Wind,6888,21,22,69
6/15/2024,Wind,10230,16,17,167
10/27/2025,Wind,20785,10,11,300
7/2/2020,Wind,3158,23,0,184
9/21/2021,Wind,2741,18,19,264
4/3/2022,Wind,1788,20,21,93
1/4/2025,Wind,10639,22,23,4
9/6/2021,Solar,4649,16,17,249
1/12/2022,Wind,3948,10,11,12
3/3/2023,Wind,5441,17,18,62
11/21/2021,Wind,3618,12,13,325
7/28/2022,Wind,1737,20,21,209
1/28/2023,Wind,2799,21,22,28
12/22/2024,Wind,19928,11,12,357
3/12/2024,Wind,4768,3,4,72
11/11/2022,Wind,2888,17,18,315
11/7/2024,Wind,3242,21,22,312
6/27/2024,Wind,839,3,4,179
11/23/2020,Solar,2374,14,15,328
6/19/2025,Wind,6052,22,23,170
8/7/2024,Wind,1802,2,3,220
7/5/2020,Wind,10632,15,16,187
5/27/2023,Solar,8746,11,12,147
4/21/2021,Wind,1068,5,6,111
9/15/2024,Wind,3333,20,21,259
7/1/2025,Wind,1421,6,7,182
9/9/2024,Wind,9339,9,10,253
9/12/2021,Solar,3552,10,11,255
1/13/2022,Wind,2645,4,5,13
7/23/2025,Wind,1307,1,2,204
8/27/2023,Wind,1781,2,3,239
2/19/2024,Wind,3287,6,7,50
6/16/2022,Solar,5124,16,17,167
9/11/2025,Wind,10615,3,4,254
6/27/2021,Wind,748,23,0,178
6/13/2025,Wind,2429,6,7,164
12/10/2020,Wind,4988,9,10,345
11/29/2022,Wind,1194,20,21,333
11/13/2021,Wind,5812,4,5,317
7/22/2025,Wind,13809,16,17,203
2/21/2024,Wind,15375,23,0,52
8/7/2021,Wind,9544,21,22,219
11/24/2023,Wind,9941,10,11,328
6/3/2021,Wind,1771,19,20,154
12/2/2020,Wind,2043,20,21,337
4/29/2023,Wind,1622,7,8,119
4/16/2021,Solar,7807,11,12,106
2/13/2020,Wind,13233,13,14,44
11/21/2021,Wind,3948,13,14,325
12/18/2023,Wind,2101,3,4,352
6/1/2020,Solar,4181,10,11,153
7/24/2025,Solar,9540,15,16,205
6/24/2023,Solar,8820,13,14,175
3/7/2022,Wind,10894,12,13,66
10/21/2021,Wind,13513,1,2,294
2/11/2024,Wind,9448,1,2,42
9/7/2023,Solar,4368,17,18,250
11/25/2023,Wind,10661,13,14,329
10/2/2020,Wind,6441,14,15,276
1/5/2022,Wind,6918,10,11,5
3/28/2022,Wind,1643,19,20,87
9/1/2020,Wind,1448,8,9,245
9/19/2025,Solar,10145,16,17,262
11/3/2023,Wind,10759,11,12,307
11/25/2020,Wind,3453,19,20,330
10/1/2022,Wind,13589,1,2,274
8/2/2021,Wind,1434,0,1,214
8/8/2020,Solar,2968,10,11,221
9/14/2022,Wind,1861,3,4,257
5/31/2021,Wind,3833,8,9,151
12/27/2023,Wind,12667,15,16,361
8/1/2024,Wind,4264,19,20,214
4/4/2023,Wind,4139,19,20,94
5/3/2024,Wind,9022,0,1,124
9/15/2024,Wind,4322,22,23,259
9/13/2021,Wind,1809,6,7,256
12/7/2021,Wind,13600,18,19,341
11/30/2023,Wind,1780,4,5,334
3/10/2022,Wind,6777,1,2,69
3/30/2022,Solar,2186,11,12,89
8/9/2022,Wind,6466,3,4,221
5/4/2023,Wind,9901,17,18,124
12/13/2023,Wind,6869,10,11,347
9/29/2022,Solar,4400,13,14,272
8/28/2024,Solar,10829,13,14,241
9/17/2024,Wind,10111,8,9,261
1/6/2020,Wind,5665,11,12,6
9/7/2022,Wind,6353,16,17,250
10/21/2022,Wind,7894,2,3,294
5/26/2021,Wind,4996,19,20,146
6/26/2022,Wind,1831,4,5,177
7/13/2025,Wind,3952,20,21,194
6/29/2024,Wind,4387,7,8,181
11/8/2024,Solar,4482,14,15,313
7/11/2022,Solar,7469,10,11,192
1/10/2022,Wind,1005,6,7,10
3/21/2025,Wind,7350,0,1,80
2/15/2023,Solar,6445,13,14,46
4/17/2025,Wind,2336,1,2,107
2/15/2025,Wind,7209,1,2,46
9/28/2020,Wind,4748,18,19,272
6/30/2021,Wind,2097,4,5,181
7/20/2022,Wind,2316,6,7,201
4/22/2020,Wind,5000,2,3,113
9/23/2021,Wind,1171,20,21,266
2/27/2020,Wind,5262,0,1,58
3/26/2021,Wind,8311,20,21,85
1/13/2020,Wind,3845,8,9,13
9/22/2025,Wind,8892,23,0,265
1/13/2023,Wind,14537,8,9,13
7/16/2024,Wind,7743,6,7,198
6/4/2024,Wind,7459,18,19,156
11/2/2020,Wind,4458,22,23,307
10/7/2022,Solar,4853,11,12,280
2/24/2022,Wind,12191,17,18,55
11/27/2021,Wind,7605,6,7,331
8/7/2020,Solar,2665,9,10,220
7/10/2022,Wind,5201,2,3,191
7/13/2021,Wind,3421,1,2,194
5/1/2025,Wind,5525,2,3,121
11/30/2025,Wind,4365,5,6,334
12/25/2020,Wind,6272,6,7,360
4/19/2021,Solar,4484,11,12,109
3/29/2024,Wind,5301,22,23,89
7/29/2023,Wind,5340,8,9,210
6/5/2022,Wind,1412,4,5,156
8/11/2021,Wind,508,6,7,223
11/27/2022,Wind,8438,12,13,331
6/11/2025,Solar,5524,8,9,162
6/1/2023,Solar,8686,11,12,152
10/14/2022,Wind,5617,9,10,287
5/7/2025,Solar,11508,13,14,127
3/30/2022,Solar,3152,14,15,89
3/13/2025,Solar,5712,15,16,72
9/23/2021,Solar,5575,15,16,266
2/4/2020,Wind,10605,4,5,35
5/14/2021,Wind,5623,19,20,134
5/30/2022,Wind,4110,2,3,150
1/30/2021,Wind,5748,6,7,30
6/20/2024,Wind,4284,7,8,172
8/7/2025,Solar,3099,19,20,219
8/24/2024,Wind,6102,3,4,237
9/15/2022,Wind,1704,7,8,258
7/6/2020,Wind,6827,1,2,188
8/28/2022,Wind,3890,6,7,240
9/14/2020,Solar,4786,12,13,258
5/24/2024,Wind,645,22,23,145
8/8/2025,Wind,1464,6,7,220
7/10/2020,Wind,5130,10,11,192
1/17/2020,Wind,7402,18,19,17
7/17/2024,Solar,4046,18,19,199
1/2/2023,Wind,6552,7,8,2
2/14/2021,Wind,7245,0,1,45
7/26/2025,Wind,2295,5,6,207
10/23/2020,Wind,2714,10,11,297
7/3/2024,Wind,1771,1,2,185
11/12/2024,Wind,8223,22,23,317
11/12/2025,Wind,13595,17,18,316
4/26/2024,Wind,3091,19,20,117
12/20/2023,Wind,9752,11,12,354
4/4/2024,Wind,7001,20,21,95
3/18/2025,Wind,10105,20,21,77
4/14/2020,Wind,6515,18,19,105
3/2/2020,Wind,8448,23,0,62
1/11/2020,Wind,3308,7,8,11
2/10/2022,Wind,3020,19,20,41
10/13/2024,Wind,3330,4,5,287
1/16/2024,Wind,2197,0,1,16
9/10/2020,Solar,2293,17,18,254
8/25/2025,Wind,3906,8,9,237
3/5/2024,Wind,6764,16,17,65
8/23/2022,Wind,1085,7,8,235
7/17/2021,Wind,6467,18,19,198
4/27/2025,Solar,3596,11,12,117
2/27/2020,Wind,10596,18,19,58
11/6/2024,Wind,292,7,8,311
11/22/2024,Wind,15122,14,15,327
11/19/2024,Wind,11992,21,22,324
5/26/2021,Wind,5335,1,2,146
11/29/2021,Wind,4389,12,13,333
4/9/2023,Wind,3548,3,4,99
5/20/2024,Solar,5874,11,12,141
9/6/2021,Solar,2723,9,10,249
12/16/2020,Wind,7220,23,0,351
6/11/2021,Solar,4809,11,12,162
3/15/2024,Wind,9923,4,5,75
2/20/2023,Wind,3288,2,3,51
5/2/2025,Wind,4524,18,19,122
4/30/2021,Wind,1408,7,8,120
8/30/2024,Wind,5577,23,0,243
9/30/2021,Wind,1829,7,8,273
2/13/2024,Wind,7108,9,10,44
1/10/2023,Wind,7471,4,5,10
5/20/2023,Wind,6415,6,7,140
9/1/2023,Wind,1142,22,23,244
6/6/2024,Solar,8506,15,16,158
7/13/2025,Solar,9654,12,13,194
10/18/2021,Wind,5039,16,17,291
3/1/2021,Wind,4453,5,6,60
3/18/2023,Wind,11176,13,14,77
10/21/2020,Wind,14758,15,16,295
3/2/2020,Wind,7175,13,14,62
6/30/2023,Wind,2631,1,2,181
4/19/2022,Solar,2972,9,10,109
7/25/2020,Wind,1509,6,7,207
11/3/2021,Wind,3878,2,3,307
9/20/2024,Wind,3712,22,23,264
7/6/2020,Wind,7270,10,11,188
6/18/2023,Wind,2716,7,8,169
4/22/2024,Solar,11915,11,12,113
10/31/2022,Wind,1886,2,3,304
12/8/2022,Wind,2320,19,20,342
2/19/2021,Wind,6408,8,9,50
7/4/2024,Wind,7653,7,8,186
8/12/2022,Solar,4606,18,19,224
6/22/2020,Wind,1871,5,6,174
5/14/2022,Wind,1781,19,20,134
3/14/2022,Wind,5813,23,0,73
4/28/2021,Solar,1431,9,10,118
2/22/2020,Wind,8683,18,19,53
11/1/2024,Solar,3028,9,10,306
8/31/2025,Wind,3822,20,21,243
8/21/2024,Solar,7369,10,11,234
11/10/2023,Wind,13482,6,7,314
5/4/2025,Wind,5384,7,8,124
9/21/2024,Solar,4430,13,14,265
3/19/2020,Wind,1145,5,6,79
10/2/2020,Wind,9401,8,9,276
9/25/2022,Wind,4472,17,18,268
8/25/2022,Wind,4858,19,20,237
8/10/2023,Wind,3790,8,9,222
9/21/2024,Wind,3321,3,4,265
1/22/2022,Wind,3202,3,4,22
11/9/2023,Wind,9159,8,9,313
11/25/2024,Wind,18407,0,1,330
7/8/2023,Wind,4740,3,4,189
9/11/2025,Wind,10679,4,5,254
7/15/2023,Wind,6810,3,4,196
11/3/2021,Wind,3050,20,21,307
11/23/2025,Wind,9347,6,7,327
5/18/2021,Wind,5821,14,15,138
2/4/2024,Wind,8994,10,11,35
7/16/2020,Wind,1763,0,1,198
7/3/2020,Wind,3011,2,3,185
3/4/2024,Solar,9667,12,13,64
10/15/2020,Wind,6069,11,12,289
1/25/2023,Wind,1037,22,23,25
2/4/2023,Wind,2961,17,18,35
2/3/2023,Wind,5209,19,20,34
2/24/2025,Wind,13295,14,15,55
11/11/2025,Wind,14313,21,22,315
5/7/2025,Wind,11125,14,15,127
6/18/2024,Solar,7585,15,16,170
4/13/2021,Solar,6733,11,12,103
1/6/2024,Wind,9159,14,15,6
1/19/2020,Wind,4247,2,3,19
6/1/2021,Wind,5282,2,3,152
5/28/2023,Wind,6446,16,17,148
9/19/2025,Solar,12989,13,14,262
8/17/2025,Wind,5923,6,7,229
8/29/2023,Solar,6385,12,13,241
8/13/2020,Wind,2213,23,0,226
8/30/2021,Wind,3173,7,8,242
7/26/2020,Wind,4306,0,1,208
2/25/2023,Wind,3671,2,3,56
8/16/2025,Wind,8918,9,10,228
7/15/2024,Wind,10900,15,16,197
3/6/2020,Wind,11303,1,2,66
9/2/2023,Wind,2084,7,8,245
1/21/2022,Solar,6900,13,14,21
5/6/2023,Wind,1719,4,5,126
9/21/2023,Wind,8784,15,16,264
7/17/2025,Solar,9602,13,14,198
10/5/2023,Solar,6634,13,14,278
6/13/2023,Wind,3141,3,4,164
1/8/2023,Wind,12173,1,2,8
12/10/2020,Wind,5097,4,5,345
3/21/2023,Wind,8403,13,14,80
4/25/2022,Solar,7151,14,15,115
9/14/2025,Wind,4414,1,2,257
9/29/2024,Wind,1277,1,2,273
2/6/2025,Wind,11486,18,19,37
12/20/2022,Wind,11990,11,12,354
11/26/2024,Wind,6210,8,9,331
3/13/2023,Wind,16408,16,17,72
9/3/2025,Wind,18721,10,11,246
11/9/2024,Wind,1300,3,4,314
2/23/2020,Wind,9881,19,20,54
8/3/2020,Wind,4530,20,21,216
11/3/2021,Wind,3960,6,7,307
12/10/2022,Solar,3935,14,15,344
11/22/2024,Wind,15569,11,12,327
6/15/2020,Wind,2040,0,1,167
2/22/2021,Wind,6815,3,4,53
1/28/2025,Wind,20885,13,14,28
6/5/2022,Wind,8904,14,15,156
7/30/2022,Wind,2584,20,21,211
7/29/2021,Wind,965,21,22,210
9/7/2023,Solar,2452,18,19,250
11/11/2023,Wind,6863,1,2,315
3/21/2020,Wind,7494,5,6,81
10/19/2020,Wind,1525,4,5,293
3/15/2024,Wind,14005,9,10,75
2/25/2022,Wind,7242,5,6,56
5/11/2025,Wind,3052,21,22,131
4/4/2023,Solar,11558,13,14,94
2/27/2022,Wind,6470,21,22,58
6/23/2025,Wind,5291,2,3,174
10/8/2020,Wind,6790,4,5,282
7/3/2023,Wind,11708,17,18,184
2/6/2023,Wind,7870,20,21,37
3/30/2023,Wind,18316,13,14,89
5/16/2020,Wind,3193,20,21,137
10/3/2023,Wind,9033,14,15,276
11/20/2020,Wind,2773,19,20,325
8/15/2020,Wind,384,5,6,228
6/21/2024,Wind,2878,8,9,173
12/2/2021,Wind,5934,2,3,336
12/19/2020,Wind,9422,13,14,354
4/10/2021,Wind,5393,9,10,100
12/25/2022,Wind,9466,18,19,359
7/19/2023,Wind,2823,4,5,200
5/14/2024,Wind,6999,17,18,135
5/23/2020,Wind,7862,13,14,144
10/3/2021,Wind,5964,23,0,276
1/29/2024,Wind,8687,13,14,29
10/15/2021,Wind,1124,19,20,288
6/12/2021,Wind,1829,7,8,163
9/22/2020,Wind,894,1,2,266
10/19/2021,Wind,8475,10,11,292
11/7/2022,Wind,8246,17,18,311
8/21/2023,Wind,2603,1,2,233
4/8/2022,Wind,6694,23,0,98
11/10/2020,Solar,2552,12,13,315
8/30/2025,Wind,5384,8,9,242
9/26/2020,Wind,11643,10,11,270
9/3/2024,Wind,1253,23,0,247
3/10/2025,Wind,2663,6,7,69
2/16/2023,Wind,3980,3,4,47
3/11/2020,Wind,11361,15,16,71
12/27/2023,Wind,9035,8,9,361
10/15/2021,Solar,4028,15,16,288
10/14/2021,Wind,1908,1,2,287
3/11/2022,Wind,10317,19,20,70
3/8/2021,Wind,3070,5,6,67
10/23/2025,Wind,17992,19,20,296
8/22/2021,Wind,3212,6,7,234
6/19/2022,Solar,9444,12,13,170
1/2/2022,Wind,6918,4,5,2
12/17/2020,Wind,5845,3,4,352
3/8/2020,Wind,7440,0,1,68
5/22/2020,Wind,1663,23,0,143
8/1/2023,Wind,11387,10,11,213
11/12/2024,Wind,9661,20,21,317
6/26/2022,Solar,4430,14,15,177
5/13/2025,Wind,1684,20,21,133
10/12/2021,Wind,5195,17,18,285
3/26/2021,Wind,5079,8,9,85
6/20/2024,Wind,3344,18,19,172
3/3/2020,Wind,3260,21,22,63
11/18/2022,Wind,7173,13,14,322
3/14/2021,Wind,10637,8,9,73
11/17/2025,Wind,4027,22,23,321
6/25/2021,Wind,2162,0,1,176
5/16/2021,Wind,10947,14,15,136
9/22/2025,Wind,9995,8,9,265
2/17/2022,Wind,16410,13,14,48
1/8/2025,Wind,9828,11,12,8
3/8/2021,Wind,2869,3,4,67
4/8/2025,Solar,8550,15,16,98
9/25/2022,Wind,3647,9,10,268
6/17/2022,Solar,6029,11,12,168
2/24/2024,Wind,15371,12,13,55
11/7/2021,Wind,3223,21,22,311
8/23/2025,Wind,2569,21,22,235
3/1/2022,Wind,2721,21,22,60
4/3/2021,Wind,14891,13,14,93
2/13/2021,Wind,6349,17,18,44
12/26/2023,Wind,9160,6,7,360
3/13/2022,Wind,9151,9,10,72
6/22/2024,Wind,5101,1,2,174
1/15/2025,Solar,6285,13,14,15
8/14/2022,Wind,7767,16,17,226
9/13/2021,Wind,2957,21,22,256
6/4/2020,Wind,5751,14,15,156
10/6/2022,Wind,459,19,20,279
12/19/2022,Wind,12566,4,5,353
3/4/2022,Wind,4002,9,10,63
5/23/2023,Wind,8084,9,10,143
10/12/2025,Wind,5142,2,3,285
4/2/2022,Wind,9702,5,6,92
3/7/2022,Wind,9049,16,17,66
11/23/2022,Wind,8193,6,7,327
1/24/2022,Solar,4385,11,12,24
1/31/2021,Wind,4875,2,3,31
10/22/2025,Solar,7336,13,14,295
9/26/2024,Wind,12407,6,7,270
8/17/2025,Solar,9585,17,18,229
5/10/2023,Wind,7707,3,4,130
3/21/2021,Wind,8663,15,16,80
1/2/2020,Wind,6813,21,22,2
7/5/2023,Wind,12672,13,14,186
7/10/2022,Wind,4249,21,22,191
11/19/2022,Wind,3365,19,20,323
2/23/2024,Wind,15206,0,1,54
6/3/2021,Wind,1289,22,23,154
4/17/2021,Wind,8185,11,12,107
5/15/2024,Solar,4141,18,19,136
10/9/2022,Wind,4252,1,2,282
12/28/2022,Wind,15714,17,18,362
5/17/2021,Wind,11934,8,9,137
3/10/2021,Wind,10787,17,18,69
3/29/2020,Wind,12637,20,21,89
12/9/2022,Wind,3573,11,12,343
7/17/2022,Solar,6303,17,18,198
2/23/2022,Wind,1715,18,19,54
5/1/2020,Wind,8478,11,12,122
2/20/2020,Wind,12752,12,13,51
9/12/2023,Wind,1028,3,4,255
5/30/2022,Solar,2738,8,9,150
3/12/2020,Wind,8034,22,23,72
12/16/2024,Wind,3165,18,19,351
2/8/2022,Wind,2613,19,20,39
2/10/2023,Wind,1779,19,20,41
12/10/2024,Wind,11211,0,1,345
3/25/2020,Solar,5257,10,11,85
1/23/2023,Wind,4215,5,6,23
3/31/2022,Wind,3308,3,4,90
8/7/2020,Wind,2007,23,0,220
2/10/2025,Wind,6846,18,19,41
7/21/2021,Solar,6031,15,16,202
9/4/2021,Solar,2823,10,11,247
6/23/2025,Wind,4846,1,2,174
2/23/2025,Wind,13530,15,16,54
9/27/2024,Wind,10616,20,21,271
3/17/2025,Wind,5188,0,1,76
6/24/2025,Wind,2704,1,2,175
12/1/2024,Wind,7486,19,20,336
7/26/2021,Wind,1779,21,22,207
1/15/2023,Wind,19266,12,13,15
11/2/2020,Wind,9919,3,4,307
2/25/2022,Wind,2846,20,21,56
1/17/2025,Solar,5413,13,14,17
9/8/2020,Wind,895,23,0,252
4/12/2021,Wind,3967,18,19,102
7/27/2021,Wind,1566,0,1,208
12/17/2020,Wind,7100,0,1,352
4/9/2023,Wind,4433,0,1,99
5/1/2022,Solar,5604,16,17,121
10/23/2023,Wind,7230,15,16,296
4/6/2024,Wind,6760,16,17,97
3/25/2021,Wind,2424,23,0,84
12/29/2020,Wind,4941,11,12,364
4/9/2020,Wind,746,3,4,100
6/6/2022,Wind,3575,8,9,157
5/8/2020,Wind,2057,21,22,129
2/6/2023,Wind,7478,10,11,37
3/25/2024,Wind,1448,1,2,85
6/11/2023,Wind,1826,1,2,162
1/14/2025,Solar,6088,11,12,14
2/15/2022,Wind,13036,18,19,46
2/6/2025,Wind,12066,23,0,37
12/22/2023,Wind,15656,19,20,356
7/7/2020,Solar,2361,8,9,189
7/20/2021,Wind,4074,1,2,201
12/2/2021,Wind,4111,21,22,336
10/19/2021,Wind,8741,11,12,292
2/2/2022,Wind,2853,20,21,33
8/14/2025,Wind,2267,3,4,226
5/23/2023,Wind,6766,8,9,143
4/24/2023,Wind,6416,18,19,114
8/30/2021,Wind,5261,21,22,242
11/10/2020,Solar,2271,11,12,315
10/17/2023,Wind,6810,10,11,290
8/3/2024,Solar,8860,12,13,216
9/16/2021,Wind,631,6,7,259
5/23/2021,Wind,5138,8,9,143
2/15/2020,Wind,6365,7,8,46
3/16/2020,Wind,3587,13,14,76
4/9/2024,Wind,13710,6,7,100
5/18/2021,Solar,5550,12,13,138
8/4/2025,Solar,13010,13,14,216
1/5/2022,Wind,3791,18,19,5
12/1/2023,Wind,4345,23,0,335
7/28/2021,Wind,3178,6,7,209
2/24/2023,Wind,5858,14,15,55
7/26/2022,Wind,4218,19,20,207
3/18/2020,Wind,380,18,19,78
5/18/2025,Wind,3318,7,8,138
9/30/2023,Wind,1568,8,9,273
2/20/2020,Wind,7848,8,9,51
5/16/2022,Wind,691,20,21,136
5/27/2021,Wind,1412,3,4,147
2/12/2025,Solar,3450,10,11,43
9/13/2023,Wind,1595,8,9,256
6/24/2025,Wind,1094,21,22,175
8/21/2025,Wind,11238,15,16,233
9/29/2022,Wind,1057,20,21,272
5/1/2024,Wind,5445,21,22,122
12/9/2022,Wind,1529,22,23,343
11/25/2025,Wind,9734,0,1,329
10/23/2025,Wind,15398,16,17,296
3/21/2024,Wind,2243,5,6,81
5/3/2022,Solar,5540,15,16,123
1/14/2023,Wind,8733,2,3,14
10/3/2022,Wind,1731,18,19,276
10/6/2021,Wind,8240,4,5,279
1/17/2025,Wind,1503,22,23,17
7/11/2024,Wind,3990,22,23,193
2/19/2024,Wind,9227,16,17,50
3/8/2025,Wind,14741,13,14,67
10/5/2022,Wind,14688,15,16,278
11/24/2024,Wind,18598,6,7,329
5/6/2024,Wind,2849,1,2,127
4/10/2020,Wind,3686,22,23,101
7/22/2025,Wind,9162,8,9,203
10/23/2024,Wind,1780,0,1,297
11/6/2024,Wind,148,3,4,311
10/30/2022,Solar,5627,14,15,303
2/16/2024,Wind,9141,11,12,47
10/29/2022,Wind,9218,12,13,302
6/29/2024,Wind,5896,17,18,181
10/28/2020,Wind,11856,15,16,302
11/23/2020,Solar,2770,13,14,328
8/7/2020,Solar,2939,17,18,220
4/28/2021,Wind,4461,15,16,118
10/8/2025,Solar,4242,17,18,281
9/16/2024,Wind,8604,18,19,260
9/1/2025,Wind,8188,10,11,244
4/5/2025,Wind,6463,20,21,95
3/7/2022,Wind,7396,17,18,66
2/25/2023,Wind,8199,18,19,56
1/31/2020,Wind,5824,8,9,31
8/9/2022,Wind,7621,22,23,221
4/26/2025,Wind,4158,16,17,116
12/29/2023,Wind,10568,22,23,363
7/30/2025,Solar,9183,15,16,211
3/17/2023,Wind,8029,17,18,76
2/11/2025,Wind,5637,1,2,42
2/8/2021,Wind,1234,8,9,39
3/3/2024,Wind,2805,3,4,63
2/2/2024,Wind,3042,2,3,33
8/30/2020,Wind,3412,5,6,243
8/29/2024,Solar,6094,12,13,242
11/8/2020,Wind,4481,5,6,313
2/25/2024,Wind,11356,10,11,56
11/30/2023,Wind,1743,20,21,334
11/3/2022,Wind,10359,14,15,307
1/29/2023,Wind,2807,16,17,29
3/24/2025,Wind,3751,17,18,83
3/10/2024,Solar,4489,11,12,70
7/22/2022,Wind,2905,19,20,203
2/9/2024,Wind,9829,19,20,40
12/19/2024,Wind,17655,11,12,354
1/7/2024,Wind,7382,5,6,7
12/3/2020,Wind,12392,20,21,338
8/7/2025,Wind,930,3,4,219
11/15/2025,Wind,4692,3,4,319
11/2/2022,Wind,5751,9,10,306
5/12/2024,Wind,7203,18,19,133
3/1/2021,Wind,4546,20,21,60
6/25/2025,Solar,9154,14,15,176
6/12/2022,Wind,4471,19,20,163
8/9/2024,Solar,7538,15,16,222
7/17/2022,Wind,3664,22,23,198
10/7/2023,Wind,1842,4,5,280
10/26/2025,Wind,11977,19,20,299
8/1/2024,Solar,7736,13,14,214
11/14/2022,Wind,4986,12,13,318
9/6/2025,Wind,9528,9,10,249
3/1/2023,Wind,7633,0,1,60
12/13/2024,Wind,718,21,22,348
9/26/2025,Wind,990,6,7,269
6/23/2025,Wind,5544,4,5,174
2/27/2023,Wind,16405,16,17,58
1/8/2022,Wind,15893,14,15,8
1/23/2025,Wind,7687,9,10,23
3/17/2022,Wind,5379,15,16,76
12/25/2021,Solar,2139,11,12,359
7/29/2025,Solar,11049,15,16,210
5/17/2022,Wind,3135,7,8,137
2/29/2024,Wind,7464,5,6,60
12/13/2021,Solar,1959,15,16,347
1/7/2025,Wind,6904,22,23,7
6/15/2020,Wind,3068,19,20,167
2/1/2022,Wind,9308,9,10,32
7/24/2025,Wind,7239,18,19,205
3/22/2022,Solar,8895,12,13,81
1/22/2024,Wind,16728,5,6,22
8/26/2024,Wind,1669,22,23,239
6/20/2024,Solar,5316,12,13,172
5/27/2024,Wind,8313,15,16,148
3/27/2025,Wind,4075,7,8,86
9/30/2024,Wind,17990,14,15,274
11/14/2022,Wind,6382,21,22,318
7/2/2023,Wind,2882,8,9,183
8/7/2023,Solar,8202,17,18,219
4/3/2023,Wind,11111,12,13,93
7/8/2025,Solar,12184,15,16,189
9/16/2025,Wind,9343,7,8,259
4/13/2022,Wind,1107,6,7,103
6/26/2022,Wind,2699,0,1,177
10/26/2024,Wind,2085,5,6,300
5/15/2024,Wind,2598,3,4,136
8/4/2020,Wind,2214,5,6,217
9/16/2021,Wind,842,22,23,259
10/29/2024,Wind,1733,1,2,303
2/20/2025,Wind,8149,17,18,51
12/18/2023,Wind,2271,8,9,352
4/21/2025,Wind,2788,21,22,111
9/21/2022,Solar,6437,16,17,264
3/11/2025,Wind,6371,16,17,70
6/23/2023,Solar,7189,11,12,174
4/6/2023,Wind,4765,9,10,96
6/7/2025,Wind,6797,4,5,158
9/20/2025,Wind,10122,19,20,263
11/30/2022,Wind,1058,1,2,334
10/30/2025,Wind,4783,6,7,303
1/21/2025,Wind,2522,8,9,21
6/2/2024,Wind,5303,15,16,154
3/23/2025,Wind,4373,6,7,82
6/10/2024,Wind,3938,4,5,162
6/12/2025,Solar,5717,14,15,163
1/2/2025,Wind,8804,5,6,2
5/13/2021,Solar,5509,15,16,133
6/17/2022,Solar,3404,18,19,168
10/13/2025,Wind,6944,23,0,286
9/16/2020,Wind,1013,8,9,260
12/18/2022,Wind,6542,7,8,352
8/3/2024,Wind,3203,5,6,216
9/26/2020,Wind,11741,15,16,270
3/29/2020,Wind,11027,6,7,89
7/1/2020,Wind,3679,8,9,183
6/19/2023,Wind,1807,7,8,170
11/2/2021,Wind,2889,23,0,306
3/1/2022,Wind,2612,3,4,60
3/17/2021,Wind,5240,23,0,76
4/26/2022,Solar,7982,14,15,116
11/15/2021,Wind,1107,23,0,319
8/18/2023,Wind,3018,19,20,230
8/15/2025,Wind,4269,0,1,227
7/9/2020,Wind,4573,19,20,191
7/25/2022,Wind,7106,21,22,206
2/6/2023,Solar,9036,12,13,37
2/4/2025,Wind,1737,3,4,35
1/10/2020,Wind,7774,5,6,10
4/25/2023,Wind,2753,7,8,115
4/8/2024,Wind,9139,23,0,99
8/11/2020,Solar,3542,16,17,224
6/2/2025,Wind,2742,8,9,153
7/29/2022,Wind,2125,21,22,210
4/4/2024,Wind,20481,13,14,95
3/1/2021,Wind,4978,22,23,60
2/20/2025,Wind,9773,21,22,51
4/16/2020,Wind,1414,19,20,107
3/28/2025,Wind,9362,17,18,87
5/21/2021,Wind,9817,1,2,141
7/13/2020,Wind,2341,7,8,195
8/31/2024,Wind,4579,3,4,244
12/9/2024,Wind,15224,9,10,344
9/2/2023,Solar,6760,13,14,245
4/14/2024,Wind,2636,21,22,105
1/9/2020,Wind,6309,0,1,9
10/19/2020,Wind,3178,8,9,293
6/29/2023,Wind,4840,19,20,180
3/8/2022,Wind,4726,19,20,67
8/16/2025,Wind,7037,4,5,228
1/6/2022,Solar,5505,14,15,6
12/8/2021,Wind,5949,22,23,342
5/29/2023,Wind,8702,5,6,149
4/29/2022,Wind,4185,19,20,119
1/21/2024,Wind,15113,13,14,21
10/28/2021,Wind,4894,2,3,301
4/21/2025,Wind,4219,19,20,111
6/27/2020,Wind,3501,6,7,179
3/18/2025,Wind,12324,3,4,77
6/15/2025,Wind,2950,1,2,166
1/28/2023,Wind,4875,16,17,28
10/21/2024,Wind,7969,0,1,295
2/7/2023,Wind,8915,10,11,38
2/12/2021,Wind,8474,18,19,43
11/6/2025,Wind,2204,17,18,310
7/12/2025,Solar,7623,17,18,193
10/6/2021,Wind,12605,13,14,279
11/10/2025,Wind,12527,14,15,314
1/10/2023,Wind,8206,2,3,10
5/8/2022,Wind,4571,0,1,128
11/25/2024,Wind,6940,20,21,330
10/26/2020,Wind,7511,21,22,300
8/16/2022,Wind,994,0,1,228
4/25/2025,Solar,7637,17,18,115
10/6/2021,Wind,8206,5,6,279
11/1/2023,Wind,12791,2,3,305
3/27/2025,Wind,5016,8,9,86
10/5/2024,Wind,2709,2,3,279
2/26/2021,Wind,4537,11,12,57
10/8/2025,Wind,703,7,8,281
5/19/2022,Wind,5194,9,10,139
9/17/2021,Wind,638,6,7,260
12/16/2021,Wind,5347,20,21,350
6/24/2023,Solar,3126,19,20,175
2/9/2023,Solar,5239,11,12,40
5/13/2024,Wind,1791,5,6,134
10/4/2025,Wind,19412,10,11,277
7/17/2025,Solar,3408,8,9,198
7/6/2022,Wind,2998,5,6,187
2/11/2020,Wind,11863,4,5,42
8/20/2024,Wind,3228,2,3,233
8/29/2022,Wind,5234,2,3,241
8/21/2021,Wind,2289,8,9,233
3/22/2022,Wind,4874,4,5,81
2/25/2024,Wind,7291,5,6,56
1/17/2025,Solar,5260,12,13,17
12/8/2022,Wind,2074,17,18,342
3/27/2024,Wind,5339,1,2,87
10/29/2022,Wind,5791,20,21,302
9/25/2023,Wind,3360,5,6,268
5/29/2025,Wind,2576,3,4,149
10/14/2021,Wind,1743,3,4,287
10/11/2023,Solar,9015,15,16,284
5/20/2023,Wind,10266,11,12,140
5/27/2022,Solar,5628,10,11,147
11/26/2020,Wind,2773,1,2,331
6/29/2021,Wind,1489,7,8,180
9/30/2023,Wind,1029,0,1,273
7/7/2023,Solar,10199,13,14,188
8/18/2021,Wind,2082,5,6,230
5/30/2020,Solar,7142,13,14,151
12/3/2023,Wind,12003,13,14,337
1/5/2024,Wind,7892,9,10,5
6/5/2024,Solar,6522,18,19,157
9/4/2020,Wind,1556,3,4,248
7/20/2023,Wind,3428,19,20,201
5/15/2020,Wind,8261,0,1,136
11/23/2021,Wind,9773,13,14,327
12/22/2021,Wind,5802,23,0,356
11/13/2023,Wind,18876,11,12,317
11/25/2023,Wind,4410,20,21,329
6/29/2023,Solar,1265,7,8,180
6/1/2025,Wind,2320,7,8,152
5/5/2023,Wind,2941,2,3,125
3/25/2021,Solar,4960,14,15,84
7/7/2021,Solar,4779,11,12,188
1/6/2022,Wind,2049,5,6,6
7/16/2024,Wind,8767,1,2,198
1/24/2024,Wind,17178,2,3,24
6/26/2020,Wind,3797,0,1,178
6/24/2020,Solar,6632,12,13,176
11/30/2023,Wind,1216,16,17,334
2/6/2020,Wind,6009,20,21,37
9/5/2022,Wind,5892,0,1,248
8/6/2025,Solar,6728,17,18,218
10/27/2023,Wind,9172,4,5,300
7/24/2023,Wind,10535,11,12,205
10/14/2021,Wind,1373,22,23,287
1/12/2023,Wind,16129,18,19,12
5/31/2021,Wind,5070,0,1,151
11/4/2021,Wind,4199,19,20,308
6/20/2024,Solar,4899,11,12,172
4/26/2023,Solar,2020,18,19,116
6/29/2025,Wind,4676,23,0,180
1/23/2020,Wind,5287,7,8,23
1/30/2022,Wind,4507,2,3,30
8/3/2022,Solar,5552,16,17,215
9/13/2024,Wind,4252,22,23,257
4/25/2023,Wind,2273,19,20,115
9/25/2022,Wind,3110,8,9,268
2/2/2025,Wind,1338,20,21,33
2/16/2024,Wind,10687,1,2,47
8/28/2025,Wind,3117,7,8,240
10/26/2023,Wind,4654,18,19,299
5/18/2021,Wind,4730,17,18,138
7/18/2020,Solar,1804,8,9,200
6/22/2024,Solar,7746,12,13,174
3/17/2025,Wind,5414,4,5,76
6/25/2021,Solar,5149,16,17,176
7/26/2022,Solar,7335,14,15,207
6/10/2025,Solar,7100,18,19,161
2/16/2025,Wind,4873,8,9,47
4/7/2022,Wind,17696,13,14,97
2/3/2020,Wind,10771,21,22,34
10/17/2024,Wind,3165,8,9,291
9/3/2024,Solar,5281,13,14,247
7/10/2024,Wind,3100,6,7,192
11/26/2023,Solar,6070,13,14,330
8/13/2024,Wind,1141,6,7,226
6/7/2024,Wind,2329,3,4,159
4/29/2025,Wind,6877,0,1,119
5/23/2024,Wind,3036,3,4,144
4/21/2021,Solar,5592,14,15,111
1/14/2020,Wind,13814,15,16,14
1/24/2025,Wind,11590,21,22,24
1/8/2020,Wind,3069,16,17,8
4/7/2023,Wind,2704,20,21,97
5/23/2020,Wind,2524,6,7,144
2/11/2020,Wind,11631,6,7,42
10/6/2020,Wind,11206,10,11,280
2/24/2022,Wind,14179,16,17,55
7/6/2023,Solar,1340,7,8,187
6/6/2025,Wind,7508,8,9,157
4/6/2021,Wind,3992,23,0,96
9/14/2025,Wind,14751,21,22,257
7/20/2023,Wind,2071,22,23,201
10/24/2021,Wind,4056,4,5,297
4/3/2025,Wind,10072,3,4,93
3/12/2025,Solar,4529,11,12,71
11/27/2020,Wind,1662,16,17,332
4/15/2022,Wind,1294,4,5,105
4/25/2023,Wind,2620,2,3,115
4/30/2024,Wind,3529,3,4,121
2/21/2025,Wind,12234,22,23,52
3/10/2022,Wind,5858,3,4,69
10/10/2023,Solar,5527,16,17,283
5/17/2025,Wind,7119,1,2,137
9/29/2023,Wind,11544,10,11,272
3/12/2024,Wind,8268,23,0,72
4/24/2022,Wind,2801,6,7,114
2/7/2025,Wind,9209,20,21,38
3/11/2022,Wind,8811,1,2,70
11/13/2021,Wind,6028,0,1,317
11/21/2025,Wind,7003,15,16,325
3/26/2024,Wind,7721,1,2,86
3/21/2025,Wind,12665,8,9,80
8/15/2024,Solar,9758,14,15,228
5/28/2025,Wind,17702,17,18,148
12/23/2023,Wind,14387,21,22,357
9/17/2022,Wind,10410,11,12,260
8/4/2024,Solar,6165,10,11,217
2/1/2024,Wind,5460,7,8,32
1/3/2023,Wind,4994,6,7,3
7/15/2022,Solar,6073,17,18,196
2/1/2020,Wind,8897,2,3,32
8/26/2022,Wind,3140,5,6,238
11/25/2024,Wind,12182,12,13,330
3/30/2023,Wind,9358,21,22,89
9/8/2025,Solar,6288,15,16,251
12/4/2020,Wind,7773,10,11,339
12/24/2024,Wind,2401,22,23,359
3/5/2023,Wind,1899,7,8,64
8/11/2020,Wind,1697,1,2,224
8/26/2022,Solar,5642,10,11,238
7/6/2022,Wind,3478,20,21,187
8/22/2024,Wind,5770,21,22,235
12/6/2022,Wind,1862,3,4,340
9/1/2020,Wind,1006,6,7,245
9/19/2023,Wind,15144,12,13,262
9/9/2021,Wind,5383,15,16,252
11/2/2022,Wind,10158,13,14,306
3/5/2025,Wind,2008,18,19,64
7/22/2023,Wind,4175,22,23,203
1/5/2020,Solar,2952,14,15,5
6/26/2025,Wind,7668,7,8,177
12/18/2023,Wind,1948,4,5,352
8/6/2025,Wind,1318,23,0,218
6/26/2021,Solar,4649,12,13,177
2/2/2022,Wind,7485,6,7,33
9/18/2024,Wind,8921,7,8,262
2/25/2025,Wind,3638,1,2,56
3/14/2022,Wind,6052,21,22,73
10/29/2022,Wind,9396,11,12,302
7/19/2024,Solar,6264,17,18,201
8/21/2022,Solar,4951,16,17,233
4/10/2023,Wind,10159,20,21,100
11/28/2023,Wind,6161,11,12,332
11/4/2021,Wind,3133,7,8,308
3/9/2020,Wind,9741,23,0,69
7/10/2020,Wind,4992,17,18,192
1/16/2025,Wind,7073,10,11,16
5/19/2025,Wind,6109,1,2,139
7/7/2022,Solar,8621,11,12,188
12/10/2020,Wind,4035,13,14,345
10/12/2023,Solar,7762,11,12,285
11/29/2024,Wind,5912,15,16,334
10/5/2021,Wind,7372,1,2,278
4/15/2025,Wind,8585,16,17,105
5/1/2021,Wind,3890,23,0,121
11/16/2025,Wind,1691,4,5,320
3/9/2023,Wind,17554,12,13,68
8/27/2024,Wind,2062,19,20,240
11/3/2021,Wind,3955,9,10,307
3/5/2022,Wind,3949,23,0,64
2/28/2020,Wind,11274,22,23,59
11/23/2023,Wind,6141,10,11,327
10/27/2020,Wind,12379,14,15,301
11/24/2024,Wind,18615,5,6,329
8/6/2021,Wind,6003,5,6,218
5/19/2020,Wind,4187,23,0,140
4/4/2025,Wind,6856,6,7,94
6/17/2025,Wind,3635,0,1,168
2/21/2025,Wind,15847,10,11,52
1/21/2022,Wind,3197,23,0,21
2/5/2024,Wind,9118,15,16,36
9/15/2021,Wind,3067,17,18,258
9/21/2025,Wind,2363,8,9,264
9/6/2024,Wind,4227,9,10,250
1/18/2024,Wind,6778,0,1,18
4/17/2020,Wind,2302,19,20,108
4/11/2023,Wind,8115,5,6,101
8/21/2023,Wind,1191,20,21,233
7/14/2023,Solar,13917,13,14,195
11/3/2025,Wind,7218,5,6,307
10/17/2021,Wind,2556,21,22,290
11/30/2024,Solar,4832,12,13,335
11/25/2023,Wind,4113,21,22,329
1/31/2021,Wind,4830,13,14,31
1/28/2023,Wind,5832,4,5,28
5/26/2024,Wind,6474,9,10,147
10/26/2024,Wind,1387,20,21,300
3/23/2025,Wind,3278,17,18,82
4/30/2022,Wind,4322,7,8,120
4/20/2022,Wind,4805,6,7,110
6/2/2021,Wind,3681,6,7,153
1/24/2024,Wind,5801,23,0,24
1/1/2023,Wind,8841,15,16,1
4/3/2023,Wind,9447,10,11,93
6/16/2024,Wind,2819,23,0,168
8/3/2025,Wind,1935,5,6,215
7/30/2023,Wind,8461,11,12,211
11/18/2024,Wind,7512,16,17,323
12/24/2024,Wind,3896,4,5,359
11/18/2023,Wind,6173,5,6,322
4/18/2023,Wind,9947,10,11,108
2/18/2020,Wind,8878,10,11,49
4/4/2025,Wind,8435,9,10,94
9/14/2022,Wind,2222,1,2,257
1/29/2020,Wind,7788,6,7,29
1/28/2024,Wind,7220,2,3,28
4/10/2023,Wind,9987,22,23,100
11/26/2025,Wind,2667,17,18,330
11/14/2021,Wind,3983,17,18,318
8/29/2020,Wind,3146,23,0,242
10/20/2021,Wind,14105,23,0,293
12/18/2022,Wind,9866,14,15,352
6/12/2023,Wind,2822,23,0,163
8/26/2020,Wind,9996,2,3,239
3/26/2024,Wind,5861,16,17,86
3/21/2021,Wind,9194,13,14,80
7/17/2021,Wind,2997,7,8,198
10/17/2021,Solar,5154,13,14,290
3/26/2022,Wind,7484,4,5,85
6/29/2022,Solar,5599,16,17,180
1/1/2020,Wind,1181,19,20,1
7/20/2024,Wind,1022,5,6,202
2/14/2020,Wind,5436,4,5,45
9/10/2025,Wind,10232,17,18,253
4/25/2025,Solar,5940,18,19,115
10/20/2021,Wind,12501,19,20,293
4/16/2021,Wind,9475,12,13,106
2/21/2022,Wind,16981,16,17,52
9/3/2025,Wind,13651,20,21,246
6/7/2020,Solar,3557,17,18,159
4/27/2023,Solar,6242,11,12,117
4/10/2021,Wind,4730,20,21,100
12/4/2021,Wind,10684,10,11,338
2/24/2020,Wind,10886,19,20,55
9/9/2021,Wind,3730,11,12,252
8/22/2020,Wind,4830,1,2,235
7/22/2023,Wind,2780,0,1,203
11/23/2022,Wind,6841,3,4,327
1/10/2024,Wind,2553,10,11,10
6/9/2025,Wind,1980,2,3,160
8/6/2022,Wind,7359,22,23,218
5/24/2024,Wind,858,2,3,145
6/7/2025,Wind,7229,5,6,158
6/4/2025,Wind,4864,9,10,155
7/7/2021,Wind,4008,2,3,188
1/21/2020,Wind,3804,19,20,21
11/18/2024,Wind,9698,20,21,323
7/15/2023,Wind,9590,21,22,196
6/11/2020,Wind,5128,16,17,163
8/31/2022,Solar,7007,13,14,243
1/23/2020,Wind,6776,1,2,23
4/23/2023,Wind,10214,20,21,113
9/14/2024,Solar,10425,13,14,258
6/14/2025,Wind,5426,8,9,165
5/10/2025,Solar,6944,13,14,130
11/24/2025,Wind,11448,18,19,328
6/1/2023,Solar,9662,14,15,152
7/16/2023,Wind,8159,12,13,197
4/21/2022,Wind,3553,7,8,111
10/13/2021,Wind,2169,20,21,286
9/12/2023,Solar,3541,17,18,255
3/3/2025,Solar,5647,9,10,62
11/18/2021,Wind,1363,5,6,322
10/2/2025,Solar,5424,9,10,275
8/15/2023,Solar,5290,11,12,227
8/21/2020,Wind,4957,0,1,234
1/18/2025,Solar,4165,13,14,18
12/18/2020,Wind,6024,6,7,353
9/8/2020,Wind,1224,7,8,252
9/19/2022,Wind,4643,18,19,262
1/7/2021,Wind,1245,16,17,7
10/15/2022,Wind,6877,0,1,288
10/22/2020,Wind,3174,23,0,296
5/10/2022,Wind,2336,5,6,130
11/19/2025,Wind,14209,15,16,323
4/22/2025,Wind,3114,21,22,112
9/19/2024,Wind,10053,9,10,263
6/14/2022,Solar,4589,17,18,165
1/14/2021,Wind,7406,3,4,14
4/14/2021,Solar,4051,9,10,104
12/17/2020,Wind,5050,9,10,352
4/17/2024,Wind,10061,18,19,108
11/24/2023,Wind,14087,14,15,328
1/27/2024,Wind,4715,9,10,27
11/28/2025,Wind,6838,17,18,332
11/29/2021,Wind,4680,22,23,333
2/15/2025,Solar,9563,13,14,46
8/3/2024,Wind,3586,3,4,216
2/26/2024,Wind,14028,23,0,57
10/15/2025,Wind,5192,4,5,288
1/25/2020,Wind,1912,20,21,25
10/27/2020,Wind,11275,19,20,301
9/24/2020,Wind,9187,15,16,268
5/11/2025,Wind,6079,18,19,131
1/4/2020,Wind,2969,19,20,4
9/5/2024,Wind,7511,10,11,249
6/12/2024,Wind,3484,19,20,164
11/18/2025,Solar,8521,13,14,322
9/30/2021,Solar,8373,13,14,273
1/18/2024,Wind,7406,13,14,18
4/10/2025,Wind,9152,2,3,100
1/21/2023,Wind,8905,19,20,21
10/14/2020,Wind,5394,19,20,288
3/2/2021,Wind,2119,17,18,61
9/1/2023,Wind,6404,8,9,244
2/28/2021,Wind,7100,8,9,59
6/5/2022,Wind,2905,8,9,156
9/27/2020,Wind,12950,9,10,271
11/29/2020,Wind,2581,21,22,334
1/13/2023,Wind,12114,17,18,13
12/12/2020,Wind,5264,3,4,347
6/10/2022,Solar,3451,8,9,161
9/5/2025,Wind,3073,5,6,248
5/28/2021,Solar,3776,17,18,148
8/13/2023,Solar,6313,17,18,225
11/13/2024,Wind,5053,21,22,318
5/27/2021,Wind,1552,21,22,147
3/14/2020,Wind,5134,16,17,74
11/10/2021,Wind,576,1,2,314
3/13/2020,Wind,6501,15,16,73
7/9/2024,Wind,2789,21,22,191
8/1/2023,Wind,15715,16,17,213
1/28/2023,Wind,3066,20,21,28
11/14/2025,Wind,12444,5,6,318
6/11/2020,Wind,3414,20,21,163
7/14/2021,Wind,8011,11,12,195
4/2/2023,Wind,6236,23,0,92
9/4/2024,Solar,4253,14,15,248
10/5/2020,Wind,9449,19,20,279
8/25/2024,Wind,2594,23,0,238
10/10/2021,Solar,4221,11,12,283
6/27/2024,Wind,3505,22,23,179
11/4/2020,Wind,1716,1,2,309
7/20/2021,Solar,6377,11,12,201
8/2/2021,Wind,1116,3,4,214
9/23/2021,Solar,2760,9,10,266
1/27/2024,Wind,3581,8,9,27
12/30/2022,Wind,15334,19,20,364
11/18/2024,Wind,9122,14,15,323
12/4/2023,Wind,12629,0,1,338
1/2/2020,Wind,1267,0,1,2
9/8/2021,Wind,5258,4,5,251
6/11/2025,Wind,6852,22,23,162
8/26/2025,Wind,4080,4,5,238
5/11/2024,Solar,6348,9,10,132
5/18/2023,Wind,5477,6,7,138
8/21/2025,Wind,3450,0,1,233
10/15/2024,Wind,10680,22,23,289
5/15/2024,Solar,5901,16,17,136
5/12/2022,Solar,6042,15,16,132
4/3/2020,Wind,1864,7,8,94
10/11/2021,Solar,5672,16,17,284
2/26/2023,Wind,17091,9,10,57
3/17/2023,Wind,8681,8,9,76
10/23/2023,Wind,9170,12,13,296
4/29/2020,Wind,4629,7,8,120
10/12/2021,Wind,3559,23,0,285
12/14/2022,Wind,2282,20,21,348
11/30/2020,Solar,3638,13,14,335
2/15/2025,Solar,8954,10,11,46
9/13/2020,Wind,2238,22,23,257
5/20/2023,Wind,6405,8,9,140
1/8/2022,Wind,7370,8,9,8
2/13/2024,Wind,10458,22,23,44
8/28/2021,Wind,4282,2,3,240
11/1/2022,Wind,11364,16,17,305
10/10/2021,Wind,1388,7,8,283
11/25/2020,Wind,6472,3,4,330
6/24/2022,Wind,7951,12,13,175
9/21/2023,Wind,6345,18,19,264
3/14/2021,Wind,10044,22,23,73
9/13/2022,Wind,4288,17,18,256
9/13/2022,Wind,1837,4,5,256
10/13/2025,Solar,12354,14,15,286
1/11/2025,Wind,1684,2,3,11
9/29/2020,Wind,1974,4,5,273
9/13/2022,Solar,6012,13,14,256
5/1/2022,Solar,6628,12,13,121
4/18/2022,Wind,3161,5,6,108
12/23/2022,Wind,13842,18,19,357
6/26/2023,Solar,10406,13,14,177
8/25/2024,Wind,5857,3,4,238
6/19/2022,Solar,10248,13,14,170
7/7/2021,Wind,1885,21,22,188
8/30/2020,Wind,2748,1,2,243
6/4/2022,Wind,4362,21,22,155
3/28/2020,Wind,2548,7,8,88
5/10/2024,Solar,11083,12,13,131
3/24/2020,Wind,6448,2,3,84
3/6/2023,Wind,1479,6,7,65
11/30/2021,Wind,6255,0,1,334
1/23/2023,Wind,7331,12,13,23
8/4/2023,Wind,7300,18,19,216
9/22/2025,Wind,8812,14,15,265
4/30/2024,Wind,3771,1,2,121
7/14/2020,Wind,1726,22,23,196
12/31/2023,Wind,18435,15,16,365
3/4/2025,Solar,4702,16,17,63
1/2/2022,Wind,11203,11,12,2
8/17/2021,Wind,1590,6,7,229
4/15/2023,Wind,7248,7,8,105
9/22/2023,Wind,8885,10,11,265
12/6/2020,Wind,3287,4,5,341
9/18/2023,Wind,6373,5,6,261
6/11/2020,Wind,4033,23,0,163
8/9/2023,Wind,2396,4,5,221
8/29/2020,Wind,4482,12,13,242
5/30/2024,Wind,12091,17,18,151
6/9/2020,Wind,3597,2,3,161
9/12/2025,Wind,6097,22,23,255
2/15/2022,Wind,13655,15,16,46
11/17/2024,Wind,4894,2,3,322
12/19/2023,Wind,8095,8,9,353
2/10/2024,Wind,7820,19,20,41
10/24/2023,Wind,3772,18,19,297
6/23/2021,Solar,3755,10,11,174
1/9/2025,Wind,12685,6,7,9
2/22/2024,Wind,17499,20,21,53
6/6/2024,Solar,8522,14,15,158
9/15/2024,Wind,3730,1,2,259
12/15/2021,Solar,3503,11,12,349
10/6/2024,Wind,8023,18,19,280
8/3/2023,Wind,4024,21,22,215
10/20/2024,Wind,8964,23,0,294
3/30/2021,Wind,1147,19,20,89
9/3/2020,Wind,2032,7,8,247
10/6/2021,Wind,8433,2,3,279
1/7/2024,Wind,11747,22,23,7
12/1/2023,Wind,2284,6,7,335
3/3/2021,Wind,1128,21,22,62
4/18/2020,Wind,1215,21,22,109
4/11/2022,Wind,9774,2,3,101
12/12/2021,Wind,5111,6,7,346
8/29/2021,Wind,6095,18,19,241
3/18/2020,Solar,3175,10,11,78
6/25/2022,Wind,2159,7,8,176
4/18/2023,Wind,11565,11,12,108
4/27/2021,Wind,1032,20,21,117
2/1/2020,Wind,11065,16,17,32
9/20/2022,Wind,2922,22,23,263
1/29/2024,Wind,9034,22,23,29
9/13/2023,Wind,1390,20,21,256
10/30/2021,Wind,4389,18,19,303
9/27/2022,Wind,6928,2,3,270
1/29/2025,Wind,13368,9,10,29
7/2/2024,Wind,3683,0,1,184
10/24/2020,Wind,6021,3,4,298
6/21/2022,Wind,5789,0,1,172
2/16/2025,Solar,7270,10,11,47
11/5/2025,Wind,12121,17,18,309
3/22/2025,Wind,8524,7,8,81
11/8/2023,Wind,12232,9,10,312
10/10/2024,Wind,2319,23,0,284
9/17/2024,Wind,14059,10,11,261
10/2/2023,Wind,5601,19,20,275
2/24/2021,Wind,8746,12,13,55
6/26/2023,Solar,6076,9,10,177
2/11/2023,Solar,5927,14,15,42
6/25/2025,Wind,5491,23,0,176
8/28/2023,Wind,3213,21,22,240
1/26/2021,Wind,3944,17,18,26
12/30/2020,Wind,3287,9,10,365
12/7/2021,Wind,8851,1,2,341
4/13/2020,Wind,10314,20,21,104
8/2/2024,Wind,4700,22,23,215
12/12/2021,Wind,1910,22,23,346
5/3/2025,Wind,5299,22,23,123
11/26/2024,Wind,3695,16,17,331
6/4/2025,Wind,3666,8,9,155
5/16/2021,Wind,4293,6,7,136
9/21/2025,Wind,7088,1,2,264
6/25/2022,Wind,2133,21,22,176
4/10/2024,Wind,6344,3,4,101
6/5/2024,Wind,1730,23,0,157
9/3/2024,Solar,4492,16,17,247
1/20/2024,Wind,8001,20,21,20
12/30/2023,Wind,12265,12,13,364
10/8/2021,Solar,5294,10,11,281
11/27/2024,Wind,11127,3,4,332
12/29/2020,Wind,4426,9,10,364
1/20/2020,Wind,6593,15,16,20
5/10/2024,Wind,4594,5,6,131
6/21/2021,Solar,4701,16,17,172
1/28/2022,Wind,3521,22,23,28
6/15/2020,Solar,4552,11,12,167
10/10/2025,Wind,4056,21,22,283
4/23/2021,Wind,5369,20,21,113
2/1/2025,Solar,6105,13,14,32
3/11/2023,Wind,4389,8,9,70
3/26/2020,Wind,8343,15,16,86
11/18/2023,Wind,11947,23,0,322
5/19/2020,Solar,5795,14,15,140
2/10/2023,Wind,629,6,7,41
5/5/2021,Wind,10312,17,18,125
9/22/2024,Wind,2722,20,21,266
12/29/2020,Wind,5039,12,13,364
3/25/2020,Solar,5870,12,13,85
10/4/2020,Wind,11028,17,18,278
4/9/2024,Wind,11478,11,12,100
12/29/2021,Wind,8302,9,10,363
6/22/2024,Solar,7321,11,12,174
2/23/2025,Wind,11852,21,22,54
3/4/2024,Wind,5856,23,0,64
8/7/2021,Wind,4137,8,9,219
1/27/2024,Solar,5520,13,14,27
3/4/2024,Wind,3881,6,7,64
11/20/2024,Wind,6132,23,0,325
5/19/2020,Solar,4412,10,11,140
5/24/2021,Wind,9548,10,11,144
3/6/2024,Solar,2257,8,9,66
11/2/2022,Wind,9453,2,3,306
12/1/2024,Wind,4016,1,2,336
9/9/2024,Wind,7981,19,20,253
11/29/2024,Wind,5147,1,2,334
11/29/2023,Wind,2256,20,21,333
12/29/2022,Wind,11907,14,15,363
4/14/2025,Solar,7730,11,12,104
6/30/2023,Wind,2493,5,6,181
5/4/2022,Wind,2101,3,4,124
2/23/2020,Wind,8085,1,2,54
11/27/2020,Solar,2867,12,13,332
12/31/2023,Wind,16903,2,3,365
12/13/2022,Wind,6726,4,5,347
6/8/2025,Wind,11586,3,4,159
1/28/2021,Wind,7021,2,3,28
9/6/2020,Solar,4167,12,13,250
10/30/2020,Wind,6293,14,15,304
7/15/2023,Wind,6081,4,5,196
9/19/2020,Wind,3664,9,10,263
2/22/2021,Wind,5226,21,22,53
4/7/2022,Wind,17815,12,13,97
5/10/2022,Wind,787,1,2,130
10/26/2022,Wind,2435,19,20,299
6/19/2024,Solar,10246,12,13,171
1/16/2021,Wind,6320,11,12,16
5/28/2022,Wind,8846,18,19,148
10/29/2025,Wind,8855,17,18,302
5/10/2024,Solar,11009,14,15,131
3/5/2024,Wind,5593,3,4,65
2/8/2021,Wind,2080,20,21,39
4/5/2021,Wind,7362,9,10,95
10/25/2024,Wind,3111,17,18,299
8/9/2025,Solar,5192,14,15,221
8/13/2024,Wind,1520,22,23,226
6/17/2024,Solar,6256,10,11,169
4/16/2023,Wind,5339,4,5,106
7/2/2023,Wind,7678,17,18,183
6/26/2022,Wind,1151,23,0,177
9/17/2024,Wind,11852,9,10,261
12/31/2021,Wind,6180,9,10,365
12/20/2021,Wind,3926,15,16,354
9/30/2022,Wind,9086,16,17,273
11/4/2025,Wind,12790,14,15,308
3/19/2022,Wind,8847,22,23,78
5/29/2022,Wind,5235,19,20,149
9/24/2024,Wind,12247,12,13,268
12/16/2023,Wind,2464,18,19,350
11/3/2024,Wind,2638,6,7,308
11/29/2020,Wind,2915,18,19,334
9/16/2021,Solar,1244,9,10,259
3/29/2025,Wind,9879,4,5,88
7/10/2023,Solar,3808,9,10,191
12/28/2023,Wind,13143,18,19,362
12/2/2020,Wind,1702,18,19,337
9/11/2021,Wind,1693,2,3,254
10/20/2025,Wind,17289,11,12,293
10/4/2020,Wind,9887,19,20,278
5/22/2022,Wind,3176,8,9,142
4/21/2025,Wind,5746,18,19,111
4/29/2023,Solar,2584,9,10,119
11/13/2020,Wind,6261,13,14,318
4/26/2020,Wind,1181,6,7,117
11/18/2021,Wind,1523,20,21,322
11/4/2023,Wind,12917,5,6,308
1/6/2020,Wind,5508,12,13,6
2/11/2025,Wind,6544,0,1,42
9/23/2024,Wind,5320,22,23,267
7/24/2021,Wind,3849,6,7,205
5/25/2022,Wind,2759,4,5,145
10/2/2020,Wind,10200,4,5,276
6/16/2024,Wind,8312,5,6,168
3/17/2022,Wind,4859,7,8,76
7/25/2021,Wind,2703,20,21,206
8/14/2020,Wind,2099,1,2,227
2/5/2021,Wind,2001,9,10,36
10/23/2021,Solar,5243,14,15,296
10/14/2023,Wind,6935,13,14,287
1/9/2024,Wind,7316,12,13,9
6/1/2022,Wind,2633,21,22,152
11/13/2025,Wind,10177,7,8,317
12/23/2020,Wind,12555,18,19,358
3/28/2020,Wind,11009,21,22,88
3/22/2023,Wind,12608,19,20,81
12/14/2020,Wind,6605,20,21,349
10/16/2022,Wind,2775,7,8,289
12/25/2022,Wind,5233,7,8,359
5/28/2022,Wind,6221,21,22,148
7/29/2021,Wind,3787,8,9,210
6/9/2021,Solar,3406,18,19,160
6/29/2023,Wind,2982,22,23,180
11/28/2021,Wind,5528,21,22,332
9/6/2025,Solar,7432,15,16,249
11/22/2025,Wind,10661,19,20,326
8/21/2023,Wind,1897,7,8,233
10/1/2025,Wind,2823,0,1,274
6/20/2025,Solar,11247,12,13,171
1/31/2025,Wind,5419,19,20,31
7/2/2024,Solar,6880,11,12,184
2/3/2021,Wind,9043,20,21,34
1/25/2021,Wind,6084,5,6,25
3/3/2025,Wind,4216,0,1,62
5/4/2024,Wind,5803,17,18,125
9/9/2024,Wind,9916,18,19,253
9/16/2024,Wind,2943,3,4,260
7/12/2024,Wind,2752,21,22,194
11/28/2022,Wind,4538,14,15,332
3/22/2020,Wind,11238,10,11,82
2/5/2020,Wind,1769,18,19,36
11/5/2024,Wind,2186,8,9,310
8/15/2020,Wind,457,6,7,228
9/19/2020,Wind,4265,5,6,263
9/30/2022,Solar,4255,10,11,273
11/23/2020,Wind,620,17,18,328
7/22/2024,Solar,10243,13,14,204
5/18/2024,Wind,761,6,7,139
8/9/2022,Wind,7181,1,2,221
9/19/2024,Wind,7802,20,21,263
5/16/2025,Wind,10928,18,19,136
8/29/2021,Wind,4508,1,2,241
5/26/2025,Wind,5453,6,7,146
2/27/2021,Wind,6414,8,9,58
2/1/2023,Wind,11735,14,15,32
11/19/2021,Wind,1628,8,9,323
9/3/2022,Wind,2057,8,9,246
10/19/2024,Wind,6338,8,9,293
6/8/2022,Wind,6493,22,23,159
6/25/2021,Solar,3314,18,19,176
9/29/2023,Wind,8331,4,5,272
9/26/2023,Wind,1382,0,1,269
3/23/2024,Wind,9466,21,22,83
6/24/2023,Solar,6886,10,11,175
8/30/2020,Wind,4184,9,10,243
9/25/2021,Solar,4377,13,14,268
2/9/2024,Wind,16390,3,4,40
7/28/2020,Wind,5024,19,20,210
8/12/2020,Wind,2071,7,8,225
5/22/2025,Wind,5212,5,6,142
10/19/2024,Wind,7672,9,10,293
11/20/2025,Wind,4026,19,20,324
7/18/2025,Solar,9011,13,14,199
1/3/2021,Wind,2226,22,23,3
6/26/2021,Solar,1519,8,9,177
11/18/2024,Wind,9491,10,11,323
8/1/2022,Wind,2712,0,1,213
4/19/2021,Wind,789,21,22,109
6/29/2020,Wind,8685,12,13,181
6/7/2024,Solar,6670,13,14,159
10/1/2023,Solar,6703,11,12,274
5/19/2025,Wind,5266,5,6,139
7/6/2025,Wind,6434,22,23,187
6/30/2020,Wind,3596,7,8,182
3/6/2025,Wind,9579,7,8,65
4/17/2021,Wind,6158,19,20,107
4/19/2023,Wind,7649,9,10,109
2/28/2021,Wind,5701,18,19,59
1/15/2020,Wind,4745,21,22,15
10/28/2020,Wind,11043,23,0,302
10/12/2020,Wind,3991,16,17,286
1/6/2023,Wind,8096,23,0,6
6/2/2020,Solar,2473,18,19,154
7/16/2025,Solar,16316,14,15,197
4/7/2020,Solar,5040,15,16,98
8/17/2020,Wind,1498,20,21,230
9/27/2023,Wind,480,4,5,270
4/28/2022,Wind,7345,0,1,118
5/15/2023,Wind,2885,4,5,135
3/30/2022,Wind,3581,16,17,89
5/15/2025,Wind,6342,0,1,135
12/31/2021,Wind,5824,6,7,365
6/2/2025,Solar,6203,13,14,153
11/30/2021,Wind,12500,15,16,334
5/28/2022,Wind,8020,19,20,148
12/19/2024,Wind,15633,16,17,354
4/20/2024,Wind,6858,5,6,111
7/4/2021,Wind,2638,23,0,185
10/24/2021,Wind,4189,2,3,297
11/29/2025,Wind,7062,21,22,333
3/25/2024,Wind,8777,23,0,85
6/5/2022,Wind,3380,23,0,156
12/21/2020,Wind,12640,12,13,356
10/18/2021,Wind,2664,4,5,291
8/17/2022,Solar,3428,10,11,229
5/8/2022,Solar,7322,11,12,128
4/30/2025,Wind,7318,0,1,120
1/31/2022,Wind,8147,22,23,31
5/19/2022,Wind,4815,2,3,139
12/15/2020,Wind,5470,2,3,350
5/1/2024,Wind,2385,15,16,122
10/14/2022,Wind,8105,12,13,287
9/12/2024,Wind,4725,1,2,256
7/17/2021,Wind,2929,1,2,198
4/23/2023,Wind,16075,17,18,113
9/25/2022,Solar,6161,12,13,268
12/1/2024,Wind,10028,12,13,336
1/21/2024,Wind,16235,21,22,21
12/31/2024,Wind,10602,23,0,366
8/2/2025,Wind,4160,0,1,214
11/9/2022,Wind,7650,12,13,313
6/16/2024,Wind,2549,22,23,168
5/28/2020,Solar,7591,14,15,149
11/24/2025,Wind,11121,17,18,328
6/23/2021,Wind,2688,3,4,174
9/4/2022,Solar,4056,9,10,247
11/21/2021,Wind,569,6,7,325
5/27/2023,Solar,6146,17,18,147
9/16/2025,Wind,3074,21,22,259
3/7/2020,Wind,3332,3,4,67
9/16/2022,Wind,4896,20,21,259
4/1/2025,Wind,18978,12,13,91
3/20/2024,Solar,7394,12,13,80
4/9/2020,Solar,4576,15,16,100
5/18/2024,Solar,3058,13,14,139
10/28/2021,Wind,5836,6,7,301
3/23/2021,Wind,1340,23,0,82
5/22/2023,Wind,5407,22,23,142
6/25/2022,Wind,4491,18,19,176
4/17/2024,Wind,13351,14,15,108
7/18/2021,Wind,6890,23,0,199
4/19/2020,Wind,3193,15,16,110
10/12/2023,Wind,4319,6,7,285
3/15/2022,Wind,2580,18,19,74
1/11/2025,Wind,2507,19,20,11
10/13/2023,Wind,17641,15,16,286
3/12/2021,Wind,10511,8,9,71
4/20/2022,Wind,4689,5,6,110
11/17/2025,Wind,8101,16,17,321
4/28/2025,Solar,4939,13,14,118
5/17/2020,Wind,2263,22,23,138
4/2/2024,Wind,8880,21,22,93
5/19/2022,Solar,7748,16,17,139
12/14/2023,Wind,7008,4,5,348
7/20/2025,Wind,4069,4,5,201
7/8/2020,Solar,5097,10,11,190
4/26/2024,Wind,3763,22,23,117
8/29/2023,Solar,5120,17,18,241
11/17/2022,Wind,8902,23,0,321
11/20/2025,Wind,7695,4,5,324
7/11/2023,Wind,1935,4,5,192
1/27/2021,Wind,4009,18,19,27
10/9/2020,Wind,4222,11,12,283
11/25/2021,Wind,3710,14,15,329
12/13/2020,Wind,7343,14,15,348
6/24/2020,Wind,3291,19,20,176
10/18/2020,Wind,1059,8,9,292
4/17/2020,Wind,2220,0,1,108
10/25/2022,Wind,5694,2,3,298
3/24/2023,Wind,17590,15,16,83
9/30/2022,Wind,6940,19,20,273
6/1/2024,Wind,5758,5,6,153
11/10/2025,Wind,9768,16,17,314
2/22/2024,Wind,17056,9,10,53
9/24/2021,Solar,3933,16,17,267
11/8/2023,Wind,14862,19,20,312
7/15/2022,Wind,3844,8,9,196
4/4/2024,Wind,18160,16,17,95
8/3/2025,Wind,1968,6,7,215
8/16/2020,Wind,1831,0,1,229
10/26/2023,Wind,5403,6,7,299
7/2/2023,Wind,2703,7,8,183
12/11/2022,Wind,1499,18,19,345
12/7/2022,Wind,2427,0,1,341
5/28/2025,Wind,14628,9,10,148
7/4/2024,Wind,11596,11,12,186
6/20/2020,Solar,4334,14,15,172
10/27/2025,Wind,9625,19,20,300
2/21/2021,Wind,9016,12,13,52
1/3/2025,Wind,5219,14,15,3
2/13/2025,Wind,1016,0,1,44
6/23/2021,Wind,4314,17,18,174
8/17/2020,Wind,2055,0,1,230
8/12/2023,Solar,7944,12,13,224
1/22/2025,Wind,6748,11,12,22
9/14/2025,Wind,7618,14,15,257
11/8/2021,Solar,3832,10,11,312
1/3/2021,Wind,2060,23,0,3
6/15/2021,Wind,1647,6,7,166
11/1/2024,Solar,1612,16,17,306
11/25/2024,Wind,12852,11,12,330
2/21/2021,Wind,5918,17,18,52
5/15/2020,Wind,5825,16,17,136
11/19/2023,Wind,11783,5,6,323
6/10/2021,Wind,1475,21,22,161
7/18/2022,Solar,7346,15,16,199
11/22/2021,Wind,8247,4,5,326
1/18/2022,Wind,4530,15,16,18
7/16/2025,Wind,7222,3,4,197
1/27/2022,Wind,3833,20,21,27
3/29/2024,Wind,10394,3,4,89
8/23/2025,Solar,5153,18,19,235
3/4/2023,Wind,3414,19,20,63
4/25/2022,Wind,3390,4,5,115
5/25/2020,Wind,2713,21,22,146
6/6/2025,Wind,7272,12,13,157
1/6/2020,Wind,2280,0,1,6
6/30/2023,Wind,8277,18,19,181
9/3/2024,Solar,1421,8,9,247
8/10/2024,Solar,4442,12,13,223
2/12/2024,Wind,3368,20,21,43
7/16/2023,Wind,2997,23,0,197
4/5/2025,Wind,6203,19,20,95
8/15/2022,Solar,7560,16,17,227
3/28/2021,Wind,2629,21,22,87
7/2/2024,Wind,3140,21,22,184
10/14/2021,Wind,3533,9,10,287
3/22/2020,Wind,9398,22,23,82
4/12/2021,Solar,6529,13,14,102
4/3/2020,Wind,2592,1,2,94
11/28/2022,Wind,4959,12,13,332
10/22/2020,Wind,5024,9,10,296
3/15/2021,Wind,10923,3,4,74
11/13/2025,Wind,12001,20,21,317
4/5/2022,Wind,6452,5,6,95
4/28/2021,Solar,4079,14,15,118
7/24/2022,Wind,969,6,7,205
9/14/2020,Wind,2828,7,8,258
6/15/2020,Wind,2126,4,5,167
11/1/2020,Wind,11879,19,20,306
8/16/2022,Solar,2904,9,10,228
7/26/2021,Wind,1922,4,5,207
4/4/2022,Wind,11731,18,19,94
12/13/2024,Solar,2515,14,15,348
5/28/2020,Wind,7608,15,16,149
9/18/2022,Wind,2221,6,7,261
8/22/2024,Solar,7995,12,13,235
5/26/2022,Solar,6717,12,13,146
9/14/2025,Wind,4181,3,4,257
9/14/2020,Wind,3313,8,9,258
3/16/2025,Wind,5740,19,20,75
10/1/2021,Wind,4953,20,21,274
4/21/2023,Wind,3355,1,2,111
9/6/2022,Solar,6967,12,13,249
3/13/2020,Wind,1697,21,22,73
4/10/2022,Wind,1338,2,3,100
1/30/2022,Solar,2888,10,11,30
10/21/2022,Wind,8982,15,16,294
3/4/2021,Solar,1941,9,10,63
1/22/2024,Wind,16804,15,16,22
1/16/2025,Wind,3652,0,1,16
11/13/2021,Wind,5041,12,13,317
6/23/2022,Wind,1923,20,21,174
12/16/2023,Solar,4910,14,15,350
4/11/2022,Wind,9882,3,4,101
10/29/2021,Wind,11979,14,15,302
7/9/2020,Wind,1479,7,8,191
4/25/2021,Wind,8987,15,16,115
10/9/2020,Wind,2696,19,20,283
11/19/2021,Solar,3762,13,14,323
12/30/2022,Wind,11436,6,7,364
6/13/2023,Wind,5004,23,0,164
3/10/2020,Wind,12278,2,3,70
4/14/2025,Solar,6031,10,11,104
4/30/2024,Solar,7683,11,12,121
9/12/2022,Solar,5140,16,17,255
10/20/2022,Wind,8558,14,15,293
11/30/2023,Wind,2128,0,1,334
1/6/2020,Wind,5850,23,0,6
6/13/2021,Solar,3933,18,19,164
12/7/2024,Wind,19810,15,16,342
4/10/2025,Wind,10031,1,2,100
2/21/2021,Wind,9217,10,11,52
9/20/2022,Wind,2045,4,5,263
9/14/2025,Wind,15838,23,0,257
6/25/2020,Solar,5081,13,14,177
3/10/2022,Wind,4082,18,19,69
6/14/2025,Solar,4291,10,11,165
10/20/2021,Wind,10970,0,1,293
8/8/2021,Wind,3163,21,22,220
2/5/2023,Wind,4222,5,6,36
8/9/2021,Wind,2945,2,3,221
5/12/2025,Solar,3901,8,9,132
4/19/2024,Wind,5665,1,2,110
4/18/2025,Wind,9612,23,0,108
1/6/2023,Wind,6433,16,17,6
7/17/2020,Wind,2771,19,20,199
7/26/2023,Wind,3577,23,0,207
1/23/2024,Wind,12747,2,3,23
6/25/2020,Solar,3414,10,11,177
6/1/2024,Wind,6915,16,17,153
4/23/2024,Wind,4892,8,9,114
7/16/2020,Wind,1388,6,7,198
5/28/2020,Wind,3981,6,7,149
4/5/2020,Wind,7671,7,8,96
1/11/2020,Wind,2912,6,7,11
6/25/2021,Solar,5806,13,14,176
1/27/2020,Wind,9340,14,15,27
6/12/2022,Solar,3891,9,10,163
9/5/2024,Solar,7606,11,12,249
10/12/2021,Wind,3046,1,2,285
5/29/2025,Wind,1207,21,22,149
5/31/2022,Wind,2019,1,2,151
10/18/2025,Wind,6350,21,22,291
2/23/2021,Wind,9360,10,11,54
7/5/2021,Solar,7031,11,12,186
9/13/2025,Wind,12059,17,18,256
3/22/2024,Solar,4072,8,9,82
12/24/2024,Wind,3075,7,8,359
6/9/2024,Wind,3734,3,4,161
1/9/2021,Wind,6317,13,14,9
6/5/2020,Wind,13242,12,13,157
9/4/2025,Wind,14863,13,14,247
12/18/2023,Wind,2994,16,17,352
7/9/2025,Wind,1676,6,7,190
9/14/2024,Solar,7606,17,18,258
6/20/2025,Wind,4544,19,20,171
2/11/2022,Wind,1753,18,19,42
4/14/2020,Wind,8019,16,17,105
11/23/2023,Solar,7232,11,12,327
5/6/2023,Solar,2948,8,9,126
6/9/2021,Wind,1569,1,2,160
8/25/2020,Wind,3959,6,7,238
2/28/2022,Solar,5659,15,16,59
3/12/2024,Wind,10459,17,18,72
7/23/2024,Wind,2927,21,22,205
7/19/2024,Wind,1662,0,1,201
2/23/2024,Wind,15612,14,15,54
9/3/2022,Solar,4020,10,11,246
3/13/2023,Wind,14233,1,2,72
4/13/2024,Wind,2307,7,8,104
7/30/2021,Wind,8655,20,21,211
1/22/2025,Wind,6315,9,10,22
11/6/2022,Wind,11081,23,0,310
5/15/2022,Solar,5538,9,10,135
10/9/2024,Wind,11747,10,11,283
3/24/2020,Wind,4898,18,19,84
12/29/2023,Wind,15847,13,14,363
7/1/2024,Wind,2760,0,1,183
11/24/2021,Wind,2095,19,20,328
7/13/2024,Wind,334,23,0,195
12/1/2021,Wind,11647,14,15,335
4/26/2020,Wind,457,22,23,117
8/16/2024,Wind,1612,23,0,229
4/14/2025,Solar,9083,14,15,104
5/17/2021,Wind,13497,17,18,137
9/19/2021,Solar,5286,15,16,262
10/24/2025,Wind,14144,23,0,297
10/2/2023,Solar,7676,16,17,275
4/14/2020,Wind,6514,6,7,105
2/5/2020,Solar,3963,13,14,36
10/21/2025,Wind,6166,22,23,294
4/1/2022,Wind,9016,7,8,91
3/21/2020,Wind,7299,4,5,81
1/2/2023,Wind,6422,11,12,2
2/20/2021,Wind,12255,21,22,51
8/24/2025,Solar,4112,10,11,236
5/6/2022,Solar,6911,11,12,126
11/12/2024,Wind,10329,7,8,317
12/8/2022,Wind,1250,7,8,342
4/30/2020,Wind,11566,19,20,121
5/8/2021,Wind,5551,22,23,128
4/20/2020,Wind,5535,1,2,111
1/18/2022,Wind,2430,2,3,18
2/9/2025,Wind,3868,0,1,40
12/28/2023,Wind,13513,7,8,362
1/29/2022,Wind,9867,11,12,29
11/23/2022,Wind,9532,8,9,327
10/19/2025,Wind,10350,10,11,292
5/14/2025,Solar,1719,7,8,134
11/19/2023,Wind,11829,1,2,323
10/22/2022,Wind,5156,10,11,295
7/28/2025,Wind,4437,3,4,209
8/19/2023,Wind,3735,5,6,231
12/15/2024,Wind,4485,0,1,350
1/11/2021,Wind,2139,5,6,11
5/2/2021,Wind,1824,19,20,122
11/12/2022,Solar,5330,10,11,316
5/18/2024,Solar,4830,11,12,139
1/24/2020,Wind,2178,3,4,24
8/7/2024,Solar,7806,12,13,220
12/19/2023,Wind,7637,7,8,353
7/29/2022,Solar,1886,9,10,210
4/10/2024,Wind,3567,7,8,101
1/8/2021,Wind,934,21,22,8
11/10/2024,Wind,728,4,5,315
3/23/2021,Wind,2297,3,4,82
3/18/2024,Wind,2408,7,8,78
7/18/2023,Wind,3248,7,8,199
5/15/2025,Wind,11522,19,20,135
5/6/2022,Solar,6812,14,15,126
5/17/2025,Solar,5378,12,13,137
1/25/2023,Wind,1865,19,20,25
11/6/2023,Wind,9476,20,21,310
6/4/2023,Solar,7001,10,11,155
4/17/2023,Solar,10082,13,14,107
2/21/2021,Wind,7525,15,16,52
2/15/2021,Wind,11289,9,10,46
8/3/2023,Wind,12714,5,6,215
5/27/2025,Wind,13251,9,10,147
5/24/2023,Wind,6672,5,6,144
12/16/2024,Wind,7127,7,8,351
9/2/2022,Wind,1940,5,6,245
4/16/2025,Solar,7798,13,14,106
6/6/2020,Wind,10873,13,14,158
8/20/2024,Solar,6256,9,10,233
11/13/2024,Wind,5201,18,19,318
3/21/2023,Wind,4145,4,5,80
4/29/2022,Solar,6673,12,13,119
3/18/2023,Wind,10327,14,15,77
5/27/2020,Solar,6923,14,15,148
11/8/2020,Wind,2718,15,16,313
9/14/2022,Wind,1837,2,3,257
12/15/2021,Wind,1197,1,2,349
12/8/2020,Wind,2543,22,23,343
7/29/2025,Wind,2489,6,7,210
12/26/2020,Wind,3607,0,1,361
11/6/2020,Wind,6681,4,5,311
3/31/2023,Wind,21624,13,14,90
4/2/2023,Wind,7144,21,22,92
1/11/2022,Wind,2621,2,3,11
3/16/2020,Wind,1348,20,21,76
8/26/2021,Solar,8454,13,14,238
7/5/2023,Wind,10340,9,10,186
5/3/2022,Wind,3293,8,9,123
8/10/2021,Wind,1235,4,5,222
8/22/2020,Wind,11599,14,15,235
5/6/2022,Wind,3327,3,4,126
8/26/2025,Solar,10719,13,14,238
9/24/2021,Solar,2890,17,18,267
1/3/2023,Wind,8994,17,18,3
10/9/2023,Wind,1140,7,8,282
3/15/2022,Wind,4205,23,0,74
10/25/2022,Wind,4686,18,19,298
12/30/2024,Solar,2963,11,12,365
3/10/2023,Wind,11697,17,18,69
5/6/2023,Solar,7109,13,14,126
10/10/2020,Wind,2717,9,10,284
2/19/2023,Wind,2222,18,19,50
9/13/2022,Solar,5433,14,15,256
10/15/2023,Wind,2777,3,4,288
1/1/2022,Wind,3210,1,2,1
5/14/2021,Wind,7647,12,13,134
11/4/2025,Wind,12730,23,0,308
1/29/2024,Wind,7443,3,4,29
1/13/2025,Wind,7719,10,11,13
7/6/2023,Wind,868,21,22,187
3/14/2020,Wind,3347,21,22,74
12/24/2023,Wind,17075,15,16,358
4/6/2025,Wind,9135,1,2,96
10/3/2024,Wind,5240,3,4,277
3/6/2022,Wind,7705,22,23,65
9/7/2022,Wind,4483,18,19,250
1/4/2024,Wind,11934,17,18,4
3/24/2021,Solar,2756,8,9,83
3/31/2023,Wind,20332,11,12,90
2/14/2021,Wind,9781,16,17,45
11/29/2020,Wind,2194,22,23,334
5/23/2025,Wind,3654,3,4,143
2/28/2024,Wind,3872,18,19,59
8/13/2020,Wind,1977,8,9,226
2/10/2022,Wind,5427,7,8,41
5/22/2020,Wind,2791,20,21,143
3/7/2020,Wind,2626,5,6,67
2/28/2025,Wind,7187,22,23,59
6/17/2023,Solar,5207,10,11,168
10/8/2022,Wind,2338,21,22,281
4/26/2020,Solar,2886,16,17,117
1/21/2025,Wind,7139,23,0,21
5/18/2024,Solar,5382,17,18,139
10/24/2023,Wind,5052,20,21,297
9/27/2025,Wind,475,1,2,270
6/2/2025,Wind,3073,1,2,153
10/13/2021,Wind,2129,23,0,286
2/25/2022,Wind,8739,15,16,56
12/24/2023,Wind,17796,10,11,358
11/19/2025,Wind,11799,7,8,323
4/29/2023,Wind,2588,21,22,119
4/23/2023,Wind,15150,13,14,113
9/13/2021,Solar,3635,10,11,256
8/17/2020,Wind,1804,4,5,230
3/13/2020,Wind,5262,16,17,73
7/18/2021,Wind,9318,18,19,199
9/1/2025,Wind,10390,17,18,244
5/25/2020,Solar,5450,16,17,146
11/10/2024,Wind,1524,17,18,315
9/30/2022,Solar,7262,13,14,273
5/18/2021,Wind,3940,19,20,138
8/10/2024,Wind,1226,20,21,223
3/25/2021,Wind,1928,4,5,84
10/30/2025,Solar,9665,11,12,303
10/26/2022,Wind,7207,1,2,299
8/27/2020,Solar,6251,13,14,240
4/27/2021,Solar,3324,14,15,117
5/7/2025,Wind,7619,8,9,127
6/26/2024,Solar,6737,11,12,178
8/9/2023,Wind,1969,7,8,221
1/25/2022,Solar,267,17,18,25
9/3/2020,Wind,978,2,3,247
2/11/2020,Wind,9400,23,0,42
7/9/2022,Wind,3653,1,2,190
8/4/2024,Solar,4818,13,14,217
6/25/2022,Wind,3209,4,5,176
12/7/2024,Wind,18556,4,5,342
9/4/2020,Wind,1720,8,9,248
1/1/2022,Wind,5238,19,20,1
5/8/2023,Wind,1701,2,3,128
4/22/2021,Wind,5590,19,20,112
2/17/2021,Wind,9265,0,1,48
3/3/2020,Wind,4440,6,7,63
11/8/2023,Wind,16223,15,16,312
8/14/2023,Wind,1693,2,3,226
1/10/2023,Wind,7343,5,6,10
12/22/2021,Wind,5561,20,21,356
8/10/2024,Wind,1755,2,3,223
11/14/2023,Wind,16988,14,15,318
3/17/2024,Solar,6096,15,16,77
9/7/2021,Wind,6840,16,17,250
11/16/2025,Wind,4414,21,22,320
7/15/2020,Wind,1874,22,23,197
10/8/2025,Wind,2608,21,22,281
6/9/2025,Wind,605,23,0,160
7/14/2020,Wind,2443,3,4,196
10/9/2022,Wind,4887,6,7,282
5/28/2020,Wind,5340,1,2,149
12/25/2021,Solar,1223,15,16,359
8/2/2023,Wind,15855,21,22,214
1/9/2021,Wind,5323,23,0,9
2/7/2022,Wind,4802,22,23,38
10/24/2022,Wind,7058,23,0,297
5/24/2025,Wind,14446,16,17,144
1/11/2022,Wind,2912,8,9,11
12/21/2022,Wind,5032,3,4,355
12/17/2024,Wind,5491,10,11,352
1/30/2021,Wind,8786,13,14,30
10/4/2020,Wind,11664,16,17,278
5/29/2025,Solar,8272,17,18,149
11/25/2024,Wind,12969,10,11,330
1/26/2020,Wind,4437,13,14,26
3/3/2023,Wind,5574,22,23,62
6/2/2025,Solar,6266,14,15,153
6/24/2022,Wind,1971,3,4,175
3/20/2024,Wind,1924,0,1,80
10/12/2023,Wind,5820,17,18,285
9/24/2022,Wind,1028,1,2,267
2/6/2020,Wind,5819,21,22,37
6/9/2024,Wind,3682,2,3,161
4/19/2020,Wind,2602,10,11,110
9/28/2022,Wind,6080,14,15,271
11/28/2025,Wind,8799,14,15,332
10/5/2024,Wind,8967,23,0,279
7/24/2020,Wind,1760,21,22,206
10/16/2022,Wind,6721,16,17,289
11/6/2020,Wind,7139,22,23,311
7/2/2021,Wind,1585,23,0,183
4/13/2022,Solar,3628,15,16,103
8/2/2025,Solar,12313,14,15,214
6/25/2023,Wind,5338,22,23,176
11/30/2024,Wind,3505,7,8,335
10/2/2023,Wind,2764,0,1,275
4/14/2021,Wind,5104,21,22,104
11/7/2025,Wind,6222,15,16,311
2/1/2020,Wind,9608,21,22,32
4/5/2020,Wind,8682,14,15,96
12/27/2022,Wind,4483,4,5,361
12/28/2022,Wind,11901,3,4,362
1/6/2024,Wind,6893,10,11,6
3/22/2021,Solar,6284,11,12,81
11/26/2022,Wind,6123,19,20,330
6/9/2025,Solar,4475,15,16,160
11/1/2021,Wind,8845,2,3,305
7/18/2023,Solar,6978,12,13,199
1/22/2022,Wind,3284,16,17,22
6/2/2021,Wind,4114,3,4,153
9/30/2025,Wind,2032,19,20,273
12/5/2022,Solar,2037,15,16,339
2/25/2022,Wind,7621,1,2,56
11/5/2021,Wind,2977,6,7,309
2/20/2025,Wind,12416,12,13,51
4/30/2024,Wind,3046,23,0,121
10/4/2024,Wind,5064,9,10,278
4/30/2022,Solar,8450,13,14,120
2/9/2020,Wind,7722,0,1,40
3/9/2024,Wind,10327,3,4,69
6/24/2025,Solar,6338,13,14,175
6/21/2020,Wind,2762,7,8,173
4/22/2022,Wind,5531,2,3,112
10/26/2025,Wind,10764,9,10,299
12/9/2024,Wind,13556,2,3,344
1/2/2024,Wind,18685,12,13,2
5/1/2023,Wind,1652,0,1,121
5/10/2020,Wind,2008,8,9,131
11/1/2025,Wind,9691,22,23,305
7/4/2023,Wind,10440,23,0,185
5/13/2023,Wind,10482,14,15,133
6/25/2020,Solar,2861,9,10,177
1/9/2020,Wind,12336,12,13,9
8/28/2024,Wind,2229,6,7,241
2/28/2022,Wind,3898,7,8,59
7/13/2021,Wind,5260,10,11,194
12/5/2020,Wind,6409,17,18,340
3/12/2020,Wind,8370,7,8,72
4/30/2021,Wind,1412,3,4,120
9/18/2022,Solar,4392,9,10,261
10/29/2025,Wind,7423,9,10,302
4/16/2023,Wind,3665,23,0,106
5/9/2024,Wind,5021,23,0,130
9/30/2020,Wind,3257,18,19,274
4/29/2022,Solar,5493,17,18,119
11/10/2023,Wind,15079,9,10,314
8/18/2025,Wind,7156,0,1,230
5/12/2020,Wind,4993,7,8,133
9/3/2022,Wind,1685,1,2,246
8/9/2021,Wind,5509,18,19,221
3/13/2020,Wind,7874,13,14,73
5/12/2022,Wind,3488,18,19,132
8/8/2024,Solar,9623,14,15,221
10/30/2025,Wind,8417,15,16,303
9/15/2021,Wind,1024,23,0,258
4/12/2024,Solar,4676,14,15,103
6/9/2020,Wind,3222,8,9,161
11/12/2021,Wind,4225,18,19,316
3/1/2025,Wind,6922,4,5,60
5/21/2022,Solar,2628,18,19,141
8/28/2025,Wind,2454,1,2,240
7/27/2025,Wind,1786,5,6,208
7/20/2021,Solar,5834,16,17,201
6/28/2022,Wind,1388,6,7,179
9/21/2025,Wind,5062,4,5,264
11/3/2024,Wind,3552,2,3,308
11/19/2024,Wind,18956,9,10,324
10/22/2024,Wind,3568,1,2,296
4/22/2020,Wind,2865,18,19,113
10/13/2023,Wind,15112,10,11,286
10/12/2023,Solar,8411,12,13,285
5/5/2022,Solar,6026,14,15,125
12/22/2020,Wind,6752,16,17,357
7/7/2024,Solar,5126,10,11,189
4/28/2022,Wind,5002,22,23,118
3/19/2022,Wind,9680,21,22,78
2/5/2025,Wind,3259,19,20,36
3/30/2020,Wind,12305,16,17,90
10/6/2024,Wind,8224,20,21,280
7/18/2025,Wind,3802,23,0,199
6/22/2021,Wind,7084,13,14,173
3/9/2025,Wind,2682,20,21,68
7/6/2020,Wind,5654,3,4,188
1/21/2023,Wind,5918,0,1,21
10/20/2025,Wind,11753,3,4,293
5/9/2021,Wind,11238,14,15,129
9/10/2023,Wind,2358,21,22,253
8/4/2024,Wind,1962,6,7,217
2/20/2023,Wind,3465,8,9,51
10/6/2025,Solar,4871,9,10,279
10/31/2020,Wind,1716,0,1,305
6/2/2022,Wind,4245,3,4,153
7/1/2021,Wind,1001,20,21,182
10/5/2024,Solar,8795,11,12,279
8/21/2023,Solar,6981,12,13,233
10/31/2023,Wind,10888,15,16,304
12/24/2020,Wind,9299,17,18,359
10/29/2024,Wind,2034,0,1,303
1/20/2020,Wind,5969,6,7,20
7/27/2022,Wind,2863,2,3,208
9/23/2023,Wind,1134,22,23,266
5/17/2023,Wind,7154,21,22,137
5/15/2021,Wind,10329,13,14,135
10/24/2021,Wind,3903,0,1,297
5/23/2025,Wind,3940,7,8,143
7/31/2023,Wind,16164,17,18,212
10/11/2023,Wind,2966,7,8,284
5/1/2022,Solar,3553,18,19,121
7/10/2025,Wind,2663,7,8,191
1/5/2024,Wind,10179,5,6,5
9/8/2020,Wind,1596,0,1,252
3/23/2023,Wind,13963,20,21,82
4/1/2023,Wind,16591,2,3,91
2/18/2025,Wind,9155,15,16,49
10/14/2020,Wind,5761,12,13,288
8/21/2024,Wind,7150,0,1,234
11/13/2025,Wind,11401,4,5,317
9/19/2022,Solar,7972,15,16,262
7/26/2023,Wind,2678,22,23,207
1/14/2021,Wind,7248,7,8,14
12/1/2020,Wind,7535,2,3,336
2/27/2024,Wind,11867,6,7,58
1/13/2020,Wind,2719,5,6,13
1/7/2022,Wind,9092,0,1,7
10/3/2022,Solar,5116,15,16,276
11/15/2022,Wind,6758,0,1,319
9/1/2022,Wind,2865,5,6,244
7/27/2021,Wind,1685,2,3,208
7/11/2021,Solar,5042,13,14,192
3/29/2022,Solar,3254,10,11,88
4/3/2024,Wind,18128,13,14,94
4/19/2023,Wind,6823,7,8,109
10/25/2021,Wind,2690,3,4,298
6/18/2023,Wind,4451,20,21,169
2/14/2023,Wind,4662,21,22,45
3/23/2025,Wind,1259,22,23,82
6/27/2025,Solar,9125,17,18,178
8/28/2022,Solar,8898,12,13,240
7/11/2023,Wind,1999,5,6,192
9/9/2020,Wind,1078,8,9,253
6/28/2024,Solar,4290,18,19,180
7/29/2020,Solar,2120,9,10,211
7/9/2023,Solar,6674,16,17,190
3/16/2024,Wind,1211,18,19,76
5/14/2023,Solar,6013,10,11,134
6/13/2025,Wind,1801,2,3,164
11/9/2022,Wind,8441,5,6,313
4/6/2022,Wind,5141,6,7,96
8/8/2025,Solar,4706,15,16,220
10/4/2025,Wind,17338,7,8,277
10/25/2020,Wind,10696,2,3,299
7/18/2021,Wind,4398,8,9,199
8/13/2021,Solar,2862,18,19,225
11/4/2023,Wind,14865,22,23,308
10/27/2020,Wind,10606,20,21,301
3/5/2023,Wind,1000,21,22,64
11/14/2022,Wind,3434,0,1,318
9/10/2020,Wind,2229,22,23,254
4/20/2024,Wind,8412,15,16,111
2/15/2021,Wind,12188,11,12,46
4/24/2024,Wind,9813,11,12,115
3/14/2023,Wind,17911,9,10,73
2/8/2022,Wind,4263,16,17,39
1/8/2025,Wind,12406,15,16,8
12/4/2023,Wind,13067,2,3,338
6/29/2025,Wind,2788,21,22,180
11/21/2025,Wind,4327,0,1,325
7/18/2021,Solar,7976,11,12,199
12/18/2024,Wind,13902,5,6,353
12/28/2024,Solar,4030,11,12,363
8/4/2020,Solar,5530,13,14,217
9/21/2024,Solar,7327,11,12,265
3/25/2020,Wind,6439,2,3,85
5/9/2021,Wind,11507,17,18,129
7/30/2023,Wind,12058,17,18,211
7/4/2022,Solar,5745,13,14,185
7/5/2021,Wind,4747,9,10,186
2/13/2023,Solar,6722,13,14,44
9/27/2020,Wind,11489,5,6,271
8/26/2025,Wind,2770,22,23,238
1/28/2025,Wind,19186,19,20,28
9/5/2023,Wind,1711,20,21,248
6/6/2020,Wind,7194,19,20,158
9/21/2023,Wind,11271,0,1,264
1/6/2021,Wind,1309,4,5,6
6/21/2021,Solar,4642,17,18,172
4/30/2020,Wind,6717,1,2,121
12/5/2024,Wind,11663,6,7,340
8/11/2022,Wind,4434,6,7,223
4/3/2023,Wind,10376,17,18,93
10/9/2024,Wind,11147,2,3,283
11/5/2021,Solar,3837,14,15,309
2/19/2020,Wind,7030,15,16,50
3/21/2024,Solar,6064,15,16,81
5/4/2021,Wind,13060,3,4,124
7/20/2020,Wind,2745,2,3,202
4/21/2020,Wind,5274,12,13,112
9/28/2021,Wind,5083,22,23,271
11/16/2023,Wind,8890,8,9,320
11/16/2023,Wind,10601,10,11,320
9/5/2021,Solar,4826,12,13,248
10/30/2024,Solar,4815,10,11,304
10/14/2021,Wind,1998,7,8,287
11/27/2024,Wind,18995,11,12,332
7/19/2022,Solar,11456,14,15,200
3/18/2020,Wind,920,7,8,78
8/2/2020,Wind,3476,20,21,215
10/8/2023,Wind,914,22,23,281
1/18/2021,Wind,2046,0,1,18
5/1/2023,Wind,2281,5,6,121
3/27/2023,Solar,7984,13,14,86
9/12/2024,Wind,9890,17,18,256
6/27/2021,Solar,2797,11,12,178
4/29/2023,Solar,3294,10,11,119
2/14/2020,Wind,5101,20,21,45
5/28/2020,Wind,4584,20,21,149
10/23/2020,Wind,5272,21,22,297
2/9/2021,Wind,3261,11,12,40
5/18/2020,Solar,4683,17,18,139
2/16/2020,Wind,11933,5,6,47
1/17/2021,Wind,5132,5,6,17
8/22/2020,Wind,11377,15,16,235
12/2/2023,Wind,3287,15,16,336
11/19/2024,Wind,17507,6,7,324
1/20/2022,Wind,5476,23,0,20
8/12/2021,Wind,537,4,5,224
4/12/2022,Wind,2391,23,0,102
9/20/2024,Wind,6934,1,2,264
7/24/2020,Wind,1623,6,7,206
7/31/2023,Wind,10483,8,9,212
5/7/2021,Solar,5300,15,16,127
6/19/2022,Wind,12780,15,16,170
4/26/2020,Wind,507,21,22,117
5/2/2023,Solar,5328,9,10,122
11/6/2021,Solar,4862,10,11,310
1/11/2022,Wind,3441,9,10,11
5/26/2023,Solar,12036,12,13,146
9/22/2024,Wind,3944,9,10,266
9/4/2023,Wind,7654,9,10,247
5/3/2022,Wind,5334,0,1,123
6/15/2025,Solar,3841,12,13,166
12/18/2021,Wind,6087,6,7,352
8/2/2021,Solar,4320,11,12,214
8/16/2025,Wind,7143,6,7,228
6/29/2025,Solar,4565,14,15,180
2/21/2022,Wind,14866,7,8,52
6/7/2025,Wind,11062,21,22,158
4/20/2025,Wind,4558,15,16,110
7/23/2023,Wind,9075,2,3,204
2/21/2025,Wind,15714,15,16,52
10/19/2022,Wind,7944,19,20,292
1/27/2024,Wind,1873,0,1,27
2/11/2021,Wind,6113,8,9,42
2/13/2023,Wind,2677,21,22,44
12/6/2024,Wind,13192,8,9,341
1/29/2023,Wind,1135,5,6,29
4/22/2023,Wind,4828,5,6,112
2/14/2025,Wind,7129,16,17,45
10/24/2021,Wind,3283,23,0,297
9/29/2025,Wind,2578,8,9,272
1/20/2020,Wind,6095,10,11,20
1/26/2022,Solar,3768,13,14,26
4/6/2020,Wind,7724,0,1,97
1/31/2020,Wind,7998,3,4,31
8/31/2022,Wind,2234,5,6,243
4/1/2023,Wind,16915,1,2,91
11/1/2022,Wind,13662,15,16,305
7/30/2024,Wind,2503,22,23,212
4/8/2025,Wind,2749,19,20,98
9/10/2024,Wind,11651,20,21,254
10/31/2020,Wind,8194,9,10,305
5/7/2024,Solar,5090,9,10,128
4/19/2021,Wind,1780,0,1,109
3/12/2023,Wind,9795,18,19,71
11/19/2023,Wind,13588,9,10,323
2/14/2023,Solar,6281,14,15,45
10/8/2020,Wind,3679,23,0,282
12/4/2024,Wind,3938,18,19,339
8/2/2022,Wind,1216,5,6,214
9/5/2021,Wind,570,2,3,248
1/3/2024,Wind,17729,20,21,3
6/2/2023,Solar,10821,11,12,153
12/5/2024,Wind,16998,14,15,340
5/29/2022,Wind,6015,2,3,149
8/3/2023,Wind,9503,17,18,215
8/31/2020,Solar,4591,11,12,244
1/27/2021,Wind,5439,13,14,27
8/1/2020,Wind,2389,8,9,214
7/13/2021,Wind,2739,5,6,194
12/5/2021,Wind,7154,4,5,339
11/4/2022,Wind,6038,20,21,308
10/10/2022,Solar,4346,11,12,283
12/8/2023,Wind,4441,6,7,342
11/19/2023,Wind,12031,23,0,323
2/19/2024,Wind,4808,22,23,50
3/11/2024,Wind,6774,18,19,71
12/2/2022,Wind,6439,21,22,336
9/15/2024,Solar,6509,13,14,259
5/13/2025,Solar,4040,12,13,133
8/16/2024,Wind,3495,3,4,229
7/4/2022,Solar,4726,18,19,185
12/17/2021,Wind,7175,22,23,351
5/3/2022,Wind,4686,17,18,123
11/1/2022,Wind,11571,19,20,305
10/23/2025,Wind,18781,1,2,296
6/2/2020,Wind,1582,7,8,154
7/30/2023,Wind,5034,6,7,211
10/18/2024,Wind,3726,10,11,292
1/24/2021,Wind,7785,17,18,24
6/7/2024,Solar,3850,18,19,159
9/17/2022,Wind,5298,6,7,260
8/1/2023,Wind,16261,14,15,213
8/9/2024,Wind,4379,2,3,222
4/1/2025,Wind,10918,0,1,91
10/12/2020,Wind,1885,8,9,286
12/29/2021,Wind,13972,17,18,363
9/20/2025,Wind,14676,13,14,263
1/20/2023,Wind,5568,11,12,20
10/16/2025,Wind,4675,3,4,289
10/24/2024,Wind,6471,9,10,298
11/19/2021,Wind,1780,20,21,323
12/16/2021,Wind,5603,12,13,350
5/8/2022,Wind,3729,7,8,128
11/18/2024,Wind,8868,8,9,323
7/22/2024,Wind,3600,3,4,204
11/10/2021,Solar,1404,9,10,314
4/30/2021,Wind,1194,21,22,120
11/15/2024,Wind,1734,23,0,320
6/4/2021,Wind,1719,5,6,155
3/16/2020,Wind,1639,22,23,76
1/20/2022,Wind,5362,20,21,20
3/12/2022,Wind,6226,7,8,71
10/29/2025,Wind,8314,18,19,302
9/26/2021,Wind,2237,5,6,269
7/8/2022,Solar,9095,15,16,189
12/4/2021,Wind,9482,0,1,338
10/13/2023,Wind,14400,23,0,286
11/18/2023,Wind,12095,22,23,322
11/7/2023,Wind,6851,6,7,311
9/2/2022,Wind,1443,19,20,245
2/23/2024,Wind,15039,9,10,54
9/5/2020,Wind,2634,4,5,249
11/1/2025,Wind,14454,6,7,305
11/18/2025,Wind,7882,19,20,322
5/27/2021,Solar,3912,17,18,147
2/11/2021,Wind,8683,15,16,42
8/31/2022,Wind,2951,20,21,243
6/21/2023,Solar,4753,15,16,172
8/30/2022,Wind,3271,22,23,242
10/11/2021,Wind,3153,20,21,284
10/7/2023,Wind,3526,23,0,280
8/27/2020,Wind,7497,23,0,240
7/22/2021,Solar,2992,9,10,203
8/1/2024,Wind,1611,1,2,214
6/1/2021,Wind,3763,21,22,152
9/21/2021,Solar,5163,14,15,264
9/9/2024,Wind,8521,5,6,253
1/31/2025,Wind,8937,12,13,31
6/3/2025,Wind,2426,6,7,154
6/25/2021,Solar,5768,12,13,176
6/18/2022,Wind,2323,7,8,169
2/26/2023,Wind,15728,18,19,57
3/11/2022,Wind,10519,21,22,70
6/1/2022,Solar,5214,17,18,152
6/19/2022,Wind,6948,7,8,170
9/8/2022,Wind,8695,10,11,251
8/2/2022,Wind,1310,1,2,214
11/26/2024,Wind,6445,1,2,331
12/13/2023,Wind,7828,6,7,347
7/12/2025,Wind,3909,20,21,193
10/16/2022,Wind,4704,18,19,289
4/12/2020,Wind,2322,21,22,103
12/25/2023,Wind,12230,16,17,359
6/18/2021,Wind,9367,17,18,169
10/18/2023,Wind,10499,1,2,291
1/12/2022,Solar,4584,11,12,12
4/29/2023,Wind,2714,22,23,119
9/21/2021,Wind,3306,23,0,264
8/8/2023,Solar,9733,12,13,220
8/1/2021,Wind,2348,4,5,213
2/10/2020,Wind,12959,21,22,41
10/31/2020,Wind,3069,4,5,305
12/31/2024,Wind,9036,17,18,366
10/28/2023,Wind,11930,4,5,301
7/19/2025,Wind,4635,1,2,200
9/15/2023,Wind,2659,19,20,258
7/12/2021,Wind,2324,7,8,193
11/28/2020,Wind,3710,13,14,333
1/10/2023,Wind,15777,14,15,10
12/13/2021,Wind,1678,1,2,347
12/23/2021,Wind,8130,13,14,357
12/13/2024,Wind,2960,9,10,348
4/19/2022,Wind,2818,3,4,109
8/30/2023,Wind,3483,23,0,242
3/14/2023,Wind,5023,22,23,73
5/6/2022,Wind,4837,18,19,126
3/23/2025,Wind,5996,8,9,82
1/16/2022,Wind,1801,3,4,16
8/26/2023,Wind,2861,0,1,238
4/17/2025,Wind,2565,3,4,107
4/10/2025,Solar,10273,10,11,100
8/23/2021,Wind,5030,21,22,235
11/21/2023,Wind,7176,15,16,325
8/18/2024,Wind,5352,19,20,231
11/4/2024,Wind,2776,3,4,309
8/7/2021,Wind,3294,2,3,219
11/27/2022,Wind,6839,15,16,331
3/27/2021,Wind,9516,2,3,86
3/12/2022,Wind,9748,22,23,71
10/17/2025,Wind,5096,5,6,290
4/10/2025,Solar,10743,17,18,100
8/21/2022,Wind,791,0,1,233
2/11/2021,Wind,5196,6,7,42
3/31/2021,Wind,1435,23,0,90
6/19/2020,Wind,1906,6,7,171
2/26/2020,Wind,13169,13,14,57
10/21/2023,Wind,20374,11,12,294
11/7/2023,Wind,8207,8,9,311
7/29/2025,Wind,3104,0,1,210
2/19/2020,Wind,7379,10,11,50
4/3/2023,Wind,11458,13,14,93
2/25/2021,Wind,1854,19,20,56
2/25/2021,Wind,5371,2,3,56
9/28/2024,Solar,8533,11,12,272
2/22/2023,Wind,3581,14,15,53
3/5/2025,Solar,9526,11,12,64
9/11/2023,Wind,2249,1,2,254
12/6/2020,Wind,1761,20,21,341
10/3/2025,Wind,11497,14,15,276
11/28/2022,Wind,4489,4,5,332
5/3/2020,Wind,705,22,23,124
2/19/2021,Wind,8744,13,14,50
1/16/2020,Wind,9123,16,17,16
11/18/2021,Solar,3746,13,14,322
12/13/2022,Wind,6219,6,7,347
5/26/2021,Wind,10892,12,13,146
5/28/2020,Wind,6074,22,23,149
5/16/2022,Wind,599,22,23,136
2/8/2021,Wind,2084,10,11,39
8/25/2022,Solar,6443,12,13,237
3/12/2024,Wind,5402,0,1,72
3/8/2022,Wind,5703,21,22,67
4/6/2025,Wind,10147,22,23,96
12/1/2023,Wind,5091,21,22,335
2/1/2024,Wind,3991,13,14,32
3/19/2021,Wind,5515,5,6,78
11/22/2020,Wind,2036,2,3,327
1/29/2023,Wind,1089,6,7,29
2/3/2020,Wind,10296,23,0,34
8/22/2025,Wind,3100,22,23,234
12/30/2023,Wind,14946,21,22,364
6/14/2020,Wind,2981,6,7,166
5/20/2025,Solar,7909,11,12,140
5/27/2021,Solar,1951,19,20,147
11/28/2024,Solar,5112,12,13,333
6/12/2025,Wind,2592,20,21,163
12/2/2021,Wind,6595,4,5,336
4/6/2023,Wind,1240,1,2,96
8/29/2022,Wind,5149,21,22,241
4/22/2024,Wind,7693,2,3,113
4/7/2022,Wind,13300,21,22,97
8/17/2020,Wind,2329,8,9,230
4/8/2020,Wind,3294,0,1,99
6/27/2022,Wind,1132,2,3,178
11/8/2022,Wind,13921,13,14,312
7/27/2024,Wind,418,1,2,209
8/5/2025,Wind,7613,16,17,217
5/1/2020,Wind,8012,10,11,122
6/22/2022,Wind,3322,5,6,173
1/10/2020,Wind,9719,0,1,10
2/26/2024,Wind,9462,3,4,57
8/3/2023,Wind,7651,18,19,215
11/6/2020,Wind,7462,0,1,311
5/12/2025,Solar,4886,18,19,132
2/4/2023,Wind,2724,6,7,35
9/8/2021,Wind,5846,16,17,251
2/16/2023,Wind,7525,19,20,47
5/12/2022,Solar,1922,8,9,132
11/12/2025,Wind,13071,0,1,316
7/7/2020,Solar,4694,11,12,189
3/18/2021,Wind,6015,13,14,77
8/2/2020,Wind,2829,7,8,215
1/28/2020,Wind,12847,8,9,28
10/6/2023,Wind,1366,0,1,279
6/27/2024,Solar,5860,10,11,179
8/30/2024,Solar,8694,12,13,243
11/22/2025,Wind,4673,5,6,326
1/8/2024,Wind,11588,13,14,8
8/10/2025,Solar,4763,12,13,222
4/30/2024,Wind,6800,10,11,121
9/5/2024,Solar,7713,12,13,249
6/18/2024,Wind,2850,5,6,170
8/11/2020,Wind,1326,22,23,224
11/18/2024,Wind,9025,4,5,323
3/3/2025,Wind,4149,21,22,62
6/16/2020,Solar,2228,9,10,168
11/5/2023,Wind,19077,11,12,309
7/10/2020,Wind,4371,9,10,192
10/29/2023,Wind,12320,18,19,302
6/25/2020,Wind,3877,1,2,177
11/27/2023,Wind,7464,2,3,331
9/10/2023,Wind,2837,22,23,253
3/25/2024,Wind,8875,22,23,85
11/11/2021,Wind,1151,2,3,315
9/21/2020,Solar,1691,10,11,265
1/17/2021,Wind,2503,21,22,17
6/16/2024,Wind,3886,20,21,168
5/25/2020,Wind,2382,5,6,146
9/30/2025,Wind,1558,6,7,273
2/19/2025,Wind,8798,6,7,50
11/18/2022,Wind,3150,22,23,322
1/4/2021,Wind,2038,10,11,4
6/4/2022,Solar,5744,13,14,155
12/14/2021,Solar,2182,10,11,348
6/14/2025,Wind,5142,2,3,165
7/11/2024,Solar,2417,8,9,193
3/31/2025,Solar,12362,13,14,90
1/6/2025,Wind,18722,6,7,6
12/16/2021,Wind,2732,8,9,350
6/12/2021,Wind,2432,22,23,163
7/9/2020,Wind,6646,17,18,191
2/18/2022,Wind,13238,18,19,49
2/13/2021,Wind,9991,14,15,44
12/16/2021,Wind,2497,7,8,350
12/15/2024,Wind,6048,8,9,350
7/10/2021,Solar,3276,10,11,191
11/29/2025,Wind,10196,18,19,333
2/10/2021,Wind,4420,21,22,41
7/29/2024,Solar,10129,12,13,211
1/20/2023,Wind,3401,9,10,20
9/10/2022,Solar,7701,16,17,253
12/23/2022,Wind,15011,16,17,357
12/9/2023,Wind,9880,4,5,343
3/19/2023,Wind,6813,16,17,78
11/30/2020,Wind,1329,4,5,335
5/24/2021,Wind,8666,4,5,144
1/27/2022,Wind,5055,9,10,27
10/19/2022,Wind,5532,0,1,292
1/17/2023,Wind,4973,19,20,17
10/13/2025,Wind,7387,18,19,286
5/1/2025,Solar,5191,12,13,121
7/2/2020,Wind,3656,21,22,184
5/14/2022,Solar,5901,11,12,134
9/4/2024,Wind,1022,1,2,248
5/16/2021,Wind,4872,3,4,136
2/24/2022,Wind,9070,9,10,55
11/6/2025,Wind,8939,3,4,310
1/28/2023,Wind,3752,17,18,28
4/5/2023,Wind,2623,1,2,95
3/8/2024,Wind,9798,18,19,68
9/9/2022,Wind,8652,5,6,252
6/23/2025,Wind,7643,11,12,174
3/4/2024,Wind,3900,2,3,64
2/21/2025,Wind,13537,8,9,52
10/31/2023,Wind,9320,10,11,304
8/11/2024,Wind,3520,2,3,224
12/12/2023,Wind,11858,14,15,346
1/18/2021,Wind,2493,6,7,18
8/3/2024,Wind,3502,4,5,216
5/17/2025,Solar,6696,9,10,137
11/14/2021,Wind,4424,18,19,318
6/20/2023,Wind,3307,4,5,171
3/21/2022,Wind,4387,7,8,80
4/19/2020,Wind,3115,13,14,110
7/6/2024,Wind,8305,4,5,188
5/14/2023,Wind,4043,23,0,134
12/19/2022,Wind,12288,2,3,353
9/23/2020,Wind,8545,14,15,267
4/20/2024,Wind,6904,4,5,111
7/21/2020,Wind,4406,21,22,203
4/25/2020,Wind,1779,3,4,116
6/10/2023,Wind,2713,4,5,161
2/11/2024,Wind,12006,17,18,42
7/6/2022,Solar,7683,12,13,187
2/5/2022,Wind,9947,19,20,36
5/28/2020,Wind,6736,23,0,149
9/17/2025,Wind,2575,2,3,260
8/8/2025,Solar,3228,8,9,220
3/9/2020,Wind,8872,22,23,69
3/11/2024,Wind,6066,21,22,71
5/14/2025,Solar,7679,17,18,134
2/4/2020,Wind,10533,1,2,35
8/11/2020,Solar,2040,18,19,224
10/13/2023,Wind,15965,17,18,286
6/16/2022,Solar,1895,19,20,167
12/8/2020,Wind,2188,8,9,343
3/29/2021,Solar,5986,14,15,88
6/15/2025,Solar,3778,9,10,166
1/20/2024,Solar,6835,12,13,20
2/17/2025,Wind,3993,23,0,48
12/3/2021,Wind,6171,7,8,337
5/30/2023,Wind,9640,8,9,150
2/3/2020,Wind,8538,15,16,34
1/22/2025,Wind,6417,12,13,22
12/27/2021,Wind,12569,21,22,361
11/8/2020,Wind,3996,11,12,313
9/20/2023,Wind,10365,21,22,263
3/11/2024,Wind,8030,17,18,71
7/16/2024,Wind,11662,9,10,198
3/26/2025,Wind,3745,19,20,85
2/18/2023,Wind,5595,1,2,49
7/18/2024,Solar,7212,16,17,200
5/8/2020,Wind,2082,4,5,129
9/18/2023,Wind,14252,16,17,261
8/10/2023,Solar,7330,12,13,222
9/7/2020,Wind,2004,19,20,251
10/3/2020,Wind,6727,16,17,277
5/26/2021,Wind,5529,2,3,146
1/23/2022,Wind,1749,4,5,23
6/14/2022,Solar,4214,9,10,165
1/20/2021,Wind,12999,9,10,20
4/1/2025,Wind,10967,6,7,91
2/15/2020,Wind,11448,12,13,46
3/24/2022,Solar,5742,10,11,83
9/5/2025,Wind,4105,1,2,248
1/12/2023,Wind,18306,12,13,12
11/6/2022,Wind,11005,19,20,310
3/8/2022,Wind,3785,17,18,67
12/24/2020,Wind,7846,22,23,359
9/10/2020,Solar,2992,15,16,254
4/28/2024,Wind,10254,1,2,119
5/9/2020,Wind,2676,0,1,130
12/3/2020,Wind,9711,12,13,338
7/20/2024,Wind,1818,0,1,202
8/10/2021,Wind,1225,0,1,222
4/25/2024,Solar,7534,14,15,116
10/12/2021,Wind,3353,19,20,285
6/13/2020,Wind,4955,11,12,165
7/31/2023,Wind,9176,7,8,212
2/7/2020,Wind,5046,15,16,38
4/8/2025,Wind,2900,3,4,98
10/29/2022,Wind,6799,16,17,302
3/17/2020,Solar,2613,13,14,77
7/16/2025,Wind,7811,19,20,197
11/9/2025,Wind,5570,21,22,313
8/15/2021,Wind,8013,18,19,227
8/31/2020,Wind,2550,8,9,244
2/10/2020,Wind,11091,7,8,41
3/20/2022,Wind,5262,3,4,79
2/16/2022,Wind,14791,6,7,47
10/17/2022,Wind,1822,22,23,290
3/28/2025,Wind,2114,2,3,87
6/7/2020,Wind,3654,1,2,159
8/17/2020,Wind,1922,5,6,230
4/22/2025,Solar,2305,8,9,112
9/6/2021,Wind,1319,3,4,249
9/4/2024,Wind,1181,0,1,248
1/20/2025,Wind,1179,20,21,20
7/13/2020,Solar,4705,13,14,195
6/3/2021,Solar,3805,15,16,154
4/9/2025,Wind,5564,8,9,99
7/25/2024,Solar,9796,15,16,207
9/13/2020,Wind,1634,21,22,257
7/18/2024,Wind,2282,3,4,200
6/16/2024,Wind,7228,11,12,168
1/15/2025,Wind,2998,7,8,15
4/12/2023,Wind,11551,10,11,102
9/30/2023,Solar,6238,15,16,273
10/31/2025,Wind,13978,12,13,304
2/20/2025,Wind,10442,15,16,51
12/7/2021,Wind,5875,4,5,341
12/19/2021,Wind,3858,2,3,353
9/11/2021,Wind,1304,6,7,254
7/13/2022,Wind,1284,3,4,194
7/26/2025,Wind,2898,1,2,207
5/6/2025,Wind,15086,13,14,126
12/20/2022,Wind,13290,7,8,354
8/28/2020,Wind,2992,23,0,241
1/20/2023,Wind,2459,7,8,20
2/19/2024,Wind,5970,20,21,50
6/26/2021,Solar,4853,13,14,177
5/29/2024,Wind,11061,15,16,150
6/13/2021,Wind,3335,2,3,164
8/26/2024,Wind,2474,2,3,239
6/10/2021,Wind,1433,20,21,161
9/12/2020,Wind,1498,21,22,256
2/14/2022,Wind,13708,2,3,45
7/14/2022,Solar,9365,15,16,195
9/1/2022,Wind,3710,2,3,244
7/25/2023,Wind,6136,8,9,206
6/27/2025,Solar,11359,15,16,178
5/26/2024,Wind,4941,3,4,147
4/4/2022,Wind,1493,0,1,94
10/24/2021,Wind,4122,3,4,297
11/11/2021,Wind,870,21,22,315
12/15/2020,Wind,4872,3,4,350
1/8/2022,Wind,15073,17,18,8
7/23/2020,Wind,1571,22,23,205
7/18/2020,Wind,1461,22,23,200
12/12/2021,Wind,2570,16,17,346
4/5/2022,Wind,6905,9,10,95
7/17/2023,Wind,2324,5,6,198
4/20/2020,Wind,5618,7,8,111
1/18/2021,Wind,2566,7,8,18
8/24/2021,Wind,11067,18,19,236
1/28/2021,Wind,13948,8,9,28
2/27/2020,Wind,7033,21,22,58
5/4/2025,Wind,7299,15,16,124
9/1/2020,Solar,2103,9,10,245
11/11/2024,Wind,3528,7,8,316
10/24/2021,Solar,6109,11,12,297
11/11/2022,Wind,3169,5,6,315
1/8/2020,Wind,5852,1,2,8
1/13/2021,Wind,3236,4,5,13
8/10/2021,Solar,5787,14,15,222
4/2/2025,Wind,15114,2,3,92
3/1/2021,Wind,3239,17,18,60
11/30/2022,Wind,2060,9,10,334
1/14/2020,Wind,12733,18,19,14
10/12/2020,Solar,3235,10,11,286
3/29/2024,Wind,5982,20,21,89
10/12/2025,Solar,11438,15,16,285
12/21/2020,Wind,6804,3,4,356
9/16/2024,Solar,10670,15,16,260
4/7/2023,Solar,7303,12,13,97
7/21/2024,Wind,8390,16,17,203
10/31/2024,Solar,4724,13,14,305
2/21/2020,Wind,8359,13,14,52
9/1/2021,Wind,6601,19,20,244
3/10/2024,Wind,1487,20,21,70
8/12/2020,Wind,3514,16,17,225
8/26/2023,Wind,3719,4,5,238
3/2/2022,Wind,3208,9,10,61
1/3/2022,Wind,9363,8,9,3
2/13/2025,Solar,4235,11,12,44
4/10/2024,Wind,3966,8,9,101
3/22/2021,Wind,2676,19,20,81
1/10/2025,Wind,5399,10,11,10
10/6/2023,Solar,6868,15,16,279
4/29/2024,Solar,7027,15,16,120
7/13/2024,Wind,896,5,6,195
11/14/2021,Wind,4245,15,16,318
12/10/2023,Wind,14883,10,11,344
6/13/2022,Wind,2895,19,20,164
9/21/2024,Wind,3743,7,8,265
7/9/2025,Wind,1777,2,3,190
8/18/2024,Solar,10781,13,14,231
2/3/2023,Wind,6517,7,8,34
12/12/2021,Wind,2137,17,18,346
5/10/2021,Wind,7851,1,2,130
6/24/2022,Wind,6156,20,21,175
3/17/2020,Wind,1308,3,4,77
7/24/2024,Solar,2606,8,9,206
10/27/2023,Wind,8707,3,4,300
8/17/2025,Solar,9267,10,11,229
9/17/2020,Wind,8119,16,17,261
9/30/2025,Wind,1392,5,6,273
10/3/2024,Wind,7039,7,8,277
3/28/2021,Wind,3564,7,8,87
7/17/2025,Wind,1610,23,0,198
2/26/2022,Solar,7670,10,11,57
7/3/2025,Solar,9564,15,16,184
3/7/2025,Wind,5888,18,19,66
8/8/2024,Wind,1215,4,5,221
9/23/2023,Wind,3488,8,9,266
4/28/2021,Solar,2519,11,12,118
9/10/2022,Solar,8766,14,15,253
3/31/2025,Wind,5433,8,9,90
7/16/2024,Wind,8021,4,5,198
8/20/2025,Wind,7286,11,12,232
1/6/2023,Wind,8675,13,14,6
8/17/2023,Wind,1803,20,21,229
3/15/2024,Wind,9919,5,6,75
12/4/2020,Wind,12195,0,1,339
12/21/2021,Wind,2850,4,5,355
6/9/2024,Wind,5084,22,23,161
6/14/2022,Solar,3413,8,9,165
8/27/2023,Wind,2812,6,7,239
1/6/2025,Wind,18898,12,13,6
3/6/2020,Wind,4508,20,21,66
12/30/2021,Wind,9277,12,13,364
12/6/2022,Wind,1632,6,7,340
6/21/2024,Wind,1325,1,2,173
2/1/2025,Wind,4191,21,22,32
7/14/2020,Wind,4409,18,19,196
7/1/2020,Wind,5201,19,20,183
3/21/2023,Wind,8110,22,23,80
4/14/2025,Solar,2139,8,9,104
2/27/2022,Wind,10044,12,13,58
11/5/2020,Wind,6887,13,14,310
3/10/2020,Wind,12041,5,6,70
6/1/2025,Solar,3175,17,18,152
1/26/2025,Wind,9972,2,3,26
4/30/2020,Wind,11987,13,14,121
12/14/2024,Wind,1157,2,3,349
4/15/2025,Wind,7968,15,16,105
10/30/2020,Wind,7489,2,3,304
2/8/2021,Wind,1406,0,1,39
3/9/2022,Wind,3581,4,5,68
2/22/2022,Wind,14388,15,16,53
1/16/2024,Wind,3128,19,20,16
11/30/2023,Wind,2419,11,12,334
1/21/2022,Wind,6986,14,15,21
10/13/2022,Wind,1361,2,3,286
6/17/2022,Wind,1592,23,0,168
11/17/2024,Wind,3941,6,7,322
7/18/2020,Wind,1339,2,3,200
9/25/2024,Wind,5967,8,9,269
3/29/2022,Wind,2891,5,6,88
6/17/2020,Wind,2095,19,20,169
6/29/2024,Wind,6554,18,19,181
10/30/2020,Wind,7419,10,11,304
2/19/2021,Wind,7404,19,20,50
1/1/2024,Wind,8838,4,5,1
12/27/2022,Wind,4019,6,7,361
11/1/2021,Wind,10079,10,11,305
8/28/2020,Wind,3247,21,22,241
8/27/2020,Wind,6475,19,20,240
10/5/2022,Wind,7845,20,21,278
2/6/2020,Wind,2972,4,5,37
2/9/2024,Wind,13564,11,12,40
5/17/2024,Wind,679,23,0,138
4/8/2021,Solar,3570,10,11,98
11/4/2025,Wind,8203,1,2,308
11/18/2022,Wind,7697,6,7,322
3/24/2020,Wind,5924,6,7,84
2/24/2020,Wind,3562,3,4,55
9/9/2020,Wind,935,0,1,253
8/3/2025,Solar,6177,12,13,215
1/24/2023,Wind,2989,18,19,24
10/31/2020,Wind,2492,3,4,305
8/14/2024,Solar,6071,14,15,227
4/27/2024,Wind,11873,15,16,118
4/26/2024,Wind,4435,23,0,117
5/11/2020,Wind,9243,1,2,132
7/2/2022,Wind,1275,6,7,183
11/2/2023,Wind,15875,15,16,306
8/15/2021,Wind,8032,16,17,227
7/10/2020,Wind,5447,16,17,192
2/18/2020,Wind,8247,9,10,49
1/17/2025,Wind,2010,2,3,17
9/29/2025,Solar,9018,14,15,272
2/10/2025,Wind,3590,3,4,41
11/2/2024,Wind,1203,0,1,307
1/7/2023,Wind,14522,20,21,7
12/30/2022,Wind,13456,7,8,364
2/29/2020,Wind,11760,23,0,60
3/17/2021,Wind,5952,20,21,76
4/15/2025,Wind,9714,20,21,105
6/20/2023,Wind,1917,20,21,171
2/20/2021,Wind,12274,17,18,51
5/25/2022,Wind,8041,19,20,145
12/27/2021,Wind,7212,8,9,361
10/20/2024,Wind,3018,1,2,294
5/14/2025,Wind,6080,21,22,134
2/20/2022,Wind,17314,12,13,51
4/18/2021,Wind,4779,1,2,108
1/30/2024,Wind,8113,0,1,30
2/7/2021,Wind,5123,1,2,38
10/31/2025,Wind,9628,6,7,304
7/3/2025,Wind,4571,7,8,184
5/26/2022,Wind,4299,21,22,146
4/9/2024,Wind,9097,5,6,100
8/13/2020,Wind,4931,14,15,226
10/31/2024,Wind,1060,19,20,305
4/25/2025,Solar,10245,14,15,115
12/11/2024,Wind,7435,13,14,346
5/20/2022,Wind,3605,7,8,140
5/31/2020,Wind,8533,11,12,152
12/21/2024,Wind,7750,7,8,356
11/1/2022,Wind,11756,9,10,305
6/12/2022,Wind,3211,3,4,163
1/3/2022,Wind,7791,18,19,3
8/13/2025,Wind,3943,18,19,225
7/6/2021,Wind,9578,5,6,187
10/12/2025,Solar,12629,13,14,285
6/7/2024,Wind,1472,21,22,159
12/9/2022,Wind,3667,12,13,343
3/15/2021,Wind,5856,20,21,74
2/8/2023,Solar,6888,13,14,39
7/9/2022,Solar,5963,10,11,190
3/2/2025,Solar,9877,15,16,61
7/16/2023,Wind,5414,6,7,197
1/6/2022,Wind,2549,9,10,6
8/29/2022,Wind,4856,9,10,241
4/21/2025,Wind,4052,2,3,111
8/14/2025,Wind,2821,2,3,226
11/2/2023,Wind,15676,17,18,306
5/2/2024,Wind,9667,10,11,123
8/3/2023,Wind,12494,10,11,215
3/5/2020,Wind,5038,0,1,65
1/6/2024,Wind,8024,19,20,6
5/19/2022,Wind,3839,6,7,139
1/28/2024,Wind,9911,8,9,28
1/23/2021,Wind,6788,9,10,23
1/5/2024,Wind,11144,3,4,5
3/29/2020,Wind,13938,17,18,89
11/13/2020,Wind,5605,14,15,318
8/30/2025,Wind,4869,4,5,242
8/17/2022,Wind,2033,19,20,229
5/31/2022,Solar,1676,8,9,151
10/18/2022,Wind,3002,9,10,291
12/3/2020,Wind,5211,8,9,338
1/11/2022,Solar,5143,13,14,11
2/24/2022,Wind,4329,3,4,55
9/2/2021,Wind,5745,9,10,245
9/10/2020,Wind,1794,0,1,254
5/2/2022,Solar,6127,11,12,122
3/8/2025,Wind,10697,5,6,67
10/16/2024,Wind,11010,1,2,290
7/17/2025,Wind,1801,20,21,198
12/1/2023,Wind,3234,10,11,335
11/12/2023,Wind,9888,14,15,316
9/3/2023,Wind,6935,18,19,246
1/17/2022,Solar,2716,15,16,17
4/26/2023,Wind,2693,8,9,116
4/1/2021,Wind,6463,17,18,91
5/28/2023,Solar,5108,9,10,148
3/27/2022,Solar,6871,14,15,86
4/13/2025,Wind,9132,2,3,103
10/18/2021,Wind,4845,21,22,291
9/9/2022,Wind,5803,22,23,252
11/14/2025,Wind,12793,6,7,318
2/27/2020,Wind,5876,3,4,58
7/7/2020,Solar,5278,13,14,189
12/18/2023,Wind,3980,15,16,352
9/28/2023,Wind,4548,1,2,271
6/28/2024,Wind,2990,7,8,180
10/20/2020,Wind,9659,5,6,294
4/27/2021,Wind,4738,3,4,117
4/6/2024,Wind,8363,15,16,97
4/28/2021,Wind,4670,16,17,118
10/2/2025,Solar,4982,17,18,275
9/14/2020,Solar,5167,14,15,258
6/24/2023,Wind,2771,6,7,175
10/21/2020,Wind,15183,11,12,295
8/1/2025,Wind,11333,17,18,213
2/23/2022,Wind,3212,23,0,54
7/24/2021,Solar,5662,12,13,205
12/10/2023,Wind,14688,4,5,344
4/19/2020,Wind,2422,5,6,110
4/24/2021,Wind,7172,3,4,114
4/21/2020,Wind,5012,9,10,112
10/12/2023,Wind,8100,16,17,285
11/16/2025,Wind,2155,2,3,320
1/7/2022,Wind,12803,13,14,7
11/16/2023,Wind,4723,5,6,320
6/18/2020,Wind,1643,1,2,170
8/3/2024,Wind,2972,6,7,216
6/24/2024,Solar,4072,8,9,176
5/18/2023,Wind,9570,16,17,138
4/24/2020,Solar,3015,17,18,115
9/19/2024,Wind,8303,23,0,263
12/18/2021,Wind,6095,18,19,352
8/9/2024,Wind,6545,8,9,222
1/31/2025,Wind,9041,14,15,31
3/28/2021,Solar,6562,15,16,87
6/8/2024,Wind,3640,20,21,160
10/16/2024,Wind,10396,19,20,290
3/3/2020,Wind,2627,13,14,63
11/21/2024,Wind,6234,22,23,326
12/6/2020,Wind,2388,7,8,341
4/21/2022,Solar,7316,13,14,111
9/1/2023,Solar,9763,13,14,244
1/29/2023,Solar,4709,13,14,29
4/27/2022,Solar,9899,13,14,117
12/6/2023,Solar,4011,12,13,340
2/11/2023,Wind,1810,4,5,42
5/23/2021,Wind,7087,19,20,143
1/13/2023,Wind,17620,13,14,13
10/21/2020,Wind,12602,8,9,295
11/11/2021,Solar,2291,9,10,315
2/28/2023,Wind,6877,21,22,59
3/10/2023,Wind,20267,12,13,69
11/15/2021,Wind,3350,1,2,319
8/27/2022,Solar,7247,13,14,239
9/26/2025,Wind,408,19,20,269
10/18/2025,Solar,10166,11,12,291
9/4/2022,Wind,2242,6,7,247
5/14/2020,Wind,8480,22,23,135
11/20/2021,Wind,256,21,22,324
3/19/2022,Wind,11653,2,3,78
7/27/2023,Wind,7081,19,20,208
9/29/2022,Solar,3391,16,17,272
10/30/2020,Wind,2316,20,21,304
1/18/2020,Wind,1821,17,18,18
11/18/2023,Wind,10478,8,9,322
4/28/2025,Wind,4874,19,20,118
8/25/2022,Wind,2568,1,2,237
1/29/2020,Wind,8131,10,11,29
2/28/2024,Wind,2938,4,5,59
8/14/2021,Wind,1499,7,8,226
2/1/2025,Wind,3300,4,5,32
1/8/2025,Wind,15551,17,18,8
7/19/2020,Wind,717,5,6,201
4/15/2024,Wind,2526,1,2,106
10/7/2020,Wind,8655,3,4,281
5/13/2021,Wind,6445,9,10,133
8/21/2024,Wind,3751,6,7,234
1/9/2023,Wind,16471,11,12,9
7/12/2021,Solar,4206,12,13,193
7/17/2021,Wind,2660,3,4,198
2/8/2021,Wind,2189,14,15,39
12/21/2024,Wind,17785,17,18,356
8/11/2023,Solar,4743,18,19,223
10/26/2025,Wind,9938,4,5,299
10/17/2020,Wind,554,19,20,291
11/11/2025,Wind,7784,6,7,315
4/25/2021,Wind,8220,4,5,115
8/13/2022,Wind,3130,22,23,225
10/23/2023,Wind,5937,5,6,296
6/8/2021,Wind,1392,0,1,159
2/7/2021,Wind,6165,14,15,38
5/12/2025,Solar,4127,16,17,132
1/20/2024,Wind,3446,1,2,20
4/5/2022,Wind,10520,15,16,95
6/9/2023,Solar,7100,14,15,160
4/5/2025,Wind,9012,23,0,95
11/22/2025,Wind,12287,14,15,326
7/22/2025,Wind,11630,17,18,203
11/5/2022,Wind,3089,2,3,309
9/17/2021,Wind,696,3,4,260
10/13/2020,Wind,6661,14,15,287
4/8/2025,Wind,4246,21,22,98
3/8/2025,Wind,12302,8,9,67
10/14/2025,Wind,6169,3,4,287
12/7/2022,Wind,2533,3,4,341
5/29/2020,Wind,4079,8,9,150
10/4/2021,Wind,6850,11,12,277
12/15/2024,Wind,9368,11,12,350
4/26/2025,Wind,5053,3,4,116
8/19/2020,Wind,4393,23,0,232
1/17/2022,Wind,1708,21,22,17
7/2/2021,Wind,434,6,7,183
4/9/2024,Wind,12447,19,20,100
11/10/2022,Wind,3646,23,0,314
2/12/2023,Wind,3488,19,20,43
7/13/2022,Solar,4749,18,19,194
4/24/2025,Solar,9198,13,14,114
12/20/2021,Wind,3168,17,18,354
5/29/2024,Wind,6284,7,8,150
2/3/2024,Wind,5376,23,0,34
9/1/2021,Wind,7759,18,19,244
8/19/2023,Wind,1054,22,23,231
9/22/2022,Wind,2751,0,1,265
1/18/2020,Solar,2528,14,15,18
4/8/2021,Wind,851,0,1,98
10/5/2023,Solar,3037,9,10,278
8/31/2022,Wind,2669,3,4,243
3/12/2022,Wind,8732,18,19,71
7/20/2022,Wind,1815,23,0,201
4/29/2023,Wind,2892,19,20,119
7/30/2022,Wind,1439,2,3,211
5/13/2021,Wind,2605,22,23,133
10/16/2021,Wind,1291,21,22,289
10/15/2020,Wind,3910,7,8,289
6/6/2023,Solar,8646,12,13,157
8/8/2025,Wind,1437,5,6,220
7/26/2025,Solar,7998,10,11,207
2/20/2022,Wind,11206,2,3,51
11/28/2025,Wind,8628,2,3,332
6/28/2021,Solar,3922,13,14,179
9/19/2021,Wind,3519,3,4,262
9/28/2023,Wind,2552,19,20,271
5/13/2024,Solar,6831,14,15,134
5/18/2021,Wind,5406,2,3,138
8/1/2024,Solar,8661,16,17,214
9/12/2024,Wind,4472,2,3,256
2/5/2022,Wind,5210,0,1,36
8/15/2021,Wind,1301,7,8,227
7/31/2025,Wind,2301,6,7,212
1/27/2021,Wind,4041,16,17,27
11/9/2022,Wind,8537,4,5,313
12/22/2020,Wind,12189,2,3,357
12/8/2023,Wind,7878,0,1,342
11/10/2021,Solar,1760,15,16,314
5/11/2021,Wind,4076,10,11,131
2/15/2022,Wind,13683,14,15,46
4/8/2020,Wind,2012,7,8,99
4/10/2021,Wind,4391,0,1,100
6/7/2021,Wind,1350,2,3,158
5/13/2021,Wind,4479,0,1,133
3/8/2021,Wind,2882,20,21,67
11/6/2020,Wind,6743,8,9,311
3/16/2025,Wind,10187,0,1,75
9/26/2020,Wind,12730,13,14,270
11/23/2025,Wind,15669,12,13,327
3/24/2023,Wind,15698,17,18,83
1/22/2022,Solar,5027,12,13,22
2/8/2022,Wind,2415,22,23,39
4/27/2024,Wind,4743,0,1,118
1/24/2024,Wind,16218,7,8,24
9/20/2022,Wind,2499,19,20,263
7/19/2024,Solar,7392,16,17,201
11/13/2025,Wind,10392,8,9,317
2/13/2022,Wind,16782,14,15,44
1/22/2022,Wind,3190,0,1,22
12/19/2024,Wind,17216,10,11,354
1/18/2020,Wind,3050,9,10,18
2/6/2025,Wind,13224,13,14,37
3/8/2021,Solar,4523,13,14,67
1/20/2020,Wind,4934,22,23,20
8/29/2020,Wind,3457,1,2,242
9/17/2024,Wind,17409,15,16,261
5/15/2023,Wind,9747,19,20,135
4/26/2023,Solar,4918,14,15,116
8/7/2022,Wind,7089,2,3,219
11/18/2021,Wind,1529,3,4,322
7/28/2022,Solar,5339,15,16,209
9/29/2024,Wind,3181,4,5,273
7/27/2025,Wind,3635,8,9,208
12/7/2022,Wind,1713,17,18,341
6/4/2022,Wind,3214,0,1,155
4/11/2022,Wind,7879,18,19,101
7/18/2025,Solar,6389,10,11,199
10/28/2025,Wind,11636,4,5,301
1/15/2024,Wind,6809,12,13,15
3/7/2021,Solar,3169,13,14,66
1/10/2024,Wind,3793,19,20,10
5/8/2024,Wind,6559,0,1,129
9/28/2024,Wind,6407,4,5,272
5/25/2021,Wind,9546,6,7,145
8/2/2021,Wind,1153,6,7,214
6/13/2025,Wind,2021,4,5,164
6/10/2022,Solar,8508,13,14,161
1/10/2025,Wind,4286,14,15,10
7/20/2023,Solar,6951,12,13,201
2/28/2020,Wind,11014,13,14,59
6/18/2024,Solar,7785,12,13,170
1/31/2024,Wind,6085,20,21,31
1/27/2023,Wind,6094,23,0,27
8/15/2020,Solar,3086,11,12,228
10/4/2022,Wind,988,4,5,277
1/29/2024,Wind,8472,23,0,29
4/12/2022,Wind,7935,6,7,102
1/11/2022,Wind,2090,23,0,11
5/11/2025,Wind,4808,16,17,131
10/14/2023,Wind,10187,4,5,287
10/1/2021,Wind,3707,23,0,274
10/4/2024,Wind,2835,22,23,278
12/31/2024,Wind,7306,11,12,366
3/23/2020,Wind,7482,16,17,83
2/25/2022,Wind,7548,2,3,56
2/11/2022,Solar,3615,16,17,42
7/1/2025,Solar,9839,13,14,182
9/10/2021,Wind,2131,3,4,253
11/20/2024,Wind,6181,9,10,325
9/13/2021,Wind,2426,3,4,256
2/14/2025,Solar,9119,11,12,45
9/30/2023,Wind,547,2,3,273
7/3/2020,Wind,6832,13,14,185
12/16/2022,Wind,5658,4,5,350
6/29/2025,Solar,4495,12,13,180
3/21/2025,Wind,10695,6,7,80
9/22/2023,Wind,13602,15,16,265
1/26/2024,Wind,2003,22,23,26
5/29/2023,Wind,10422,23,0,149
1/18/2024,Wind,4652,19,20,18
8/17/2023,Wind,2474,21,22,229
2/18/2021,Wind,11280,13,14,49
11/28/2025,Wind,7122,16,17,332
6/5/2025,Wind,9135,11,12,156
7/5/2025,Wind,7083,19,20,186
8/30/2023,Wind,4070,20,21,242
1/24/2020,Solar,1733,14,15,24
1/30/2021,Wind,8960,11,12,30
1/26/2021,Wind,5086,10,11,26
7/22/2020,Wind,2730,22,23,204
9/10/2025,Solar,8381,10,11,253
5/20/2021,Solar,7459,11,12,140
8/30/2020,Wind,6972,16,17,243
4/30/2021,Wind,1497,4,5,120
7/20/2024,Wind,1366,2,3,202
6/25/2024,Wind,4860,2,3,177
6/16/2020,Wind,1572,3,4,168
3/20/2025,Wind,7815,22,23,79
10/8/2021,Wind,3732,7,8,281
3/11/2023,Wind,4561,20,21,70
1/9/2022,Wind,11382,5,6,9
12/15/2023,Solar,2984,10,11,349
12/2/2023,Wind,2993,20,21,336
4/12/2020,Solar,4478,14,15,103
1/16/2021,Wind,2609,6,7,16
11/7/2020,Wind,6495,5,6,312
1/16/2025,Wind,5370,7,8,16
12/11/2023,Wind,13313,5,6,345
3/26/2025,Wind,2924,0,1,85
3/9/2025,Wind,6097,14,15,68
1/31/2021,Wind,3917,11,12,31
1/18/2023,Wind,5795,12,13,18
8/11/2022,Wind,5915,22,23,223
10/17/2020,Wind,823,5,6,291
11/6/2023,Wind,11710,15,16,310
1/31/2020,Wind,7383,15,16,31
11/22/2022,Wind,12118,2,3,326
1/14/2020,Wind,12686,21,22,14
6/5/2024,Wind,1825,22,23,157
5/24/2020,Solar,4591,17,18,145
10/17/2025,Wind,5063,8,9,290
12/1/2023,Wind,5670,18,19,335
11/30/2023,Wind,2294,9,10,334
5/28/2023,Wind,8135,21,22,148
8/6/2025,Solar,4823,18,19,218
9/3/2022,Wind,1584,3,4,246
5/12/2024,Wind,2710,21,22,133
8/25/2022,Wind,2157,2,3,237
7/9/2024,Wind,5041,19,20,191
10/28/2023,Wind,17291,13,14,301
12/26/2021,Wind,3943,23,0,360
4/26/2023,Wind,1227,19,20,116
8/12/2020,Wind,2887,23,0,225
6/8/2024,Wind,2653,7,8,160
10/30/2020,Wind,7672,1,2,304
4/10/2024,Solar,9317,13,14,101
1/22/2020,Wind,3220,4,5,22
6/26/2025,Wind,9162,19,20,177
9/25/2023,Wind,2754,6,7,268
10/2/2021,Wind,4880,8,9,275
5/21/2021,Wind,11117,21,22,141
5/21/2021,Wind,9502,4,5,141
6/7/2020,Wind,1627,21,22,159
9/6/2023,Solar,2948,18,19,249
4/27/2023,Wind,1219,3,4,117
3/14/2020,Wind,7209,13,14,74
2/27/2024,Wind,6228,19,20,58
9/19/2020,Solar,4468,13,14,263
4/1/2022,Wind,15285,16,17,91
3/16/2023,Wind,6637,2,3,75
9/22/2025,Wind,8440,16,17,265
11/24/2020,Wind,6160,19,20,329
11/10/2020,Wind,672,8,9,315
12/5/2023,Wind,4052,23,0,339
4/21/2023,Wind,3321,23,0,111
2/26/2021,Wind,5705,22,23,57
1/16/2025,Wind,7756,11,12,16
11/29/2022,Wind,1649,6,7,333
12/1/2024,Wind,10231,13,14,336
5/1/2022,Wind,3175,2,3,121
5/13/2021,Wind,5102,5,6,133
7/31/2023,Wind,18635,14,15,212
10/25/2024,Solar,5922,14,15,299
9/25/2022,Solar,6087,14,15,268
3/25/2025,Solar,7289,14,15,84
1/5/2021,Wind,1973,18,19,5
9/25/2021,Wind,1010,0,1,268
6/27/2023,Solar,3093,8,9,178
9/12/2021,Wind,797,6,7,255
9/13/2024,Wind,4812,7,8,257
7/14/2023,Wind,547,3,4,195
12/22/2024,Wind,18787,3,4,357
12/22/2024,Wind,16227,23,0,357
10/18/2020,Solar,3259,11,12,292
5/4/2021,Wind,13750,8,9,124
7/24/2021,Wind,4791,4,5,205
3/18/2021,Wind,5839,14,15,77
7/8/2025,Wind,6696,8,9,189
4/30/2025,Solar,9156,11,12,120
7/27/2021,Wind,3168,21,22,208
6/11/2020,Wind,5028,17,18,163
7/18/2024,Solar,8281,12,13,200
1/1/2025,Wind,14963,21,22,1
5/16/2023,Wind,7536,4,5,136
11/16/2025,Wind,5090,23,0,320
5/2/2023,Wind,3235,3,4,122
10/29/2022,Wind,8339,14,15,302
5/12/2021,Solar,2820,9,10,132
12/8/2023,Wind,4446,9,10,342
1/2/2022,Wind,5445,0,1,2
1/6/2025,Wind,17822,16,17,6
5/22/2022,Wind,2793,0,1,142
6/15/2022,Wind,4126,1,2,166
4/6/2023,Wind,11427,14,15,96
9/15/2024,Wind,3840,0,1,259
4/8/2023,Wind,3512,5,6,98
3/26/2021,Wind,2924,0,1,85
1/4/2020,Wind,3266,4,5,4
8/25/2025,Wind,2945,7,8,237
5/18/2020,Solar,4062,10,11,139
11/18/2024,Wind,8644,1,2,323
3/15/2025,Wind,10081,3,4,74
7/10/2023,Wind,749,6,7,191
9/7/2024,Wind,3605,22,23,251
7/2/2022,Solar,6897,15,16,183
3/14/2020,Wind,3134,19,20,74
4/23/2020,Solar,824,19,20,114
1/29/2025,Wind,13112,8,9,29
1/26/2024,Wind,12588,7,8,26
8/12/2025,Wind,1049,23,0,224
3/20/2020,Wind,7648,14,15,80
12/11/2022,Wind,2254,8,9,345
10/13/2021,Solar,4854,11,12,286
11/5/2024,Wind,1674,5,6,310
9/18/2024,Wind,14521,17,18,262
1/10/2020,Wind,1558,20,21,10
6/16/2023,Wind,2330,2,3,167
6/15/2023,Solar,7754,15,16,166
8/8/2022,Wind,6072,3,4,220
7/30/2022,Wind,902,5,6,211
10/8/2020,Wind,7127,19,20,282
9/30/2020,Wind,2517,9,10,274
11/9/2022,Wind,9942,0,1,313
5/23/2020,Wind,4797,9,10,144
4/19/2023,Wind,7997,1,2,109
9/21/2020,Wind,888,18,19,265
4/20/2023,Wind,7921,17,18,110
7/7/2021,Wind,3466,18,19,188
1/8/2023,Wind,11145,16,17,8
3/3/2025,Wind,2963,17,18,62
6/29/2024,Wind,4092,1,2,181
3/10/2021,Wind,2969,5,6,69
12/2/2020,Wind,3015,11,12,337
12/16/2022,Wind,6354,1,2,350
1/15/2021,Wind,2717,19,20,15
12/2/2022,Wind,2745,11,12,336
12/16/2024,Wind,3164,19,20,351
10/14/2020,Wind,2018,0,1,288
8/29/2021,Wind,7543,16,17,241
11/22/2024,Wind,16386,13,14,327
3/23/2023,Wind,12237,8,9,82
5/13/2023,Wind,5812,23,0,133
2/25/2022,Wind,3550,18,19,56
10/17/2020,Wind,625,20,21,291
2/4/2024,Wind,10856,14,15,35
5/14/2025,Solar,4558,13,14,134
10/4/2022,Solar,5982,12,13,277
10/18/2020,Solar,3881,14,15,292
5/31/2020,Wind,5688,0,1,152
4/19/2021,Solar,4504,15,16,109
8/11/2021,Wind,647,0,1,223
2/17/2023,Wind,7540,0,1,48
10/6/2023,Solar,3802,9,10,279
4/6/2021,Wind,5819,20,21,96
5/2/2023,Solar,3648,8,9,122
9/8/2025,Wind,2384,3,4,251
4/4/2020,Wind,2989,8,9,95
3/13/2023,Wind,18710,14,15,72
6/8/2020,Wind,3865,21,22,160
4/16/2025,Wind,5633,1,2,106
3/19/2025,Wind,11296,15,16,78
12/29/2022,Wind,13942,12,13,363
3/16/2024,Solar,7993,11,12,76
1/29/2023,Solar,2890,10,11,29
6/30/2021,Wind,2095,6,7,181
8/6/2024,Wind,1463,7,8,219
3/8/2020,Wind,9809,7,8,68
8/31/2024,Solar,8353,12,13,244
4/20/2023,Wind,7599,8,9,110
10/29/2020,Wind,6611,17,18,303
1/21/2025,Wind,6958,22,23,21
2/17/2023,Wind,7175,20,21,48
10/21/2024,Wind,3853,6,7,295
8/24/2020,Wind,1813,4,5,237
5/25/2024,Solar,7169,15,16,146
9/22/2020,Wind,1549,20,21,266
2/5/2023,Wind,13787,14,15,36
2/17/2024,Wind,2438,5,6,48
1/20/2025,Wind,2887,10,11,20
6/12/2021,Wind,2973,19,20,163
9/9/2025,Wind,2454,0,1,252
3/25/2025,Wind,3267,23,0,84
4/17/2021,Wind,7013,18,19,107
8/22/2023,Wind,2173,21,22,234
5/18/2023,Wind,6054,22,23,138
4/11/2024,Wind,1174,21,22,102
10/9/2023,Wind,1159,1,2,282
1/10/2020,Wind,7579,6,7,10
10/18/2022,Solar,5088,11,12,291
1/4/2022,Wind,5941,14,15,4
4/22/2021,Solar,8368,12,13,112
8/4/2021,Solar,3531,16,17,216
6/16/2024,Wind,8152,0,1,168
2/25/2020,Wind,12118,13,14,56
6/14/2024,Wind,7031,5,6,166
7/21/2020,Solar,5891,14,15,203
3/13/2025,Wind,3662,17,18,72
3/11/2021,Wind,15750,11,12,70
10/10/2022,Solar,5312,13,14,283
10/20/2022,Wind,5478,5,6,293
8/5/2024,Solar,8358,12,13,218
7/12/2021,Wind,2435,0,1,193
1/12/2024,Wind,6694,14,15,12
3/18/2023,Wind,7054,6,7,77
5/13/2020,Wind,7957,14,15,134
9/30/2023,Solar,5200,16,17,273
2/5/2025,Wind,2583,17,18,36
9/19/2023,Wind,10341,14,15,262
2/2/2024,Wind,2260,0,1,33
11/17/2021,Wind,1957,5,6,321
10/1/2023,Solar,4581,13,14,274
6/24/2021,Solar,3658,18,19,175
7/27/2022,Solar,6815,11,12,208
4/12/2024,Wind,939,21,22,103
8/22/2020,Wind,11094,12,13,235
11/12/2022,Wind,3769,5,6,316
7/21/2022,Wind,1574,20,21,202
9/8/2023,Wind,1554,21,22,251
5/31/2024,Wind,10050,10,11,152
1/19/2020,Wind,4998,4,5,19
6/25/2021,Wind,1787,7,8,176
2/7/2020,Wind,5494,3,4,38
3/15/2021,Wind,7372,18,19,74
5/13/2025,Solar,3863,15,16,133
4/27/2022,Wind,5614,9,10,117
6/18/2021,Wind,6927,11,12,169
3/15/2024,Wind,11274,18,19,75
12/29/2024,Wind,541,19,20,364
12/24/2023,Wind,10213,20,21,358
6/28/2022,Solar,4992,18,19,179
9/5/2023,Wind,6596,8,9,248
9/1/2022,Solar,3556,9,10,244
8/16/2022,Wind,1494,22,23,228
4/23/2024,Wind,4518,6,7,114
3/19/2022,Wind,10970,9,10,78
4/22/2024,Wind,7378,3,4,113
9/30/2025,Wind,3305,18,19,273
10/4/2022,Wind,1565,0,1,277
8/28/2024,Wind,4269,8,9,241
3/11/2025,Wind,1454,1,2,70
7/19/2023,Solar,8862,11,12,200
1/28/2023,Wind,5921,8,9,28
6/14/2022,Wind,4735,2,3,165
8/16/2020,Wind,1256,3,4,229
4/18/2023,Wind,6470,5,6,108
8/30/2020,Wind,2802,2,3,243
6/3/2025,Wind,4656,21,22,154
6/13/2024,Wind,5847,19,20,165
8/26/2022,Wind,3321,23,0,238
5/5/2020,Wind,2773,23,0,126
4/27/2020,Solar,3089,13,14,118
4/28/2020,Wind,3698,6,7,119
9/13/2022,Wind,3807,18,19,256
11/20/2025,Wind,5905,15,16,324
3/14/2025,Wind,3380,8,9,73
10/13/2021,Solar,4842,16,17,286
8/7/2024,Wind,1433,4,5,220
12/24/2021,Wind,3052,23,0,358
6/21/2020,Wind,2554,5,6,173
7/31/2023,Wind,10874,23,0,212
2/7/2020,Wind,5386,14,15,38
2/3/2025,Solar,5983,11,12,34
6/24/2020,Wind,4258,18,19,176
2/2/2023,Wind,6733,20,21,33
1/23/2023,Wind,8749,16,17,23
12/14/2023,Wind,3583,17,18,348
9/21/2025,Wind,4374,5,6,264
3/15/2021,Wind,10812,11,12,74
11/22/2020,Wind,925,20,21,327
2/22/2020,Wind,8470,19,20,53
6/17/2025,Wind,3347,23,0,168
8/5/2022,Wind,2607,5,6,217
10/14/2020,Wind,6263,17,18,288
2/26/2025,Wind,15050,12,13,57
6/21/2025,Wind,4743,0,1,172
6/5/2020,Wind,14060,13,14,157
10/27/2020,Wind,11411,18,19,301
6/4/2020,Wind,5749,17,18,156
9/4/2024,Wind,798,3,4,248
1/19/2021,Wind,12386,10,11,19
10/23/2025,Wind,11928,4,5,296
3/30/2025,Wind,6357,9,10,89
4/6/2020,Wind,5353,15,16,97
3/31/2023,Wind,21589,14,15,90
3/31/2020,Wind,6377,5,6,91
5/23/2020,Wind,1673,3,4,144
2/11/2022,Wind,3510,6,7,42
1/23/2025,Wind,16773,21,22,23
11/9/2021,Solar,4387,11,12,313
10/26/2025,Wind,10464,0,1,299
12/9/2024,Wind,14088,0,1,344
6/10/2024,Wind,5131,1,2,162
4/10/2020,Solar,3344,9,10,101
10/31/2021,Wind,4378,1,2,304
11/20/2020,Solar,4045,12,13,325
9/25/2025,Solar,6701,11,12,268
12/12/2021,Wind,5288,13,14,346
1/13/2022,Wind,3069,19,20,13
1/12/2025,Wind,4835,23,0,12
12/6/2023,Wind,2647,22,23,340
1/16/2021,Wind,1799,2,3,16
1/3/2020,Wind,8817,6,7,3
9/1/2025,Wind,5057,21,22,244
10/18/2021,Solar,5076,11,12,291
5/7/2022,Wind,4532,23,0,127
6/16/2022,Solar,6428,14,15,167
10/23/2022,Wind,13466,23,0,296
7/8/2024,Solar,7115,17,18,190
3/23/2022,Wind,3526,7,8,82
9/23/2024,Solar,9458,14,15,267
12/26/2020,Wind,11446,21,22,361
5/12/2023,Wind,3360,7,8,132
9/6/2021,Wind,1817,0,1,249
1/19/2024,Solar,3115,10,11,19
4/13/2020,Wind,11013,15,16,104
2/10/2021,Wind,3960,23,0,41
2/4/2020,Wind,8718,19,20,35
12/11/2020,Wind,6300,15,16,346
12/22/2022,Wind,12425,8,9,356
1/4/2020,Wind,2808,20,21,4
8/2/2024,Wind,1432,2,3,215
5/29/2020,Wind,4294,20,21,150
5/4/2021,Wind,10640,19,20,124
4/14/2021,Wind,4370,0,1,104
3/15/2022,Wind,4813,8,9,74
11/7/2023,Wind,7909,0,1,311
2/28/2020,Wind,2660,5,6,59
7/15/2023,Wind,10085,16,17,196
8/12/2025,Solar,6220,9,10,224
6/16/2022,Wind,1497,5,6,167
2/3/2025,Wind,1611,17,18,34
11/16/2023,Wind,3875,4,5,320
3/6/2025,Wind,7274,3,4,65
3/26/2021,Wind,9140,23,0,85
11/21/2025,Wind,8584,11,12,325
3/27/2020,Solar,4295,10,11,87
10/13/2023,Wind,12357,7,8,286
10/14/2022,Wind,6926,23,0,287
11/13/2022,Solar,4217,11,12,317
5/14/2020,Wind,10073,10,11,135
6/19/2024,Wind,9445,11,12,171
1/5/2022,Wind,7302,11,12,5
7/28/2021,Wind,3851,8,9,209
7/15/2023,Wind,14187,17,18,196
10/26/2024,Wind,2823,10,11,300
3/6/2023,Solar,6220,13,14,65
12/4/2020,Wind,4944,19,20,339
8/25/2020,Wind,8081,10,11,238
9/2/2024,Wind,641,22,23,246
8/10/2023,Wind,2594,4,5,222
8/7/2025,Wind,1015,5,6,219
4/1/2021,Wind,7740,23,0,91
2/20/2024,Wind,6371,16,17,51
2/22/2024,Wind,16997,21,22,53
2/14/2023,Solar,5994,10,11,45
6/20/2020,Wind,2174,19,20,172
5/25/2025,Wind,9778,20,21,145
2/11/2024,Wind,15331,15,16,42
9/9/2024,Wind,8239,6,7,253
8/8/2020,Solar,1256,19,20,221
4/9/2025,Wind,4689,2,3,99
4/6/2021,Wind,4806,21,22,96
2/14/2025,Wind,4219,2,3,45
9/12/2021,Solar,4404,11,12,255
4/10/2021,Wind,5953,10,11,100
8/1/2025,Solar,9032,11,12,213
4/19/2023,Solar,10069,16,17,109
1/21/2024,Wind,12404,8,9,21
4/6/2024,Wind,16321,9,10,97
4/29/2021,Wind,2471,2,3,119
12/2/2020,Wind,3088,7,8,337
11/28/2021,Wind,8670,0,1,332
3/11/2023,Wind,3908,18,19,70
6/4/2024,Solar,8950,13,14,156
4/17/2022,Wind,7886,0,1,107
5/6/2025,Wind,10727,0,1,126
9/12/2024,Wind,4188,3,4,256
12/26/2020,Wind,12204,23,0,361
5/6/2022,Solar,6472,15,16,126
11/24/2023,Wind,10477,19,20,328
1/17/2025,Wind,861,17,18,17
7/28/2022,Solar,2500,8,9,209
10/15/2023,Wind,3908,8,9,288
3/17/2021,Wind,11247,12,13,76
10/3/2025,Wind,7978,10,11,276
6/4/2020,Wind,2830,2,3,156
7/29/2025,Wind,2839,3,4,210
3/28/2024,Wind,15521,20,21,88
4/4/2022,Wind,15076,14,15,94
10/15/2020,Wind,5196,10,11,289
5/30/2020,Solar,6710,15,16,151
4/1/2020,Wind,4222,8,9,92
10/18/2023,Wind,12351,22,23,291
6/7/2020,Wind,2766,3,4,159
10/10/2025,Wind,2536,7,8,283
12/18/2024,Wind,13116,3,4,353
3/7/2023,Wind,7061,8,9,66
5/20/2021,Wind,9069,22,23,140
4/8/2022,Wind,9083,11,12,98
4/6/2021,Wind,4549,0,1,96
12/6/2020,Wind,1662,21,22,341
6/10/2023,Wind,1747,20,21,161
5/23/2023,Wind,4394,3,4,143
4/13/2024,Solar,4281,11,12,104
10/1/2023,Solar,5635,16,17,274
11/29/2021,Wind,4402,14,15,333
5/22/2022,Solar,5753,14,15,142
1/9/2023,Wind,15487,3,4,9
7/18/2025,Solar,3617,19,20,199
10/10/2022,Wind,4363,16,17,283
4/22/2022,Solar,5407,10,11,112
4/26/2025,Wind,4323,7,8,116
11/18/2021,Solar,2705,15,16,322
4/23/2022,Wind,7590,12,13,113
5/21/2022,Solar,5160,16,17,141
10/3/2025,Wind,5560,2,3,276
8/28/2023,Solar,7961,13,14,240
1/28/2020,Wind,11897,16,17,28
5/23/2020,Wind,4079,8,9,144
7/29/2020,Solar,3995,14,15,211
8/4/2024,Solar,7542,12,13,217
9/29/2021,Wind,6196,18,19,272
8/29/2024,Solar,4187,9,10,242
7/22/2022,Wind,2407,20,21,203
5/10/2021,Wind,3236,19,20,130
5/21/2024,Wind,2868,0,1,142
9/6/2024,Solar,5349,11,12,250
3/16/2023,Wind,9438,8,9,75
7/13/2023,Solar,6890,10,11,194
11/15/2024,Wind,2684,8,9,320
7/12/2020,Wind,4962,0,1,194
4/6/2021,Wind,5120,2,3,96
9/24/2025,Wind,10716,12,13,267
11/18/2022,Wind,3230,21,22,322
4/16/2020,Wind,1773,22,23,107
4/5/2022,Wind,6029,23,0,95
8/22/2025,Wind,2688,21,22,234
2/25/2022,Wind,9622,14,15,56
5/19/2023,Wind,6972,19,20,139
9/4/2022,Wind,2059,4,5,247
1/14/2025,Solar,2442,16,17,14
3/10/2020,Wind,11187,21,22,70
12/13/2021,Wind,1571,21,22,347
2/8/2021,Wind,2059,19,20,39
9/16/2020,Wind,4646,18,19,260
9/7/2020,Solar,3920,10,11,251
10/12/2024,Wind,7029,20,21,286
9/30/2023,Wind,906,21,22,273
11/8/2022,Wind,13656,7,8,312
10/16/2024,Wind,12056,15,16,290
3/21/2022,Wind,4620,17,18,80
9/17/2025,Solar,8661,10,11,260
9/22/2020,Wind,585,8,9,266
12/5/2023,Wind,4751,22,23,339
2/23/2023,Wind,1074,3,4,54
9/18/2020,Wind,6154,4,5,262
8/12/2023,Wind,1480,6,7,224
8/28/2024,Wind,5763,18,19,241
6/1/2022,Solar,6895,14,15,152
9/28/2024,Wind,914,21,22,272
2/11/2020,Wind,12649,1,2,42
7/29/2021,Wind,3667,7,8,210
12/13/2023,Wind,7837,18,19,347
5/24/2023,Wind,7497,20,21,144
2/18/2021,Wind,9311,17,18,49
3/5/2025,Solar,7212,9,10,64
2/27/2025,Wind,4003,18,19,58
7/28/2023,Wind,5928,9,10,209
6/18/2022,Solar,7668,16,17,169
3/26/2022,Wind,8557,23,0,85
8/12/2023,Wind,1275,0,1,224
11/9/2023,Wind,12712,22,23,313
3/24/2024,Wind,16599,14,15,84
12/8/2021,Wind,5921,14,15,342
12/14/2024,Wind,1442,3,4,349
9/19/2022,Solar,5655,10,11,262
8/28/2022,Wind,3812,2,3,240
6/28/2024,Wind,3186,5,6,180
12/22/2022,Wind,12902,7,8,356
6/16/2022,Solar,3081,18,19,167
9/29/2022,Solar,4330,14,15,272
10/19/2023,Wind,10798,1,2,292
12/31/2023,Wind,18515,11,12,365
9/14/2025,Wind,9392,11,12,257
10/30/2021,Wind,9349,11,12,303
1/1/2021,Wind,1425,19,20,1
5/2/2022,Wind,2702,8,9,122
10/28/2023,Wind,14258,17,18,301
8/3/2021,Wind,3270,17,18,215
7/10/2022,Wind,4839,3,4,191
4/28/2025,Solar,5404,9,10,118
1/5/2025,Wind,15783,6,7,5
1/31/2020,Wind,7282,18,19,31
8/9/2023,Solar,7734,14,15,221
12/12/2022,Wind,3435,14,15,346
6/9/2025,Wind,1873,4,5,160
4/16/2020,Wind,2013,23,0,107
12/7/2021,Wind,12158,13,14,341
3/8/2025,Wind,13555,16,17,67
6/8/2023,Solar,6122,17,18,159
5/22/2021,Wind,9312,4,5,142
6/29/2025,Wind,3072,3,4,180
11/29/2022,Wind,1071,22,23,333
7/23/2025,Solar,2689,8,9,204
8/26/2024,Solar,9509,15,16,239
8/9/2024,Solar,11780,16,17,222
5/16/2022,Solar,6963,15,16,136
3/1/2021,Wind,4589,7,8,60
3/10/2025,Wind,1370,23,0,69
10/11/2022,Wind,2707,5,6,284
9/27/2024,Wind,15369,8,9,271
4/2/2022,Wind,10976,17,18,92
10/12/2024,Wind,8290,23,0,286
11/28/2023,Wind,2821,15,16,332
6/12/2025,Wind,6947,6,7,163
7/1/2020,Wind,3252,2,3,183
1/20/2022,Wind,6533,13,14,20
10/5/2022,Wind,15673,14,15,278
1/21/2022,Wind,5070,3,4,21
8/11/2023,Solar,5430,10,11,223
9/4/2023,Wind,7729,8,9,247
5/25/2025,Wind,9310,7,8,145
12/11/2020,Wind,7890,4,5,346
7/7/2023,Wind,3866,2,3,188
6/14/2023,Wind,3207,7,8,165
10/2/2020,Wind,3073,18,19,276
12/31/2020,Wind,4838,9,10,366
8/8/2025,Solar,8376,16,17,220
1/2/2022,Wind,12811,13,14,2
2/28/2023,Wind,8930,3,4,59
9/27/2021,Wind,8562,10,11,270
9/18/2023,Wind,14776,15,16,261
1/27/2025,Wind,18951,0,1,27
12/11/2021,Wind,8663,2,3,345
5/3/2021,Wind,781,0,1,123
1/15/2023,Wind,14417,22,23,15
7/20/2022,Wind,2309,7,8,201
5/1/2020,Wind,8815,14,15,122
9/28/2024,Solar,8736,13,14,272
11/9/2025,Wind,2347,6,7,313
1/18/2023,Wind,5086,20,21,18
4/16/2021,Wind,5432,3,4,106
7/10/2020,Wind,3206,5,6,192
3/7/2024,Solar,10254,10,11,67
12/27/2023,Wind,16623,19,20,361
2/28/2021,Wind,7579,16,17,59
3/22/2025,Wind,9746,13,14,81
5/26/2020,Solar,3767,9,10,147
6/13/2023,Wind,3243,7,8,164
4/7/2020,Wind,2169,6,7,98
9/9/2025,Solar,8511,12,13,252
12/1/2024,Wind,9481,14,15,336
11/21/2020,Wind,2632,16,17,326
3/9/2025,Wind,2161,23,0,68
2/1/2023,Wind,11188,12,13,32
3/16/2025,Wind,12574,12,13,75
8/16/2022,Wind,1489,23,0,228
7/24/2024,Solar,4907,18,19,206
10/8/2021,Wind,3528,1,2,281
9/1/2021,Wind,6966,22,23,244
4/6/2021,Wind,7552,19,20,96
6/24/2021,Solar,3148,9,10,175
9/3/2020,Wind,3529,18,19,247
6/4/2023,Wind,7588,18,19,155
2/6/2025,Wind,13367,14,15,37
4/2/2023,Wind,12201,14,15,92
1/3/2022,Wind,11791,14,15,3
9/20/2023,Wind,10294,18,19,263
7/30/2025,Wind,1698,7,8,211
11/3/2025,Wind,7546,0,1,307
4/6/2024,Wind,9351,21,22,97
7/10/2021,Wind,345,2,3,191
7/1/2023,Wind,7413,0,1,182
8/27/2023,Wind,8873,12,13,239
7/18/2022,Wind,3978,7,8,199
6/7/2021,Solar,4355,11,12,158
3/11/2020,Wind,10029,20,21,71
5/12/2024,Solar,3703,16,17,133
1/10/2020,Wind,6776,9,10,10
12/21/2021,Solar,3572,11,12,355
4/23/2022,Wind,6090,5,6,113
10/3/2020,Wind,3331,7,8,277
2/2/2020,Wind,7968,4,5,33
4/13/2020,Wind,11443,18,19,104
2/18/2022,Wind,8034,2,3,49
7/23/2021,Wind,4087,0,1,204
11/26/2021,Wind,10635,20,21,330
10/23/2023,Wind,4301,21,22,296
8/9/2023,Wind,3277,2,3,221
2/15/2024,Wind,10820,23,0,46
6/7/2025,Wind,7646,7,8,158
3/4/2024,Wind,7130,15,16,64
5/15/2025,Solar,6848,11,12,135
2/13/2022,Wind,15083,20,21,44
6/21/2025,Solar,9347,11,12,172
3/9/2022,Wind,6074,9,10,68
12/13/2023,Wind,7647,12,13,347
9/12/2021,Wind,1451,8,9,255
8/15/2022,Wind,3458,8,9,227
11/29/2025,Wind,6318,3,4,333
6/24/2022,Wind,5472,10,11,175
1/10/2020,Wind,1537,23,0,10
11/23/2021,Wind,8484,3,4,327
4/5/2020,Wind,8392,12,13,96
2/3/2021,Wind,10639,18,19,34
10/29/2020,Wind,7293,7,8,303
11/11/2020,Wind,5774,19,20,316
2/13/2022,Wind,9347,6,7,44
11/15/2023,Wind,4867,18,19,319
1/14/2021,Wind,10297,12,13,14
7/20/2021,Solar,4128,18,19,201
5/22/2021,Wind,11778,8,9,142
9/9/2023,Solar,2748,18,19,252
11/19/2023,Wind,12597,17,18,323
8/19/2024,Wind,2712,22,23,232
4/1/2025,Wind,19436,18,19,91
3/2/2025,Wind,4887,23,0,61
1/17/2022,Wind,1452,7,8,17
10/18/2021,Wind,3701,9,10,291
8/12/2021,Solar,4221,13,14,224
3/27/2022,Wind,2329,23,0,86
11/17/2025,Wind,8218,7,8,321
10/31/2025,Wind,13615,11,12,304
8/4/2021,Wind,2904,18,19,216
10/30/2022,Wind,2253,21,22,303
7/30/2024,Solar,2686,8,9,212
11/26/2023,Wind,2384,5,6,330
10/17/2023,Wind,8478,0,1,290
9/15/2025,Wind,9643,4,5,258
8/18/2024,Wind,8367,17,18,231
8/23/2025,Wind,2481,1,2,235
9/5/2020,Wind,4696,17,18,249
4/17/2023,Wind,3385,3,4,107
11/5/2022,Wind,2791,3,4,309
5/29/2022,Wind,4128,20,21,149
1/12/2021,Wind,12490,12,13,12
2/13/2021,Wind,7990,8,9,44
6/25/2024,Wind,5463,0,1,177
9/11/2021,Solar,5588,13,14,254
8/15/2022,Wind,3225,19,20,227
2/10/2023,Wind,1541,8,9,41
3/8/2020,Wind,8612,3,4,68
5/10/2025,Wind,8375,23,0,130
5/16/2022,Wind,4773,4,5,136
10/29/2020,Wind,10215,1,2,303
11/12/2022,Wind,4317,1,2,316
7/2/2024,Wind,5455,19,20,184
3/21/2022,Wind,3992,0,1,80
9/23/2024,Wind,6406,18,19,267
9/9/2021,Wind,1856,7,8,252
6/13/2021,Wind,2413,6,7,164
12/11/2020,Wind,6645,14,15,346
5/18/2022,Solar,4887,10,11,138
11/28/2021,Wind,7293,16,17,332
11/18/2023,Wind,15251,13,14,322
8/7/2022,Solar,10953,13,14,219
10/31/2025,Wind,13356,10,11,304
8/20/2022,Wind,2442,3,4,232
7/28/2025,Wind,2989,23,0,209
11/25/2020,Wind,6232,8,9,330
3/2/2020,Wind,9004,16,17,62
6/19/2025,Solar,9997,17,18,170
6/16/2020,Solar,2847,10,11,168
5/5/2022,Wind,4773,18,19,125
1/24/2022,Wind,3152,5,6,24
4/10/2022,Wind,1159,4,5,100
6/25/2022,Solar,3517,9,10,176
1/4/2024,Wind,14378,3,4,4
11/4/2022,Wind,6204,18,19,308
9/11/2022,Solar,3065,9,10,254
2/3/2025,Solar,5030,15,16,34
12/23/2020,Wind,6510,4,5,358
11/16/2025,Wind,3904,9,10,320
1/27/2024,Wind,3182,7,8,27
7/25/2022,Wind,8397,20,21,206
6/20/2020,Wind,1426,23,0,172
1/16/2024,Solar,2836,14,15,16
3/18/2020,Wind,912,5,6,78
3/10/2020,Wind,11868,6,7,70
6/10/2020,Wind,1641,3,4,162
2/2/2020,Wind,7810,22,23,33
12/16/2022,Wind,3067,20,21,350
4/29/2024,Wind,1955,2,3,120
3/31/2020,Wind,6413,3,4,91
2/14/2024,Wind,8443,5,6,45
5/30/2024,Wind,11121,13,14,151
10/29/2022,Wind,4725,2,3,302
10/1/2025,Wind,2697,8,9,274
9/17/2022,Wind,3752,22,23,260
6/20/2022,Wind,5153,19,20,171
10/17/2020,Wind,1180,0,1,291
1/23/2025,Wind,5575,7,8,23
5/26/2022,Wind,4395,22,23,146
6/7/2020,Wind,1900,7,8,159
3/16/2025,Wind,5953,20,21,75
9/28/2020,Wind,6422,14,15,272
5/13/2025,Solar,3975,14,15,133
10/6/2024,Wind,10529,15,16,280
5/26/2021,Wind,9676,16,17,146
5/6/2023,Wind,1401,20,21,126
10/10/2020,Wind,4564,18,19,284
6/18/2022,Solar,7191,12,13,169
7/18/2023,Wind,1191,0,1,199
3/15/2021,Wind,5328,21,22,74
11/15/2024,Wind,1582,18,19,320
2/23/2020,Wind,10947,6,7,54
10/14/2024,Wind,731,21,22,288
1/19/2024,Solar,4288,14,15,19
12/3/2021,Wind,2552,1,2,337
2/20/2020,Wind,6755,6,7,51
9/24/2020,Wind,9152,12,13,268
1/8/2022,Wind,15253,16,17,8
7/19/2021,Wind,4541,5,6,200
6/1/2021,Solar,6304,15,16,152
4/10/2021,Wind,3562,5,6,100
1/12/2021,Wind,13078,9,10,12
6/17/2023,Wind,893,4,5,168
3/14/2024,Solar,9953,12,13,74
7/30/2020,Solar,2588,18,19,212
12/7/2023,Wind,11616,19,20,341
12/5/2020,Wind,6382,14,15,340
6/16/2022,Solar,6807,12,13,167
9/6/2020,Wind,2002,19,20,250
1/17/2025,Wind,2337,1,2,17
7/27/2024,Wind,484,4,5,209
4/23/2025,Wind,9282,7,8,113
7/2/2021,Wind,761,21,22,183
5/30/2022,Wind,4567,0,1,150
9/19/2020,Wind,3546,10,11,263
4/12/2022,Wind,7992,5,6,102
3/10/2025,Wind,749,18,19,69
10/10/2020,Wind,7237,14,15,284
11/13/2024,Wind,6598,5,6,318
2/27/2020,Wind,6021,22,23,58
1/21/2025,Wind,7036,21,22,21
3/8/2025,Wind,14806,15,16,67
10/15/2023,Wind,5164,21,22,288
8/8/2021,Wind,4708,7,8,220
4/3/2020,Solar,2778,9,10,94
4/11/2021,Wind,7157,10,11,101
7/5/2020,Wind,11252,13,14,187
10/27/2025,Wind,8513,22,23,300
12/1/2023,Wind,4845,22,23,335
11/9/2021,Solar,4642,13,14,313
1/25/2020,Wind,1541,18,19,25
7/1/2022,Solar,5623,17,18,182
4/1/2023,Wind,17592,12,13,91
2/17/2024,Wind,2567,8,9,48
3/18/2021,Wind,4446,0,1,77
11/26/2020,Wind,3078,0,1,331
3/16/2025,Wind,9153,2,3,75
12/29/2020,Wind,4715,10,11,364
2/14/2022,Wind,8457,15,16,45
10/10/2021,Solar,3224,10,11,283
12/28/2022,Wind,16048,22,23,362
2/1/2025,Wind,2067,17,18,32
5/15/2024,Wind,1891,23,0,136
4/25/2021,Wind,10647,12,13,115
9/11/2021,Solar,2694,9,10,254
6/8/2021,Solar,4944,13,14,159
5/10/2024,Solar,11358,13,14,131
3/17/2023,Wind,6971,3,4,76
4/30/2020,Wind,10827,12,13,121
7/2/2022,Wind,1821,7,8,183
7/19/2022,Solar,10151,12,13,200
5/16/2022,Solar,7588,10,11,136
1/31/2023,Wind,6119,21,22,31
4/5/2021,Wind,9721,18,19,95
6/15/2021,Solar,4881,14,15,166
10/13/2022,Wind,3752,19,20,286
8/9/2024,Wind,11115,17,18,222
12/14/2020,Wind,6175,23,0,349
7/17/2020,Wind,2074,8,9,199
5/17/2022,Solar,7524,14,15,137
3/16/2024,Wind,6169,5,6,76
9/1/2023,Solar,10057,11,12,244
5/6/2021,Wind,4709,9,10,126
4/3/2020,Solar,4672,15,16,94
3/22/2025,Wind,9814,2,3,81
5/19/2024,Solar,2111,8,9,140
4/5/2024,Wind,8341,22,23,96
6/17/2024,Solar,4536,18,19,169
1/13/2020,Wind,12067,23,0,13
4/9/2023,Wind,3277,4,5,99
7/13/2025,Solar,8642,11,12,194
10/21/2020,Wind,8525,1,2,295
9/2/2021,Wind,5182,21,22,245
8/9/2024,Solar,7776,14,15,222
11/4/2023,Wind,15364,21,22,308
12/10/2020,Wind,7155,23,0,345
3/26/2021,Wind,3310,4,5,85
5/5/2023,Wind,3564,8,9,125
7/29/2022,Wind,2221,22,23,210
11/7/2022,Wind,13020,9,10,311
2/24/2024,Wind,7647,5,6,55
8/11/2022,Wind,5645,18,19,223
7/6/2023,Wind,1216,2,3,187
2/10/2021,Wind,8028,0,1,41
12/16/2023,Wind,2079,0,1,350
12/25/2024,Wind,1456,7,8,360
9/14/2024,Wind,5204,18,19,258
4/10/2025,Solar,7062,15,16,100
11/4/2021,Wind,4756,10,11,308
1/22/2023,Wind,3778,18,19,22
3/2/2025,Wind,9188,4,5,61
1/25/2023,Solar,2569,14,15,25
9/10/2020,Wind,1520,20,21,254
7/27/2025,Solar,6833,10,11,208
1/10/2025,Wind,2750,22,23,10
11/24/2023,Wind,8408,0,1,328
4/6/2020,Wind,966,22,23,97
7/22/2024,Solar,6427,9,10,204
3/12/2021,Wind,13843,10,11,71
10/7/2020,Wind,7758,11,12,281
1/6/2022,Wind,8061,22,23,6
10/8/2024,Wind,13480,21,22,282
3/21/2022,Wind,3843,1,2,80
11/11/2022,Wind,4636,20,21,315
9/6/2022,Solar,3950,9,10,249
8/17/2024,Solar,4697,17,18,230
9/18/2022,Wind,2468,4,5,261
11/7/2024,Wind,3132,23,0,312
3/18/2020,Solar,2451,9,10,78
3/22/2021,Wind,4096,17,18,81
10/11/2020,Wind,3648,9,10,285
7/12/2022,Solar,2983,8,9,193
11/20/2021,Wind,236,19,20,324
10/21/2024,Wind,5157,17,18,295
7/20/2025,Wind,8828,10,11,201
8/26/2021,Wind,3657,1,2,238
8/19/2023,Solar,8401,14,15,231
4/6/2020,Wind,1385,19,20,97
12/16/2021,Wind,4476,10,11,350
2/16/2023,Wind,7058,17,18,47
8/24/2022,Wind,761,1,2,236
12/24/2022,Wind,6293,12,13,358
11/17/2020,Wind,4521,3,4,322
5/7/2025,Solar,11797,11,12,127
5/7/2020,Wind,2084,5,6,128
11/14/2023,Wind,11741,7,8,318
11/5/2022,Wind,7136,14,15,309
2/22/2023,Wind,3325,7,8,53
7/26/2020,Wind,3846,8,9,208
4/1/2025,Wind,10679,4,5,91
9/2/2020,Solar,4398,12,13,246
5/6/2021,Wind,8681,16,17,126
12/29/2023,Wind,15215,14,15,363
4/15/2024,Wind,17967,18,19,106
2/18/2023,Wind,7421,20,21,49
11/13/2020,Wind,7388,11,12,318
1/19/2021,Wind,11476,20,21,19
8/11/2023,Solar,4059,9,10,223
9/13/2020,Solar,3213,16,17,257
11/27/2024,Wind,12902,17,18,332
10/23/2020,Wind,4235,13,14,297
6/15/2023,Wind,2308,4,5,166
8/27/2025,Wind,1556,21,22,239
6/24/2025,Wind,2498,3,4,175
12/25/2021,Wind,1551,23,0,359
11/30/2024,Solar,4004,14,15,335
2/20/2025,Wind,8106,18,19,51
7/18/2024,Solar,4225,18,19,200
8/25/2024,Wind,3859,6,7,238
7/9/2023,Solar,5804,17,18,190
1/20/2023,Wind,1856,0,1,20
4/21/2022,Wind,3414,8,9,111
7/10/2025,Wind,2497,2,3,191
8/1/2020,Wind,1790,4,5,214
7/25/2025,Solar,9149,16,17,206
10/15/2025,Solar,10830,14,15,288
1/27/2023,Wind,8128,16,17,27
4/6/2021,Wind,11811,16,17,96
12/18/2021,Wind,6176,19,20,352
12/30/2024,Wind,737,7,8,365
4/11/2025,Wind,3498,5,6,101
10/27/2024,Wind,354,21,22,301
9/7/2020,Wind,1634,5,6,251
3/18/2025,Wind,15078,9,10,77
1/30/2024,Wind,872,23,0,30
9/2/2025,Wind,6994,6,7,245
5/25/2021,Wind,14361,16,17,145
6/9/2021,Solar,5010,12,13,160
9/2/2022,Solar,4587,15,16,245
3/11/2022,Wind,13916,15,16,70
11/11/2021,Wind,959,6,7,315
5/19/2020,Wind,4172,2,3,140
8/16/2021,Wind,3477,3,4,228
9/5/2022,Wind,6757,17,18,248
6/27/2022,Solar,7149,14,15,178
12/27/2022,Wind,5819,16,17,361
9/9/2023,Wind,2366,7,8,252
12/9/2021,Wind,5973,2,3,343
6/20/2020,Wind,878,7,8,172
4/6/2020,Wind,7748,4,5,97
10/18/2024,Wind,5599,2,3,292
8/11/2022,Wind,4509,7,8,223
3/23/2025,Wind,5083,7,8,82
9/1/2020,Wind,2409,23,0,245
3/8/2023,Wind,15283,23,0,67
2/6/2021,Wind,2397,1,2,37
3/22/2021,Wind,2801,21,22,81
10/19/2020,Wind,2726,7,8,293
7/9/2020,Solar,7338,14,15,191
4/1/2024,Wind,13534,11,12,92
4/19/2024,Wind,8252,22,23,110
12/7/2023,Wind,11086,20,21,341
4/29/2025,Solar,10040,11,12,119
1/15/2021,Wind,6251,7,8,15
9/22/2025,Wind,7693,1,2,265
8/17/2023,Wind,2308,2,3,229
6/11/2025,Wind,2243,3,4,162
7/12/2023,Wind,3524,1,2,193
1/28/2025,Wind,18923,18,19,28
8/14/2020,Wind,2012,7,8,227
5/18/2025,Wind,2653,4,5,138
8/15/2025,Wind,5806,19,20,227
2/19/2025,Solar,6522,15,16,50
11/22/2023,Wind,7927,11,12,326
1/19/2025,Wind,769,7,8,19
12/8/2024,Wind,17862,10,11,343
2/7/2022,Wind,5299,7,8,38
3/31/2020,Wind,7584,20,21,91
2/20/2023,Solar,7440,12,13,51
5/9/2024,Solar,5656,12,13,130
8/22/2020,Wind,3876,22,23,235
4/5/2023,Solar,4064,9,10,95
8/14/2020,Solar,3767,10,11,227
8/12/2023,Wind,4643,19,20,224
9/20/2020,Wind,1794,0,1,264
12/9/2023,Wind,17844,19,20,343
8/7/2022,Wind,7226,23,0,219
10/5/2020,Wind,10309,17,18,279
10/18/2022,Wind,2808,18,19,291
6/13/2020,Wind,5469,12,13,165
10/3/2024,Wind,5982,20,21,277
6/5/2025,Wind,9695,16,17,156
11/16/2021,Wind,869,1,2,320
2/16/2025,Wind,3812,4,5,47
5/1/2025,Wind,6010,1,2,121
3/25/2025,Wind,3477,22,23,84
10/13/2023,Wind,14936,18,19,286
11/2/2024,Wind,1474,1,2,307
8/5/2025,Wind,8978,19,20,217
1/3/2025,Wind,3424,19,20,3
10/18/2025,Wind,5680,7,8,291
11/21/2025,Wind,7895,10,11,325
3/14/2021,Wind,13005,11,12,73
1/18/2021,Wind,5336,11,12,18
4/27/2022,Wind,8140,17,18,117
2/7/2020,Wind,5641,13,14,38
8/30/2021,Wind,2958,5,6,242
6/13/2023,Wind,2835,4,5,164
7/21/2022,Solar,3527,18,19,202
11/6/2025,Wind,6706,9,10,310
10/7/2025,Wind,2045,8,9,280
7/14/2023,Wind,7604,21,22,195
8/2/2021,Solar,5176,16,17,214
5/3/2022,Wind,3380,7,8,123
1/14/2021,Wind,8733,0,1,14
10/6/2025,Wind,3869,4,5,279
4/4/2024,Wind,15683,7,8,95
2/17/2022,Wind,15660,0,1,48
1/14/2021,Wind,10513,18,19,14
1/23/2024,Wind,16343,17,18,23
11/8/2023,Wind,13683,23,0,312
10/30/2025,Wind,6800,19,20,303
6/9/2021,Wind,828,6,7,160
3/2/2024,Wind,3355,23,0,62
10/14/2020,Wind,2812,7,8,288
8/22/2024,Solar,7785,9,10,235
11/4/2025,Wind,12970,17,18,308
8/28/2023,Wind,7680,17,18,240
2/21/2023,Wind,2757,22,23,52
5/4/2025,Wind,11154,21,22,124
9/19/2023,Wind,8549,18,19,262
3/14/2020,Wind,2707,5,6,74
1/27/2024,Wind,2417,5,6,27
2/19/2024,Wind,5181,1,2,50
1/10/2021,Wind,4067,19,20,10
12/14/2024,Wind,4718,14,15,349
1/18/2024,Wind,7575,10,11,18
6/16/2022,Wind,2343,7,8,167
1/23/2024,Wind,16853,22,23,23
8/6/2023,Wind,17628,14,15,218
3/10/2025,Solar,1879,17,18,69
9/1/2024,Wind,3394,6,7,245
2/26/2022,Wind,9911,23,0,57
10/28/2025,Wind,6432,20,21,301
7/9/2020,Wind,1360,4,5,191
12/24/2022,Wind,6036,10,11,358
1/2/2024,Wind,17429,17,18,2
4/16/2022,Solar,11298,15,16,106
2/15/2023,Wind,4483,4,5,46
2/17/2024,Solar,7320,13,14,48
2/7/2024,Wind,16373,3,4,38
5/10/2020,Wind,2043,6,7,131
2/4/2025,Wind,3060,23,0,35
4/18/2024,Wind,3812,19,20,109
6/13/2020,Wind,5712,14,15,165
7/15/2022,Wind,3960,23,0,196
2/8/2022,Wind,2555,17,18,39
10/28/2020,Wind,8025,0,1,302
7/3/2021,Solar,4146,12,13,184
7/15/2021,Wind,9480,13,14,196
6/3/2022,Solar,3007,9,10,154
4/19/2023,Wind,5832,20,21,109
4/20/2025,Wind,4724,14,15,110
8/13/2025,Solar,6254,16,17,225
11/4/2024,Wind,3123,8,9,309
7/27/2022,Solar,5742,17,18,208
6/2/2023,Wind,7448,1,2,153
9/24/2025,Wind,4188,21,22,267
4/7/2025,Wind,5623,5,6,97
4/30/2020,Wind,7964,6,7,121
2/20/2020,Wind,11692,17,18,51
4/13/2025,Wind,8982,0,1,103
3/9/2022,Wind,4907,8,9,68
10/16/2024,Wind,9305,23,0,290
2/17/2021,Wind,8384,23,0,48
2/12/2025,Wind,2424,4,5,43
6/17/2024,Solar,8345,14,15,169
3/16/2022,Wind,4232,6,7,75
9/21/2020,Wind,748,5,6,265
2/2/2023,Wind,7717,0,1,33
9/1/2021,Wind,6336,0,1,244
7/3/2022,Solar,4056,9,10,184
11/24/2024,Wind,19997,16,17,329
2/27/2020,Wind,10405,7,8,58
10/14/2023,Wind,11104,3,4,287
8/8/2022,Solar,10618,13,14,220
1/15/2025,Solar,5527,10,11,15
6/8/2025,Wind,9165,18,19,159
6/1/2021,Wind,5624,16,17,152
8/7/2024,Solar,8258,13,14,220
4/13/2020,Wind,2806,1,2,104
5/17/2022,Solar,4803,18,19,137
10/17/2025,Solar,10238,15,16,290
9/13/2024,Wind,5468,5,6,257
10/7/2022,Solar,5162,15,16,280
6/30/2020,Wind,3408,5,6,182
3/2/2021,Wind,4406,1,2,61
6/14/2020,Wind,3033,5,6,166
11/25/2022,Wind,5906,13,14,329
12/12/2024,Solar,5532,11,12,347
9/14/2020,Solar,3928,10,11,258
1/5/2021,Wind,2553,14,15,5
11/10/2022,Wind,3569,2,3,314
6/23/2020,Solar,5022,17,18,175
12/14/2021,Wind,697,1,2,348
3/15/2021,Wind,10033,1,2,74
12/23/2020,Wind,12383,21,22,358
7/21/2024,Wind,5492,23,0,203
1/3/2023,Wind,12367,20,21,3
2/7/2023,Wind,4857,17,18,38
6/2/2024,Wind,6195,2,3,154
2/3/2023,Wind,6280,6,7,34
11/22/2025,Wind,10609,18,19,326
2/8/2023,Wind,6001,9,10,39
12/28/2023,Wind,13567,22,23,362
8/19/2022,Wind,2636,23,0,231
9/2/2020,Solar,3171,17,18,246
8/6/2023,Wind,14227,9,10,218
6/9/2020,Wind,3066,19,20,161
8/25/2021,Solar,6184,10,11,237
12/5/2022,Wind,745,5,6,339
6/11/2024,Wind,2556,21,22,163
11/2/2020,Wind,7368,18,19,307
7/28/2025,Wind,4142,4,5,209
6/12/2025,Wind,7051,7,8,163
1/20/2024,Solar,6955,13,14,20
12/2/2020,Wind,6005,0,1,337
1/12/2023,Wind,18143,13,14,12
12/7/2023,Wind,3871,2,3,341
10/24/2020,Wind,6496,4,5,298
5/26/2021,Wind,10741,14,15,146
4/16/2020,Wind,4412,9,10,107
2/23/2022,Wind,4731,0,1,54
7/4/2021,Wind,945,1,2,185
7/11/2020,Wind,3841,22,23,193
9/6/2022,Solar,5098,10,11,249
4/8/2021,Solar,2512,9,10,98
11/7/2020,Wind,4651,19,20,312
9/6/2024,Wind,3317,23,0,250
5/9/2022,Solar,5817,15,16,129
10/12/2023,Wind,3414,21,22,285
12/21/2023,Wind,18315,10,11,355
4/15/2020,Wind,7334,11,12,106
7/3/2021,Wind,2491,19,20,184
5/13/2022,Solar,2490,8,9,133
4/13/2025,Wind,9216,4,5,103
7/30/2020,Wind,2458,7,8,212
4/3/2020,Wind,2210,3,4,94
12/22/2021,Solar,4599,12,13,356
1/4/2021,Wind,1576,6,7,4
11/16/2023,Wind,10803,19,20,320
3/14/2024,Solar,9275,11,12,74
3/25/2021,Wind,2018,0,1,84
5/25/2024,Wind,559,4,5,146
12/18/2023,Wind,3919,19,20,352
6/6/2022,Wind,2342,2,3,157
7/20/2024,Wind,3228,22,23,202
2/12/2024,Solar,4159,14,15,43
8/19/2023,Solar,7735,12,13,231
7/27/2025,Solar,11229,15,16,208
7/19/2021,Wind,4238,22,23,200
12/3/2021,Wind,10812,10,11,337
3/2/2021,Solar,4176,12,13,61
11/22/2024,Wind,16368,12,13,327
11/26/2025,Wind,6726,3,4,330
9/9/2024,Wind,9715,1,2,253
3/8/2020,Wind,8287,2,3,68
7/11/2023,Solar,3309,8,9,192
8/19/2022,Wind,2631,22,23,231
9/5/2020,Solar,4275,11,12,249
6/25/2025,Solar,6948,17,18,176
5/21/2025,Wind,5000,23,0,141
12/3/2024,Solar,2679,14,15,338
4/17/2022,Wind,5772,7,8,107
9/10/2020,Wind,1696,18,19,254
6/9/2024,Solar,3803,11,12,161
5/18/2024,Solar,3094,12,13,139
11/10/2022,Wind,4139,22,23,314
9/27/2022,Wind,6708,5,6,270
5/16/2024,Wind,847,22,23,137
10/13/2021,Wind,1863,19,20,286
10/19/2022,Wind,8533,16,17,292
1/15/2020,Wind,5712,18,19,15
3/15/2024,Wind,18195,13,14,75
10/6/2020,Wind,10584,2,3,280
7/27/2021,Wind,3440,20,21,208
2/19/2025,Wind,7729,21,22,50
10/29/2020,Wind,8306,14,15,303
4/13/2025,Wind,8594,9,10,103
1/22/2022,Solar,4368,15,16,22
10/3/2022,Solar,2282,9,10,276
10/19/2023,Wind,9890,3,4,292
9/2/2020,Wind,1441,8,9,246
2/1/2022,Wind,12318,18,19,32
7/26/2024,Wind,1499,5,6,208
2/27/2023,Wind,11222,21,22,58
2/9/2020,Wind,12401,18,19,40
7/16/2024,Wind,7839,5,6,198
6/6/2021,Wind,1717,4,5,157
5/5/2021,Wind,3697,23,0,125
2/17/2020,Wind,11711,12,13,48
6/20/2021,Wind,4138,3,4,171
12/20/2023,Wind,9444,10,11,354
8/30/2020,Wind,4156,20,21,243
7/26/2021,Solar,7000,16,17,207
9/9/2022,Wind,14314,16,17,252
7/28/2023,Wind,4052,1,2,209
11/27/2025,Wind,11395,14,15,331
3/10/2021,Wind,12784,15,16,69
8/16/2022,Solar,5725,15,16,228
5/25/2021,Wind,9649,0,1,145
2/9/2023,Solar,2688,9,10,40
3/19/2020,Solar,3544,15,16,79
10/15/2025,Wind,5298,3,4,288
8/25/2021,Wind,9861,12,13,237
11/8/2024,Solar,5752,11,12,313
6/3/2021,Wind,1688,4,5,154
2/16/2020,Wind,14158,10,11,47
3/29/2025,Wind,9375,7,8,88
11/24/2021,Wind,2394,14,15,328
11/2/2025,Wind,8264,3,4,306
10/5/2023,Wind,1071,5,6,278
9/9/2021,Wind,2632,19,20,252
12/11/2023,Wind,10839,10,11,345
8/19/2022,Wind,3436,8,9,231
8/28/2024,Wind,2065,4,5,241
4/27/2020,Wind,417,2,3,118
3/25/2022,Wind,4540,7,8,84
4/24/2024,Wind,4826,7,8,115
8/1/2021,Solar,3739,9,10,213
8/28/2021,Wind,4566,1,2,240
12/13/2024,Wind,686,20,21,348
12/7/2020,Wind,3185,19,20,342
5/26/2024,Wind,7115,14,15,147
6/16/2022,Solar,5985,11,12,167
3/17/2023,Wind,6670,4,5,76
3/26/2025,Wind,3645,18,19,85
1/17/2021,Wind,6245,9,10,17
3/18/2022,Wind,6619,0,1,77
11/22/2025,Wind,3067,0,1,326
8/6/2020,Solar,1132,19,20,219
3/10/2021,Wind,2462,4,5,69
11/28/2022,Wind,4487,2,3,332
6/23/2024,Wind,2516,2,3,175
3/29/2020,Wind,15545,12,13,89
8/5/2025,Wind,4981,23,0,217
12/16/2020,Wind,7740,13,14,351
12/31/2023,Wind,17068,20,21,365
8/12/2025,Wind,4431,3,4,224
9/13/2023,Wind,1285,1,2,256
2/8/2023,Wind,3397,4,5,39
5/23/2021,Wind,7273,21,22,143
7/31/2025,Wind,3693,21,22,212
3/19/2023,Wind,3112,7,8,78
2/7/2023,Wind,8064,8,9,38
8/8/2021,Wind,6573,9,10,220
9/12/2020,Solar,1746,18,19,256
12/17/2023,Wind,2111,5,6,351
5/9/2021,Wind,10937,13,14,129
3/24/2021,Wind,2221,22,23,83
5/28/2024,Wind,7603,19,20,149
1/6/2025,Wind,18790,1,2,6
11/16/2024,Wind,1285,4,5,321
10/21/2021,Wind,11993,9,10,294
5/9/2021,Wind,6320,22,23,129
5/8/2023,Wind,1709,7,8,128
5/5/2021,Wind,12083,13,14,125
1/12/2023,Wind,16900,15,16,12
8/8/2023,Solar,9831,15,16,220
12/9/2024,Wind,13808,15,16,344
4/25/2021,Wind,8232,3,4,115
3/29/2021,Wind,4546,2,3,88
2/18/2025,Solar,9825,14,15,49
4/15/2025,Wind,7561,23,0,105
3/26/2022,Wind,8372,18,19,85
9/10/2024,Wind,16867,13,14,254
1/6/2022,Wind,3292,2,3,6
11/5/2024,Solar,3849,12,13,310
4/17/2022,Solar,7118,10,11,107
8/16/2022,Wind,788,2,3,228
2/12/2021,Wind,9076,16,17,43
3/16/2023,Wind,12106,14,15,75
7/13/2021,Wind,7587,18,19,194
6/19/2022,Wind,8414,9,10,170
2/8/2022,Wind,4617,7,8,39
1/8/2024,Wind,12237,7,8,8
1/19/2023,Wind,1493,21,22,19
9/24/2025,Wind,6194,6,7,267
7/26/2023,Solar,4441,9,10,207
8/9/2022,Solar,7230,10,11,221
12/9/2023,Wind,18217,13,14,343
12/15/2023,Wind,2695,1,2,349
8/18/2025,Solar,8406,15,16,230
10/27/2025,Wind,17402,1,2,300
10/24/2020,Wind,13049,14,15,298
5/31/2024,Wind,6019,7,8,152
1/27/2023,Wind,8809,8,9,27
4/5/2023,Solar,8048,14,15,95
9/17/2022,Wind,5089,5,6,260
9/13/2022,Wind,5218,16,17,256
11/23/2022,Wind,8016,1,2,327
7/19/2023,Wind,3665,6,7,200
2/12/2020,Wind,9249,0,1,43
9/16/2023,Solar,4287,17,18,259
7/22/2025,Wind,11218,9,10,203
1/10/2024,Wind,2519,5,6,10
11/30/2021,Wind,12595,22,23,334
4/1/2021,Solar,6136,14,15,91
11/14/2023,Wind,14411,20,21,318
5/13/2024,Solar,8299,10,11,134
4/4/2020,Wind,1507,5,6,95
12/13/2023,Wind,8250,23,0,347
2/14/2020,Wind,3877,18,19,45
4/18/2023,Wind,7969,9,10,108
6/3/2024,Wind,2313,6,7,155
2/6/2021,Wind,3721,14,15,37
12/5/2023,Wind,11763,8,9,339
11/17/2021,Wind,1735,1,2,321
4/1/2025,Wind,16314,21,22,91
11/12/2020,Wind,3830,23,0,317
3/29/2023,Wind,10029,20,21,88
8/18/2025,Wind,6436,1,2,230
1/16/2023,Wind,10560,18,19,16
6/25/2023,Solar,7617,12,13,176
7/10/2020,Wind,6004,14,15,192
5/3/2020,Solar,2715,18,19,124
7/11/2023,Wind,1440,2,3,192
1/19/2025,Wind,1247,23,0,19
9/15/2025,Wind,11829,13,14,258
2/21/2020,Wind,4526,4,5,52
4/3/2020,Wind,2045,4,5,94
11/16/2020,Wind,8791,9,10,321
1/8/2024,Wind,11527,0,1,8
1/5/2023,Wind,5141,17,18,5
2/13/2022,Wind,7754,3,4,44
6/24/2022,Wind,10605,17,18,175
6/6/2022,Solar,8772,14,15,157
11/25/2025,Wind,10545,20,21,329
12/21/2024,Wind,11019,10,11,356
7/4/2025,Solar,10382,14,15,185
4/3/2025,Wind,6607,22,23,93
5/27/2020,Wind,3233,7,8,148
7/20/2025,Wind,9310,19,20,201
8/3/2025,Wind,1880,2,3,215
1/19/2021,Wind,10754,5,6,19
7/22/2021,Wind,3126,19,20,203
11/12/2022,Solar,5451,11,12,316
11/16/2023,Wind,3165,3,4,320
11/25/2020,Wind,2800,17,18,330
3/23/2020,Wind,6877,19,20,83
7/21/2025,Wind,9816,3,4,202
9/19/2025,Wind,2045,1,2,262
6/5/2022,Wind,8606,17,18,156
10/13/2024,Wind,3303,23,0,287
4/8/2023,Solar,6560,10,11,98
7/27/2020,Wind,10256,12,13,209
10/13/2020,Wind,4407,17,18,287
8/16/2021,Wind,5226,0,1,228
2/23/2022,Wind,2068,20,21,54
6/14/2020,Wind,4021,1,2,166
2/24/2022,Wind,5440,6,7,55
2/18/2022,Wind,6858,1,2,49
12/2/2022,Wind,3589,13,14,336
5/22/2020,Wind,7240,16,17,143
10/9/2021,Wind,2847,8,9,282
10/13/2021,Wind,3296,0,1,286
4/9/2022,Wind,1982,22,23,99
3/14/2020,Wind,5211,9,10,74
9/11/2025,Wind,14879,17,18,254
7/12/2020,Wind,4023,18,19,194
10/15/2025,Solar,6940,10,11,288
3/17/2025,Wind,14877,16,17,76
8/7/2020,Wind,1119,21,22,220
4/13/2020,Wind,4328,5,6,104
5/31/2020,Wind,6056,23,0,152
5/28/2023,Wind,6428,17,18,148
8/23/2022,Wind,1005,4,5,235
7/30/2020,Solar,3388,17,18,212
12/25/2021,Wind,1572,7,8,359
11/16/2024,Wind,1374,6,7,321
5/6/2022,Wind,3436,1,2,126
7/25/2023,Wind,5855,7,8,206
6/30/2023,Wind,2447,0,1,181
6/21/2020,Wind,1887,1,2,173
3/30/2020,Wind,7156,23,0,90
11/7/2022,Wind,11253,5,6,311
8/2/2025,Wind,3930,3,4,214
12/14/2020,Wind,8267,9,10,349
5/12/2024,Wind,4275,7,8,133
1/12/2020,Wind,3733,22,23,12
8/8/2021,Wind,7331,1,2,220
5/11/2022,Wind,3101,5,6,131
10/1/2023,Wind,2395,21,22,274
2/23/2022,Solar,5805,12,13,54
10/22/2023,Wind,3732,23,0,295
6/14/2024,Wind,12826,12,13,166
3/4/2025,Solar,6290,15,16,63
6/23/2024,Solar,4302,13,14,175
10/22/2021,Wind,2834,19,20,295
7/10/2024,Wind,2264,0,1,192
11/4/2020,Solar,4014,13,14,309
11/15/2022,Wind,10782,9,10,319
1/28/2023,Wind,2268,23,0,28
4/19/2024,Wind,16276,11,12,110
7/23/2024,Wind,14087,13,14,205
10/6/2023,Wind,1085,20,21,279
7/7/2022,Wind,10600,15,16,188
6/30/2024,Wind,3753,6,7,182
5/5/2021,Wind,11434,12,13,125
10/9/2022,Solar,6807,13,14,282
1/9/2024,Wind,4360,16,17,9
6/19/2023,Wind,4195,18,19,170
1/24/2025,Wind,11288,22,23,24
6/21/2022,Wind,1796,21,22,172
9/7/2023,Wind,2686,7,8,250
6/24/2023,Solar,8244,11,12,175
4/28/2025,Wind,3071,2,3,118
5/15/2021,Wind,4264,5,6,135
5/25/2023,Wind,6906,2,3,145
9/14/2020,Solar,5071,13,14,258
4/7/2024,Wind,5202,22,23,98
6/21/2022,Wind,3804,4,5,172
7/4/2025,Wind,5286,3,4,185
9/21/2021,Wind,2280,19,20,264
3/4/2024,Wind,6988,9,10,64
7/27/2021,Wind,3166,22,23,208
4/9/2025,Wind,5058,1,2,99
7/4/2021,Wind,6911,13,14,185
10/20/2021,Wind,13048,20,21,293
11/27/2022,Wind,7343,20,21,331
3/17/2025,Wind,15549,14,15,76
3/14/2024,Wind,6363,7,8,74
5/10/2020,Wind,4802,18,19,131
12/27/2020,Wind,11736,6,7,362
11/21/2021,Wind,1770,9,10,325
11/28/2025,Wind,7931,15,16,332
12/9/2021,Wind,7038,11,12,343
3/16/2024,Wind,2197,22,23,76
8/5/2020,Solar,4806,16,17,218
4/6/2025,Wind,8524,19,20,96
2/23/2022,Wind,888,7,8,54
12/22/2020,Wind,10664,7,8,357
6/10/2023,Solar,3002,8,9,161
11/13/2025,Wind,10431,6,7,317
3/16/2022,Wind,4258,2,3,75
9/16/2025,Wind,11697,2,3,259
11/21/2020,Wind,2372,23,0,326
12/12/2024,Wind,3271,5,6,347
6/15/2023,Solar,5298,10,11,166
2/24/2023,Wind,6635,0,1,55
4/1/2022,Wind,14543,13,14,91
4/20/2021,Wind,577,6,7,110
6/17/2024,Wind,1375,21,22,169
6/29/2021,Solar,2049,8,9,180
5/7/2023,Wind,1473,5,6,127
8/9/2020,Wind,1263,4,5,222
11/9/2024,Wind,884,6,7,314
7/3/2024,Wind,12305,15,16,185
2/26/2020,Wind,6383,19,20,57
7/8/2025,Solar,10854,10,11,189
12/27/2023,Wind,13272,16,17,361
2/8/2025,Wind,4543,22,23,39
10/25/2024,Wind,6611,10,11,299
12/2/2021,Wind,7999,7,8,336
5/10/2024,Wind,5301,3,4,131
1/31/2023,Wind,6313,10,11,31
2/28/2024,Wind,4006,9,10,59
10/27/2022,Wind,5638,17,18,300
11/9/2024,Wind,622,21,22,314
11/26/2020,Wind,2650,7,8,331
12/12/2022,Wind,3694,16,17,346
1/8/2022,Wind,6540,3,4,8
7/22/2023,Wind,1465,5,6,203
12/21/2020,Wind,12706,13,14,356
2/16/2021,Wind,9859,20,21,47
8/18/2020,Wind,728,22,23,231
2/2/2020,Wind,11800,16,17,33
4/22/2020,Wind,2587,20,21,113
6/5/2020,Wind,5969,7,8,157
5/23/2024,Solar,6613,11,12,144
3/20/2022,Wind,6580,1,2,79
5/19/2024,Solar,2794,11,12,140
9/6/2023,Solar,4611,17,18,249
4/22/2021,Wind,8227,16,17,112
7/21/2025,Wind,13652,19,20,202
10/26/2020,Wind,7859,9,10,300
9/26/2025,Solar,4353,15,16,269
7/28/2020,Wind,3610,6,7,210
1/16/2024,Wind,1715,4,5,16
10/26/2020,Wind,7818,20,21,300
3/26/2024,Wind,8416,0,1,86
11/28/2023,Wind,7464,8,9,332
11/14/2024,Solar,5909,14,15,319
12/17/2024,Wind,6713,11,12,352
3/20/2020,Wind,6937,11,12,80
3/28/2025,Wind,5489,8,9,87
1/16/2022,Wind,1349,1,2,16
8/17/2021,Wind,2250,8,9,229
10/22/2025,Solar,6865,12,13,295
1/25/2020,Wind,1579,8,9,25
2/22/2025,Wind,11725,0,1,53
4/10/2023,Wind,7919,10,11,100
10/20/2021,Wind,14657,14,15,293
1/30/2020,Wind,8402,9,10,30
9/29/2024,Wind,6168,13,14,273
11/15/2020,Wind,14508,12,13,320
6/8/2021,Wind,916,3,4,159
12/12/2020,Wind,5943,21,22,347
12/11/2020,Wind,7153,3,4,346
2/8/2023,Wind,3513,3,4,39
5/21/2020,Wind,600,20,21,142
7/9/2025,Solar,10461,14,15,190
2/10/2024,Wind,4227,7,8,41
7/7/2023,Solar,8765,16,17,188
1/3/2020,Wind,9695,13,14,3
12/6/2020,Wind,1374,22,23,341
10/6/2021,Wind,8548,8,9,279
6/9/2023,Solar,5753,16,17,160
7/4/2021,Wind,6187,12,13,185
2/19/2021,Wind,4799,5,6,50
11/24/2021,Wind,4927,5,6,328
12/15/2021,Wind,1396,4,5,349
1/25/2025,Wind,5724,16,17,25
7/14/2020,Solar,5718,15,16,196
10/18/2023,Wind,11303,6,7,291
6/27/2024,Wind,7928,18,19,179
4/24/2021,Wind,6916,18,19,114
10/16/2023,Wind,9973,21,22,289
2/18/2024,Wind,6925,22,23,49
5/8/2020,Wind,3039,8,9,129
3/12/2024,Wind,5075,7,8,72
3/14/2020,Wind,3300,20,21,74
1/17/2021,Wind,5676,7,8,17
1/3/2022,Wind,12240,13,14,3
8/7/2020,Wind,2101,5,6,220
9/26/2023,Solar,6439,11,12,269
7/28/2025,Wind,6132,19,20,209
7/19/2025,Wind,3954,23,0,200
3/20/2021,Wind,4921,18,19,79
8/25/2021,Wind,4981,5,6,237
5/16/2021,Wind,4884,9,10,136
11/24/2025,Wind,7424,6,7,328
1/6/2023,Wind,7958,14,15,6
8/25/2023,Wind,5505,9,10,237
8/21/2020,Wind,7837,10,11,234
12/10/2020,Wind,2800,15,16,345
12/24/2022,Wind,3971,22,23,358
2/26/2025,Wind,8242,8,9,57
3/1/2022,Solar,4988,11,12,60
9/25/2022,Wind,1684,21,22,268
11/26/2022,Wind,2624,0,1,330
3/25/2021,Solar,3091,9,10,84
1/18/2025,Wind,1399,7,8,18
10/6/2022,Wind,1712,7,8,279
5/20/2025,Wind,6826,0,1,140
10/5/2020,Wind,10905,16,17,279
1/31/2020,Wind,8388,21,22,31
1/10/2021,Wind,4559,15,16,10
6/14/2023,Wind,3197,3,4,165
3/15/2021,Wind,10846,15,16,74
11/29/2024,Wind,6487,3,4,334
12/22/2020,Wind,10281,4,5,357
10/5/2020,Wind,11256,3,4,279
4/20/2021,Wind,637,5,6,110
8/25/2020,Wind,9550,21,22,238
11/24/2023,Wind,10539,18,19,328
6/20/2025,Wind,5645,5,6,171
8/31/2024,Solar,8116,15,16,244
7/23/2024,Wind,9773,9,10,205
7/16/2025,Solar,16069,15,16,197
5/6/2021,Wind,8791,15,16,126
10/10/2020,Wind,2346,7,8,284
2/13/2025,Solar,4494,14,15,44
9/29/2025,Wind,2697,23,0,272
10/27/2021,Wind,2392,3,4,300
6/1/2022,Wind,1109,5,6,152
7/24/2020,Wind,1771,4,5,206
4/29/2020,Wind,5811,22,23,120
3/30/2023,Wind,15694,17,18,89
7/24/2023,Wind,3944,6,7,205
4/23/2023,Wind,9704,23,0,113
10/12/2022,Wind,1054,1,2,285
3/12/2021,Wind,10222,3,4,71
7/12/2022,Wind,3789,2,3,193
12/22/2020,Wind,7182,23,0,357
2/13/2024,Wind,5445,8,9,44
5/3/2024,Wind,2251,20,21,124
12/5/2022,Solar,3554,11,12,339
12/18/2023,Solar,5551,12,13,352
6/10/2021,Wind,1116,6,7,161
8/5/2024,Wind,751,21,22,218
11/24/2021,Wind,6358,1,2,328
8/31/2025,Wind,5964,4,5,243
6/24/2020,Solar,6958,14,15,176
8/11/2023,Solar,6263,17,18,223
4/21/2021,Solar,5395,13,14,111
2/25/2024,Wind,8187,2,3,56
7/22/2024,Wind,4013,2,3,204
8/6/2022,Wind,7062,9,10,218
7/7/2023,Wind,4525,6,7,188
3/22/2021,Wind,4256,3,4,81
11/19/2025,Wind,9964,1,2,323
7/16/2022,Solar,6731,10,11,197
8/3/2022,Wind,1474,22,23,215
5/3/2025,Wind,7626,18,19,123
9/29/2023,Wind,2198,19,20,272
1/15/2022,Wind,651,19,20,15
4/9/2022,Wind,4701,4,5,99
10/9/2022,Wind,5394,22,23,282
8/12/2023,Solar,9789,15,16,224
7/2/2025,Wind,5548,22,23,183
5/16/2023,Wind,7799,23,0,136
7/31/2020,Wind,4080,18,19,213
4/23/2020,Wind,2669,1,2,114
12/14/2021,Wind,810,0,1,348
3/11/2020,Wind,12163,12,13,71
7/26/2024,Wind,506,21,22,208
8/4/2021,Solar,3345,17,18,216
7/18/2023,Wind,3434,8,9,199
8/28/2020,Wind,8079,17,18,241
8/27/2024,Solar,6209,17,18,240
3/28/2021,Wind,5097,9,10,87
12/16/2023,Wind,2504,21,22,350
6/3/2021,Solar,3738,16,17,154
10/15/2021,Wind,1488,8,9,288
10/5/2024,Wind,5905,19,20,279
4/7/2020,Wind,2681,18,19,98
11/26/2021,Wind,10802,12,13,330
6/26/2022,Solar,1719,8,9,177
3/19/2020,Solar,3939,14,15,79
6/15/2025,Solar,4719,14,15,166
11/17/2022,Wind,8379,17,18,321
12/2/2024,Wind,7331,22,23,337
9/11/2024,Wind,11638,3,4,255
5/22/2025,Wind,4939,21,22,142
10/16/2024,Wind,11452,3,4,290
12/2/2020,Wind,2987,12,13,337
11/6/2025,Wind,2440,19,20,310
8/29/2025,Wind,15987,15,16,241
3/5/2024,Wind,3012,22,23,65
6/26/2025,Wind,3959,23,0,177
10/20/2023,Wind,4473,8,9,293
9/21/2025,Wind,4316,17,18,264
8/7/2020,Solar,3640,16,17,220
12/3/2021,Wind,3110,3,4,337
10/16/2021,Solar,3384,10,11,289
8/30/2025,Wind,4396,7,8,242
2/23/2025,Wind,11952,22,23,54
10/20/2020,Wind,9534,16,17,294
12/26/2024,Wind,3449,20,21,361
12/13/2024,Wind,785,22,23,348
7/16/2022,Wind,3960,0,1,197
10/11/2020,Wind,3670,3,4,285
7/26/2024,Solar,7022,15,16,208
9/29/2023,Wind,8290,6,7,272
12/20/2023,Wind,11237,13,14,354
7/11/2020,Wind,4072,19,20,193
1/31/2025,Wind,2272,1,2,31
3/10/2020,Wind,11993,8,9,70
3/3/2022,Wind,1517,4,5,62
3/7/2024,Wind,11067,17,18,67
10/19/2024,Wind,3297,22,23,293
5/21/2020,Solar,4337,13,14,142
10/11/2023,Solar,8576,13,14,284
7/2/2022,Wind,754,0,1,183
1/15/2023,Wind,14992,21,22,15
7/19/2022,Wind,5671,3,4,200
10/22/2022,Wind,6189,3,4,295
12/31/2023,Wind,17336,5,6,365
4/4/2022,Wind,2150,3,4,94
3/2/2022,Wind,2780,1,2,61
9/24/2021,Wind,475,4,5,267
5/23/2021,Wind,9144,23,0,143
9/29/2020,Wind,1805,5,6,273
3/9/2024,Wind,12796,7,8,69
4/16/2024,Wind,10158,10,11,107
6/11/2020,Wind,4847,12,13,163
2/1/2022,Wind,6934,0,1,32
8/30/2024,Wind,2706,3,4,243
6/27/2021,Wind,3872,3,4,178
11/17/2020,Wind,2225,19,20,322
7/23/2024,Wind,4890,1,2,205
7/16/2022,Wind,3533,2,3,197
7/8/2025,Wind,3770,20,21,189
10/19/2022,Wind,7629,17,18,292
6/16/2020,Wind,1666,20,21,168
1/10/2025,Wind,3319,15,16,10
9/10/2020,Solar,3052,11,12,254
11/13/2021,Wind,5126,8,9,317
4/22/2025,Solar,7792,13,14,112
5/15/2020,Wind,6575,5,6,136
3/25/2024,Wind,10580,15,16,85
1/26/2023,Wind,6312,23,0,26
7/19/2024,Wind,1335,5,6,201
6/30/2025,Wind,1192,21,22,181
2/12/2023,Wind,3402,0,1,43
9/27/2022,Wind,6509,6,7,270
7/27/2020,Wind,11749,15,16,209
7/10/2023,Solar,8700,13,14,191
1/20/2025,Wind,1542,2,3,20
3/28/2023,Wind,9979,16,17,87
10/4/2021,Wind,5584,8,9,277
6/9/2024,Wind,3464,1,2,161
8/17/2021,Solar,6878,12,13,229
1/27/2023,Wind,8252,7,8,27
8/5/2021,Wind,8681,14,15,217
7/21/2025,Wind,7848,23,0,202
5/27/2025,Wind,15563,17,18,147
2/22/2024,Wind,14343,0,1,53
12/10/2023,Wind,16050,0,1,344
6/18/2021,Wind,3603,1,2,169
4/25/2025,Solar,7896,10,11,115
7/5/2021,Wind,2602,0,1,186
7/7/2021,Wind,1703,23,0,188
12/12/2020,Wind,6348,11,12,347
11/1/2025,Wind,9647,16,17,305
1/22/2024,Wind,14875,20,21,22
8/28/2025,Wind,11353,16,17,240
4/29/2022,Solar,4724,10,11,119
1/20/2021,Wind,15051,18,19,20
6/19/2024,Wind,6935,22,23,171
4/2/2022,Wind,12110,16,17,92
8/8/2024,Wind,1189,5,6,221
11/2/2024,Wind,3994,18,19,307
9/6/2021,Solar,5313,15,16,249
3/28/2020,Wind,9382,19,20,88
2/14/2022,Wind,6029,21,22,45
10/13/2022,Wind,4003,17,18,286
7/15/2024,Wind,10450,16,17,197
4/22/2023,Wind,3755,0,1,112
10/26/2024,Solar,2125,16,17,300
1/25/2025,Wind,7875,11,12,25
2/6/2024,Wind,15869,14,15,37
11/24/2024,Wind,19758,18,19,329
12/4/2022,Wind,3252,2,3,338
2/12/2023,Solar,6688,14,15,43
1/31/2020,Wind,7716,4,5,31
11/29/2020,Wind,4788,10,11,334
4/29/2022,Wind,4816,18,19,119
8/1/2021,Solar,6683,16,17,213
3/15/2020,Wind,3612,0,1,75
7/1/2023,Wind,7075,21,22,182
3/2/2023,Wind,4877,21,22,61
8/3/2024,Wind,3218,7,8,216
11/19/2024,Wind,12210,20,21,324
1/8/2024,Wind,12121,6,7,8
12/21/2024,Wind,18922,21,22,356
10/25/2022,Wind,4158,17,18,298
4/15/2022,Wind,1942,1,2,105
12/7/2021,Wind,5150,6,7,341
1/17/2022,Wind,2215,23,0,17
2/24/2025,Wind,15311,9,10,55
7/14/2021,Wind,6824,20,21,195
1/11/2023,Wind,13408,4,5,11
10/15/2024,Wind,7313,11,12,289
9/14/2023,Wind,983,20,21,257
12/4/2021,Wind,14167,13,14,338
5/10/2021,Wind,1928,21,22,130
7/31/2021,Wind,6027,13,14,212
11/26/2025,Wind,5852,9,10,330
6/20/2022,Wind,4764,20,21,171
8/1/2020,Solar,4517,13,14,214
9/30/2022,Wind,8433,17,18,273
6/10/2024,Wind,16343,13,14,162
9/8/2024,Wind,5635,5,6,252
8/20/2021,Solar,3653,10,11,232
10/21/2020,Wind,11801,17,18,295
11/8/2023,Wind,14010,22,23,312
10/11/2020,Wind,3222,7,8,285
8/4/2023,Solar,7826,11,12,216
5/15/2021,Wind,11074,16,17,135
11/1/2021,Wind,5774,18,19,305
2/13/2025,Wind,1341,4,5,44
2/20/2022,Wind,16004,20,21,51
1/2/2025,Wind,7704,6,7,2
1/23/2023,Wind,4026,4,5,23
3/15/2022,Wind,5845,0,1,74
12/1/2022,Wind,4324,15,16,335
5/10/2024,Wind,5155,21,22,131
8/15/2025,Solar,9881,16,17,227
2/9/2020,Wind,15238,11,12,40
5/21/2024,Wind,3665,21,22,142
5/11/2024,Wind,4326,6,7,132
9/23/2020,Wind,5813,18,19,267
11/17/2025,Wind,10323,15,16,321
1/2/2021,Wind,1169,0,1,2
8/8/2023,Wind,2853,23,0,220
5/18/2023,Wind,6720,19,20,138
10/24/2022,Wind,7627,22,23,297
9/3/2022,Wind,1066,20,21,246
11/29/2024,Solar,7650,14,15,334
4/4/2020,Solar,4136,10,11,95
3/18/2020,Solar,3727,11,12,78
4/29/2020,Wind,10092,13,14,120
10/16/2021,Solar,3207,16,17,289
10/6/2021,Wind,8756,17,18,279
2/26/2025,Wind,13305,11,12,57
3/1/2021,Solar,5810,13,14,60
11/24/2022,Wind,11415,3,4,328
9/1/2025,Wind,5387,20,21,244
11/14/2024,Wind,3630,21,22,319
3/20/2021,Wind,4488,6,7,79
12/17/2021,Wind,6817,5,6,351
2/7/2025,Wind,9958,3,4,38
1/5/2024,Wind,12301,0,1,5
9/8/2024,Wind,11440,12,13,252
7/27/2020,Wind,3719,8,9,209
2/17/2023,Wind,13006,13,14,48
7/22/2024,Wind,3267,5,6,204
9/7/2024,Solar,6652,12,13,251
8/2/2021,Solar,1835,8,9,214
7/24/2021,Wind,5008,18,19,205
6/26/2022,Wind,1353,21,22,177
5/25/2021,Wind,10972,9,10,145
1/3/2024,Wind,16091,5,6,3
4/28/2024,Wind,4975,18,19,119
2/10/2022,Wind,4390,3,4,41
9/1/2023,Wind,4835,2,3,244
1/23/2025,Wind,6187,8,9,23
8/12/2022,Solar,4233,9,10,224
6/6/2022,Wind,3154,0,1,157
4/26/2021,Wind,6682,23,0,116
8/21/2022,Wind,492,4,5,233
7/29/2025,Solar,9703,17,18,210
1/14/2020,Wind,12193,1,2,14
11/23/2020,Wind,197,6,7,328
3/3/2020,Wind,2913,16,17,63
4/30/2022,Wind,4152,23,0,120
8/28/2025,Wind,2154,3,4,240
9/28/2025,Solar,3101,17,18,271
4/26/2020,Solar,826,19,20,117
4/26/2020,Wind,1234,7,8,117
1/13/2020,Wind,3124,0,1,13
7/4/2021,Wind,1516,8,9,185
8/20/2022,Solar,6307,16,17,232
10/15/2022,Wind,4985,21,22,288
11/4/2024,Wind,2945,20,21,309
5/27/2024,Wind,2781,1,2,148
5/3/2021,Wind,1219,7,8,123
6/25/2023,Wind,4990,21,22,176
1/24/2023,Wind,3120,17,18,24
2/11/2022,Wind,2704,8,9,42
6/17/2023,Wind,1596,22,23,168
9/25/2021,Solar,3100,10,11,268
9/9/2024,Wind,8509,8,9,253
4/25/2023,Wind,2732,23,0,115
4/17/2021,Wind,5570,20,21,107
8/1/2022,Wind,1415,23,0,213
7/14/2021,Wind,7691,18,19,195
10/14/2025,Wind,8624,10,11,287
2/21/2020,Wind,8633,14,15,52
10/24/2024,Solar,7285,11,12,298
7/17/2022,Wind,6218,2,3,198
8/15/2022,Solar,7754,12,13,227
8/23/2020,Wind,4453,7,8,236
8/1/2020,Wind,1772,6,7,214
7/3/2025,Wind,5681,3,4,184
5/2/2022,Wind,3281,0,1,122
10/11/2020,Wind,4013,0,1,285
5/15/2021,Wind,7542,10,11,135
8/19/2024,Solar,6872,10,11,232
10/21/2025,Wind,12221,5,6,294
6/25/2023,Solar,7269,11,12,176
9/15/2024,Solar,7756,17,18,259
7/19/2024,Wind,1367,6,7,201
6/20/2022,Solar,6635,11,12,171
11/24/2020,Wind,1825,2,3,329
3/20/2022,Wind,4944,4,5,79
5/26/2020,Solar,7491,15,16,147
9/9/2025,Wind,2139,20,21,252
1/23/2020,Wind,5821,4,5,23
7/22/2022,Wind,3155,4,5,203
2/22/2023,Wind,2969,6,7,53
5/4/2023,Wind,7974,18,19,124
3/29/2022,Solar,3886,15,16,88
1/24/2025,Wind,19431,13,14,24
3/17/2025,Wind,11797,21,22,76
11/4/2024,Wind,2853,4,5,309
1/11/2023,Wind,10073,10,11,11
6/21/2022,Solar,4791,15,16,172
7/2/2020,Wind,6452,18,19,184
5/12/2024,Solar,4059,14,15,133
3/11/2021,Wind,14266,6,7,70
9/23/2020,Wind,8641,13,14,267
4/30/2024,Wind,3124,21,22,121
9/16/2023,Wind,2367,22,23,259
5/4/2025,Wind,11985,19,20,124
4/8/2022,Wind,10607,18,19,98
12/23/2023,Wind,14470,16,17,357
8/11/2025,Wind,5924,22,23,223
7/16/2021,Wind,7525,17,18,197
2/11/2020,Wind,11753,7,8,42
11/9/2024,Wind,1782,1,2,314
9/27/2022,Wind,9228,18,19,270
9/1/2024,Wind,4830,8,9,245
11/1/2020,Wind,9246,7,8,306
1/9/2025,Wind,14188,7,8,9
12/31/2024,Wind,2303,1,2,366
1/6/2025,Wind,18763,0,1,6
1/30/2024,Solar,7283,14,15,30
4/18/2021,Wind,2015,20,21,108
4/24/2021,Solar,8651,15,16,114
10/27/2021,Wind,2324,19,20,300
7/2/2020,Wind,2474,0,1,184
1/7/2024,Wind,7340,4,5,7
1/18/2024,Wind,6969,14,15,18
9/9/2023,Wind,1650,1,2,252
3/17/2025,Solar,11786,10,11,76
10/20/2024,Wind,6846,7,8,294
9/11/2021,Solar,4615,16,17,254
3/12/2024,Wind,12222,15,16,72
8/6/2020,Solar,3605,16,17,219
1/15/2022,Wind,847,1,2,15
4/18/2022,Solar,4269,17,18,108
1/13/2020,Wind,2987,6,7,13
3/16/2021,Solar,5314,11,12,75
6/15/2022,Wind,2328,6,7,166
9/30/2023,Solar,6508,12,13,273
10/29/2024,Wind,685,21,22,303
9/4/2025,Wind,6150,20,21,247
8/21/2023,Solar,6576,15,16,233
4/19/2020,Wind,2914,14,15,110
7/12/2021,Wind,2663,9,10,193
1/3/2022,Wind,9393,7,8,3
11/10/2020,Wind,486,6,7,315
2/3/2025,Wind,1883,23,0,34
3/31/2025,Wind,4280,0,1,90
7/12/2024,Wind,8243,17,18,194
6/14/2024,Wind,12714,17,18,166
9/21/2025,Solar,3451,11,12,264
5/16/2021,Wind,9508,23,0,136
3/7/2022,Wind,6815,5,6,66
8/10/2022,Solar,6251,10,11,222
3/7/2023,Wind,5865,5,6,66
3/14/2025,Wind,7686,15,16,73
10/4/2024,Wind,4180,7,8,278
12/15/2022,Wind,7205,22,23,349
9/3/2020,Wind,931,0,1,247
6/17/2022,Wind,1078,21,22,168
12/21/2023,Wind,17520,18,19,355
3/2/2023,Solar,6558,14,15,61
8/4/2024,Wind,1620,20,21,217
12/29/2024,Wind,548,21,22,364
11/14/2024,Wind,3831,1,2,319
8/4/2022,Solar,3343,9,10,216
4/26/2022,Wind,2101,0,1,116
5/16/2022,Wind,5648,5,6,136
1/9/2020,Wind,10435,16,17,9
11/24/2022,Wind,9150,14,15,328
1/20/2024,Wind,10670,23,0,20
3/14/2020,Wind,3349,22,23,74
3/10/2020,Wind,11030,22,23,70
5/26/2024,Wind,4508,2,3,147
8/13/2023,Wind,1162,1,2,225
3/28/2022,Wind,1606,6,7,87
10/12/2020,Solar,4590,14,15,286
10/22/2024,Solar,3182,10,11,296
10/19/2020,Solar,5009,11,12,293
9/12/2021,Wind,1376,21,22,255
7/17/2024,Wind,2046,3,4,199
8/17/2024,Wind,1571,1,2,230
8/13/2023,Solar,7801,16,17,225
6/28/2024,Wind,3695,2,3,180
2/6/2022,Wind,13477,4,5,37
3/31/2021,Solar,4010,10,11,90
10/25/2023,Wind,11630,11,12,298
7/23/2024,Wind,2067,23,0,205
3/18/2023,Wind,7204,3,4,77
12/5/2024,Wind,18205,23,0,340
1/8/2024,Wind,11508,2,3,8
6/11/2020,Wind,2692,8,9,163
6/6/2025,Wind,4429,22,23,157
6/2/2021,Wind,2032,23,0,153
9/21/2020,Wind,1334,21,22,265
9/2/2025,Wind,11315,23,0,245
9/21/2025,Wind,4453,20,21,264
8/9/2021,Wind,6015,10,11,221
3/16/2021,Wind,3997,2,3,75
10/18/2022,Solar,5899,13,14,291
12/26/2021,Wind,4600,12,13,360
7/27/2024,Wind,455,2,3,209
9/11/2020,Solar,1917,9,10,255
9/13/2020,Wind,705,19,20,257
8/15/2023,Solar,4625,17,18,227
7/29/2021,Wind,4205,5,6,210
5/19/2024,Wind,552,2,3,140
3/30/2023,Wind,11130,7,8,89
7/10/2025,Solar,11067,16,17,191
8/9/2025,Wind,1139,4,5,221
11/1/2023,Wind,12788,18,19,305
6/12/2024,Wind,2252,20,21,164
9/20/2025,Wind,6560,5,6,263
5/1/2020,Wind,7535,0,1,122
1/21/2020,Wind,2976,11,12,21
6/29/2025,Wind,2536,6,7,180
10/12/2020,Wind,2120,6,7,286
7/25/2024,Solar,9805,12,13,207
6/5/2023,Solar,9739,13,14,156
6/9/2023,Wind,4688,7,8,160
9/4/2025,Wind,6077,21,22,247
5/11/2024,Wind,4091,23,0,132
3/24/2025,Solar,5051,10,11,83
7/26/2023,Wind,2889,7,8,207
8/6/2024,Wind,2592,20,21,219
4/22/2025,Wind,1421,5,6,112
8/27/2024,Solar,8753,11,12,240
7/11/2021,Solar,4877,15,16,192
11/11/2021,Wind,1001,7,8,315
2/25/2025,Wind,4530,0,1,56
4/2/2025,Wind,18987,11,12,92
7/22/2020,Wind,3797,6,7,204
2/5/2020,Wind,2504,16,17,36
3/30/2020,Wind,8073,20,21,90
5/11/2020,Wind,9699,4,5,132
11/5/2021,Wind,3405,2,3,309
8/30/2020,Wind,3012,3,4,243
9/8/2025,Wind,2307,21,22,251
3/4/2022,Wind,3630,8,9,63
8/6/2022,Wind,5462,2,3,218
12/13/2024,Wind,698,19,20,348
12/31/2023,Wind,17198,17,18,365
9/4/2025,Wind,9465,9,10,247
2/25/2025,Wind,8542,9,10,56
3/18/2022,Wind,12613,11,12,77
3/19/2025,Solar,12452,14,15,78
8/7/2022,Wind,7995,0,1,219
3/24/2025,Wind,747,4,5,83
12/22/2020,Wind,9500,11,12,357
5/5/2020,Wind,2517,22,23,126
12/14/2024,Wind,2252,7,8,349
2/3/2023,Wind,4534,21,22,34
11/12/2022,Wind,4144,8,9,316
7/18/2024,Solar,7522,11,12,200
3/9/2020,Wind,6476,6,7,69
6/28/2021,Solar,4142,12,13,179
3/24/2022,Solar,6783,11,12,83
1/3/2020,Wind,9177,8,9,3
5/2/2025,Wind,3054,20,21,122
11/23/2022,Wind,12239,10,11,327
11/3/2023,Wind,9640,4,5,307
4/9/2024,Wind,8241,23,0,100
5/16/2021,Wind,9726,19,20,136
2/14/2025,Wind,5166,5,6,45
10/23/2022,Wind,13158,14,15,296
12/14/2022,Wind,2357,17,18,348
7/31/2024,Solar,6848,16,17,213
1/15/2025,Wind,2675,0,1,15
11/21/2021,Wind,5308,21,22,325
11/12/2023,Wind,7747,5,6,316
11/10/2021,Wind,1095,19,20,314
10/30/2022,Wind,4128,15,16,303
1/12/2021,Wind,11705,13,14,12
11/17/2023,Wind,4471,5,6,321
7/3/2022,Solar,2588,8,9,184
3/9/2021,Wind,3112,17,18,68
3/17/2023,Wind,9438,10,11,76
4/1/2025,Wind,10726,5,6,91
3/28/2020,Wind,2228,2,3,88
1/29/2022,Wind,5616,4,5,29
2/11/2023,Wind,2311,1,2,42
5/19/2020,Wind,3873,22,23,140
5/8/2023,Wind,1613,20,21,128
4/23/2021,Solar,4703,9,10,113
10/13/2025,Wind,6779,19,20,286
1/8/2020,Wind,5049,12,13,8
11/13/2023,Wind,10748,4,5,317
6/30/2021,Wind,2072,5,6,181
8/28/2023,Wind,3728,3,4,240
9/2/2021,Wind,6041,16,17,245
3/31/2022,Wind,5596,7,8,90
1/14/2023,Wind,18425,14,15,14
12/10/2020,Wind,3945,17,18,345
1/6/2025,Wind,18841,8,9,6
2/5/2024,Wind,9758,14,15,36
11/4/2024,Solar,4760,14,15,309
11/10/2022,Wind,3540,4,5,314
7/14/2020,Solar,2423,9,10,196
9/17/2020,Wind,4803,0,1,261
7/12/2021,Solar,4724,15,16,193
5/22/2020,Solar,5050,10,11,143
1/18/2021,Wind,5818,14,15,18
9/22/2022,Wind,613,22,23,265
2/22/2021,Wind,6262,7,8,53
3/22/2020,Wind,8856,8,9,82
10/12/2020,Wind,2453,9,10,286
4/19/2025,Wind,4612,15,16,109
8/25/2025,Wind,1411,22,23,237
4/20/2022,Wind,4490,4,5,110
12/9/2020,Wind,2985,14,15,344
7/22/2020,Solar,4307,14,15,204
5/21/2023,Wind,5032,5,6,141
1/22/2022,Wind,2925,6,7,22
12/1/2021,Wind,12759,11,12,335
1/11/2021,Wind,1886,2,3,11
3/9/2020,Wind,7030,5,6,69
2/26/2024,Wind,13709,16,17,57
3/7/2022,Wind,5870,18,19,66
10/11/2021,Solar,4324,10,11,284
9/1/2025,Wind,12704,13,14,244
10/2/2020,Wind,3285,22,23,276
12/20/2024,Wind,8847,11,12,355
8/7/2022,Solar,10239,15,16,219
2/7/2024,Wind,17700,13,14,38
6/4/2020,Wind,6146,16,17,156
10/13/2021,Wind,2432,7,8,286
2/9/2020,Wind,8445,1,2,40
2/21/2022,Wind,10192,22,23,52
3/3/2024,Wind,3260,5,6,63
7/17/2025,Wind,1257,4,5,198
2/23/2024,Wind,12084,16,17,54
3/7/2025,Wind,10966,23,0,66
12/15/2023,Wind,1834,20,21,349
9/24/2025,Wind,7488,1,2,267
8/3/2025,Solar,4235,8,9,215
11/20/2025,Wind,3840,17,18,324
9/11/2020,Wind,1169,8,9,255
11/2/2025,Wind,8973,6,7,306
9/22/2022,Solar,5500,15,16,265
5/23/2020,Wind,8605,15,16,144
12/20/2022,Wind,13706,0,1,354
11/22/2024,Wind,5864,0,1,327
11/13/2022,Wind,2267,3,4,317
4/19/2021,Solar,3728,10,11,109
7/4/2024,Wind,7129,6,7,186
6/26/2023,Wind,3874,21,22,177
10/22/2023,Wind,2996,21,22,295
1/16/2022,Solar,5824,13,14,16
9/7/2020,Wind,1722,23,0,251
5/23/2022,Wind,3621,7,8,143
10/4/2025,Wind,16699,1,2,277
12/10/2020,Wind,6025,20,21,345
5/1/2021,Wind,1335,6,7,121
6/11/2021,Wind,2701,19,20,162
1/1/2024,Wind,12702,10,11,1
5/9/2023,Wind,5818,10,11,129
1/12/2022,Solar,3844,15,16,12
11/12/2023,Wind,7217,3,4,316
11/2/2022,Wind,10172,1,2,306
9/8/2020,Solar,4412,13,14,252
4/16/2021,Wind,6013,0,1,106
11/15/2022,Wind,6725,2,3,319
12/23/2022,Wind,13142,19,20,357
4/13/2022,Solar,2030,9,10,103
4/21/2023,Solar,7766,15,16,111
3/3/2025,Wind,3662,20,21,62
11/11/2022,Solar,6178,11,12,315
6/10/2023,Wind,2892,19,20,161
8/25/2021,Wind,6301,1,2,237
2/4/2022,Wind,5142,22,23,35
2/3/2020,Wind,8082,3,4,34
3/24/2021,Solar,3598,9,10,83
4/25/2021,Wind,8643,1,2,115
6/15/2024,Wind,9554,17,18,167
1/7/2020,Wind,4202,15,16,7
3/25/2021,Wind,1803,5,6,84
4/11/2021,Wind,4909,4,5,101
12/25/2022,Wind,9014,14,15,359
9/9/2025,Wind,2515,19,20,252
6/28/2020,Wind,5007,2,3,180
4/29/2022,Wind,3276,3,4,119
4/8/2023,Wind,3945,7,8,98
3/19/2023,Wind,2707,6,7,78
3/23/2020,Wind,8097,8,9,83
7/4/2023,Wind,7479,21,22,185
9/2/2021,Wind,5757,6,7,245
5/1/2024,Wind,1919,4,5,122
8/10/2024,Solar,2611,8,9,223
4/6/2024,Wind,13920,4,5,97
7/28/2020,Wind,7320,15,16,210
9/12/2023,Solar,4847,14,15,255
6/20/2022,Wind,3854,7,8,171
4/30/2024,Wind,3211,4,5,121
7/19/2021,Wind,3621,8,9,200
11/2/2024,Wind,2593,5,6,307
10/23/2023,Wind,4629,1,2,296
11/8/2025,Wind,2972,22,23,312
7/17/2022,Wind,4452,7,8,198
8/21/2023,Solar,2986,18,19,233
4/14/2022,Wind,1781,19,20,104
11/2/2023,Wind,16663,14,15,306
3/11/2024,Wind,3569,1,2,71
5/19/2025,Wind,5554,4,5,139
8/18/2023,Wind,2753,8,9,230
1/24/2021,Wind,9368,15,16,24
11/4/2025,Wind,14722,19,20,308
1/2/2025,Wind,2940,17,18,2
11/7/2022,Wind,14582,13,14,311
6/21/2022,Solar,4256,17,18,172
10/23/2025,Wind,21130,10,11,296
12/4/2021,Wind,8479,5,6,338
6/30/2025,Wind,4201,3,4,181
11/6/2022,Wind,11082,20,21,310
10/22/2021,Wind,7563,15,16,295
9/26/2024,Wind,18099,17,18,270
11/10/2025,Wind,7424,7,8,314
12/14/2023,Wind,7386,3,4,348
1/30/2025,Wind,7524,15,16,30
12/26/2020,Wind,2946,6,7,361
9/22/2025,Wind,8345,17,18,265
12/10/2024,Wind,10950,1,2,345
12/1/2020,Wind,7384,4,5,336
9/23/2021,Wind,1187,2,3,266
7/17/2022,Solar,8450,14,15,198
7/20/2020,Solar,4972,17,18,202
9/10/2023,Wind,3618,8,9,253
7/10/2023,Solar,8155,12,13,191
2/10/2021,Wind,8366,10,11,41
1/29/2020,Wind,5091,16,17,29
9/16/2025,Wind,12139,1,2,259
11/29/2020,Wind,1854,23,0,334
9/20/2022,Solar,4950,10,11,263
8/22/2020,Wind,5453,8,9,235
1/9/2022,Wind,13974,2,3,9
6/4/2020,Wind,2997,1,2,156
11/4/2021,Wind,3557,18,19,308
1/14/2023,Wind,15699,17,18,14
2/21/2021,Wind,6413,18,19,52
5/2/2021,Wind,919,21,22,122
5/30/2025,Wind,790,4,5,150
2/8/2024,Wind,17063,15,16,39
3/22/2023,Wind,10725,7,8,81
4/22/2023,Wind,4253,3,4,112
3/27/2024,Wind,15606,14,15,87
12/25/2020,Wind,6831,10,11,360
12/24/2023,Wind,10062,4,5,358
5/24/2024,Solar,5499,13,14,145
4/28/2020,Wind,7447,18,19,119
8/20/2025,Wind,3508,22,23,232
1/24/2022,Wind,3310,1,2,24
4/20/2023,Wind,9461,16,17,110
9/2/2020,Wind,1225,22,23,246
9/2/2023,Wind,2344,20,21,245
9/10/2020,Solar,2771,10,11,254
8/22/2025,Solar,5766,18,19,234
5/24/2023,Solar,6816,9,10,144
1/11/2025,Wind,2854,9,10,11
2/28/2024,Wind,4724,0,1,59
3/6/2020,Wind,8581,14,15,66
8/18/2020,Wind,3539,18,19,231
2/18/2022,Wind,9335,3,4,49
9/3/2021,Solar,3775,14,15,246
3/24/2020,Wind,7447,23,0,84
8/25/2024,Wind,2137,20,21,238
10/22/2021,Wind,2121,0,1,295
7/17/2021,Wind,5398,19,20,198
10/30/2022,Wind,5100,8,9,303
3/9/2021,Solar,5136,15,16,68
6/23/2020,Wind,2034,1,2,175
4/22/2023,Wind,4008,1,2,112
7/12/2024,Solar,7573,12,13,194
9/5/2024,Wind,700,22,23,249
4/16/2021,Wind,5880,1,2,106
5/17/2022,Wind,2321,2,3,137
10/1/2024,Wind,4747,23,0,275
9/27/2021,Wind,6867,8,9,270
4/3/2020,Wind,2170,8,9,94
1/17/2023,Wind,4827,23,0,17
11/7/2024,Solar,5149,13,14,312
3/31/2020,Wind,6769,1,2,91
3/28/2020,Wind,11081,22,23,88
9/14/2024,Solar,10121,12,13,258
10/18/2025,Solar,7924,16,17,291
10/31/2021,Wind,10469,17,18,304
4/28/2022,Solar,7312,15,16,118
1/24/2024,Wind,6892,19,20,24
6/24/2021,Wind,1974,22,23,175
12/11/2023,Wind,6768,16,17,345
1/27/2024,Solar,5814,11,12,27
8/15/2022,Solar,8036,14,15,227
1/29/2021,Wind,13907,3,4,29
9/5/2020,Wind,2121,1,2,249
8/12/2024,Solar,8871,16,17,225
1/26/2021,Wind,5482,13,14,26
4/11/2025,Wind,4837,20,21,101
7/11/2025,Solar,11758,11,12,192
5/16/2025,Solar,7092,13,14,136
10/25/2025,Wind,9821,16,17,298
1/31/2021,Wind,5906,22,23,31
5/25/2025,Wind,9581,13,14,145
7/5/2022,Solar,4126,9,10,186
11/19/2020,Wind,9061,9,10,324
10/18/2022,Wind,5538,22,23,291
1/15/2023,Wind,10240,3,4,15
5/2/2022,Wind,3792,20,21,122
10/8/2020,Wind,6421,3,4,282
11/24/2023,Wind,8505,1,2,328
5/17/2020,Solar,4507,10,11,138
3/18/2022,Wind,6998,3,4,77
10/28/2023,Wind,16635,22,23,301
5/19/2021,Wind,3258,2,3,139
7/17/2022,Wind,2312,20,21,198
7/22/2023,Solar,10194,11,12,203
11/12/2024,Wind,13235,13,14,317
3/27/2022,Wind,4841,9,10,86
4/5/2022,Wind,9675,17,18,95
8/29/2023,Wind,1992,20,21,241
6/23/2025,Wind,3779,22,23,174
2/9/2020,Wind,11896,20,21,40
1/5/2023,Wind,7965,6,7,5
9/15/2023,Wind,3195,20,21,258
9/15/2023,Wind,4953,23,0,258
11/14/2020,Wind,8436,15,16,319
2/11/2022,Wind,2107,17,18,42
2/20/2025,Wind,7070,4,5,51
6/28/2025,Solar,3941,8,9,179
8/6/2022,Wind,5611,4,5,218
5/24/2020,Wind,2435,23,0,145
6/13/2025,Wind,5332,23,0,164
5/3/2025,Solar,10481,16,17,123
11/22/2024,Wind,9522,7,8,327
8/22/2021,Wind,4991,9,10,234
1/10/2023,Wind,15075,12,13,10
6/21/2021,Wind,2933,4,5,172
9/20/2022,Solar,5469,17,18,263
1/27/2021,Wind,3743,17,18,27
9/23/2020,Wind,4073,9,10,267
4/8/2020,Solar,1595,18,19,99
10/9/2024,Wind,8883,7,8,283
5/7/2025,Wind,9348,0,1,127
9/14/2023,Wind,1857,21,22,257
2/11/2020,Wind,11769,5,6,42
1/17/2020,Wind,8804,12,13,17
3/24/2025,Solar,6048,14,15,83
8/7/2024,Solar,5496,10,11,220
5/15/2025,Wind,6358,1,2,135
3/22/2023,Wind,9994,6,7,81
11/26/2020,Wind,1476,16,17,331
5/13/2020,Wind,7492,20,21,134
3/18/2025,Wind,12131,1,2,77
11/6/2025,Wind,6247,10,11,310
8/19/2021,Wind,1695,3,4,231
2/23/2020,Wind,9644,4,5,54
4/23/2025,Wind,6268,3,4,113
5/10/2022,Wind,1193,2,3,130
12/1/2023,Wind,5060,20,21,335
7/21/2021,Wind,2864,2,3,202
9/23/2022,Wind,546,5,6,266
1/3/2023,Wind,6763,10,11,3
12/7/2024,Wind,17557,22,23,342
3/28/2022,Wind,1693,3,4,87
10/7/2020,Wind,6946,10,11,281
8/23/2022,Wind,736,21,22,235
5/27/2023,Wind,3594,20,21,147
10/10/2023,Wind,2170,20,21,283
5/17/2025,Wind,4673,4,5,137
5/21/2020,Wind,660,21,22,142
3/15/2023,Wind,2413,7,8,74
12/14/2024,Wind,3475,10,11,349
1/19/2025,Solar,3805,14,15,19
12/29/2021,Wind,9126,1,2,363
1/29/2025,Wind,17602,1,2,29
1/22/2024,Wind,16724,2,3,22
8/21/2023,Solar,2472,8,9,233
9/16/2022,Wind,5135,21,22,259
4/21/2023,Wind,3141,7,8,111
4/22/2023,Wind,9856,15,16,112
11/5/2021,Wind,2244,22,23,309
12/23/2024,Wind,16444,6,7,358
3/9/2022,Wind,5318,17,18,68
8/10/2025,Wind,7903,23,0,222
2/17/2023,Wind,7099,1,2,48
8/29/2020,Wind,4957,18,19,242
8/29/2025,Wind,13975,9,10,241
2/5/2021,Wind,1837,7,8,36
5/13/2020,Wind,5295,10,11,134
1/27/2024,Wind,1993,1,2,27
2/13/2025,Wind,1808,8,9,44
3/10/2022,Wind,6268,20,21,69
7/2/2022,Wind,780,4,5,183
2/11/2022,Wind,2877,21,22,42
12/18/2022,Wind,9972,16,17,352
4/7/2023,Solar,8432,14,15,97
1/9/2025,Wind,13546,12,13,9
12/19/2020,Wind,5475,23,0,354
2/18/2022,Wind,18336,12,13,49
10/16/2025,Wind,5067,7,8,289
9/29/2020,Wind,648,23,0,273
8/17/2025,Wind,5689,3,4,229
9/29/2022,Solar,3096,10,11,272
4/22/2024,Wind,4627,22,23,113
7/3/2025,Wind,6293,23,0,184
10/1/2020,Wind,6509,10,11,275
2/24/2024,Wind,7042,2,3,55
6/26/2024,Wind,1220,23,0,178
11/17/2022,Wind,15564,11,12,321
8/23/2022,Wind,1180,1,2,235
3/8/2025,Wind,14394,12,13,67
4/25/2020,Wind,1918,6,7,116
3/29/2025,Wind,14163,13,14,88
3/20/2021,Wind,6045,1,2,79
3/26/2021,Wind,11408,14,15,85
4/25/2023,Wind,2929,0,1,115
10/16/2020,Wind,2998,7,8,290
7/15/2022,Solar,7499,15,16,196
8/28/2023,Wind,3258,4,5,240
1/9/2024,Wind,4857,0,1,9
11/5/2025,Wind,12356,15,16,309
12/14/2020,Wind,6487,22,23,349
7/31/2022,Wind,3161,23,0,212
1/14/2023,Wind,13584,20,21,14
4/13/2020,Wind,11122,16,17,104
2/26/2024,Wind,14168,13,14,57
9/3/2020,Wind,1674,6,7,247
12/21/2020,Wind,11318,16,17,356
4/24/2023,Wind,9557,0,1,114
4/30/2023,Wind,1754,20,21,120
8/27/2021,Solar,5627,10,11,239
9/16/2022,Solar,6902,11,12,259
11/21/2025,Wind,4563,1,2,325
9/22/2022,Solar,6248,13,14,265
6/26/2021,Solar,2918,18,19,177
5/24/2023,Wind,6974,21,22,144
7/21/2020,Wind,3934,19,20,203
8/8/2021,Wind,9302,12,13,220
3/5/2021,Wind,9127,12,13,64
7/28/2022,Wind,1995,23,0,209
8/6/2023,Wind,13743,1,2,218
12/2/2022,Wind,3878,15,16,336
10/11/2023,Wind,6965,17,18,284
11/20/2022,Wind,4543,1,2,324
7/15/2023,Wind,11920,10,11,196
2/9/2023,Solar,4291,10,11,40
3/11/2024,Wind,10464,14,15,71
2/28/2023,Wind,7747,17,18,59
7/19/2022,Wind,5843,0,1,200
3/24/2022,Wind,5843,23,0,83
7/31/2021,Wind,5229,2,3,212
2/1/2025,Wind,3211,5,6,32
8/29/2020,Wind,3727,10,11,242
1/21/2021,Wind,12756,3,4,21
7/3/2022,Wind,1428,3,4,184
9/14/2025,Wind,5040,0,1,257
12/22/2021,Wind,3172,8,9,356
2/6/2021,Wind,4300,18,19,37
3/9/2020,Wind,8263,16,17,69
2/5/2022,Wind,3579,7,8,36
10/31/2025,Wind,14868,20,21,304
4/7/2025,Solar,5498,18,19,97
8/2/2021,Wind,1200,2,3,214
6/11/2025,Solar,8263,17,18,162
10/25/2022,Solar,5679,13,14,298
10/21/2022,Wind,9051,5,6,294
10/20/2025,Wind,19753,13,14,293
8/14/2025,Wind,3576,19,20,226
1/30/2024,Wind,6919,8,9,30
7/6/2023,Solar,3928,9,10,187
6/8/2020,Solar,5620,14,15,160
10/7/2021,Wind,1491,7,8,280
4/4/2021,Wind,5664,4,5,94
11/26/2020,Solar,2923,14,15,331
12/30/2024,Solar,2306,10,11,365
8/30/2022,Solar,5938,14,15,242
7/19/2021,Solar,5500,10,11,200
7/24/2021,Wind,4225,8,9,205
2/21/2021,Wind,8883,5,6,52
4/27/2022,Wind,5575,2,3,117
1/4/2023,Wind,17318,12,13,4
7/11/2021,Wind,1348,0,1,192
11/4/2025,Wind,14429,20,21,308
9/12/2022,Wind,3604,8,9,255
9/2/2022,Wind,1890,6,7,245
5/5/2021,Wind,9071,9,10,125
1/29/2021,Wind,11119,19,20,29
11/26/2023,Wind,5154,22,23,330
11/7/2024,Wind,3375,20,21,312
8/3/2021,Wind,1828,19,20,215
4/19/2022,Wind,2444,8,9,109
8/8/2021,Wind,9714,14,15,220
1/2/2022,Wind,8787,6,7,2
2/5/2024,Wind,8276,21,22,36
7/11/2021,Wind,1192,2,3,192
9/20/2020,Wind,2433,21,22,264
11/11/2024,Wind,6891,11,12,316
7/31/2024,Wind,2129,4,5,213
3/21/2020,Wind,7735,0,1,81
10/14/2021,Solar,5650,14,15,287
1/19/2025,Wind,1188,22,23,19
10/7/2024,Wind,6044,13,14,281
2/13/2025,Wind,1090,2,3,44
6/11/2022,Solar,2423,8,9,162
10/25/2023,Wind,10380,9,10,298
3/18/2024,Solar,5581,10,11,78
9/21/2020,Wind,817,4,5,265
11/28/2025,Wind,7806,7,8,332
4/7/2020,Wind,1718,4,5,98
3/2/2020,Wind,5353,10,11,62
7/23/2020,Solar,2720,10,11,205
3/22/2022,Wind,4199,23,0,81
2/22/2023,Wind,1437,22,23,53
10/4/2023,Wind,3511,0,1,277
10/26/2023,Wind,4734,17,18,299
2/25/2023,Wind,8542,19,20,56
8/28/2024,Wind,2163,21,22,241
11/13/2020,Wind,4593,15,16,318
4/29/2021,Solar,3421,16,17,119
4/15/2024,Wind,14523,21,22,106
2/17/2024,Wind,4037,9,10,48
10/18/2020,Wind,912,22,23,292
10/7/2023,Solar,6141,10,11,280
7/17/2021,Wind,5090,23,0,198
10/30/2022,Wind,2069,20,21,303
2/2/2021,Wind,11997,10,11,33
6/25/2020,Wind,3558,5,6,177
5/3/2025,Solar,9346,17,18,123
11/12/2021,Wind,934,0,1,316
8/2/2024,Solar,6672,11,12,215
9/26/2020,Wind,8134,20,21,270
9/21/2023,Wind,9550,3,4,264
4/23/2022,Wind,6361,9,10,113
1/2/2021,Wind,1837,18,19,2
12/17/2021,Wind,8144,18,19,351
11/23/2021,Wind,9900,12,13,327
12/13/2023,Wind,9953,1,2,347
10/27/2024,Solar,3309,9,10,301
9/7/2025,Wind,6555,1,2,250
8/22/2020,Wind,5104,2,3,235
7/30/2022,Wind,1951,21,22,211
8/26/2025,Wind,5983,8,9,238
11/1/2020,Wind,13574,11,12,306
6/20/2025,Solar,8561,10,11,171
9/22/2023,Wind,11770,12,13,265
1/20/2025,Wind,1668,5,6,20
10/20/2021,Wind,10713,5,6,293
12/20/2020,Wind,4461,15,16,355
8/9/2025,Wind,5496,19,20,221
11/20/2024,Wind,8076,3,4,325
7/2/2025,Wind,11247,17,18,183
1/23/2020,Wind,2993,21,22,23
8/11/2021,Wind,704,3,4,223
6/10/2020,Solar,3105,16,17,162
8/9/2021,Wind,2967,6,7,221
11/5/2020,Wind,8082,20,21,310
4/23/2024,Wind,4273,1,2,114
7/30/2024,Wind,2765,23,0,212
7/23/2022,Solar,6571,15,16,204
12/25/2020,Wind,6863,1,2,360
8/8/2024,Wind,1289,1,2,221
12/30/2022,Wind,15843,17,18,364
2/25/2022,Wind,7997,10,11,56
10/21/2023,Wind,20931,12,13,294
7/21/2021,Wind,1927,5,6,202
11/15/2023,Wind,10577,10,11,319
1/9/2023,Wind,13412,17,18,9
11/8/2021,Wind,1922,7,8,312
4/14/2021,Wind,5346,22,23,104
6/27/2021,Wind,1366,20,21,178
2/5/2020,Wind,1746,17,18,36
9/17/2021,Wind,711,2,3,260
12/29/2023,Wind,12493,6,7,363
12/2/2022,Wind,2232,1,2,336
7/23/2021,Solar,7412,13,14,204
1/26/2025,Wind,10046,4,5,26
6/3/2022,Wind,2859,21,22,154
6/23/2022,Wind,1625,0,1,174
4/23/2021,Wind,7944,17,18,113
3/23/2022,Solar,5220,16,17,82
4/3/2023,Wind,5706,1,2,93
6/16/2023,Solar,2630,8,9,167
11/16/2024,Wind,2040,19,20,321
6/22/2025,Solar,5526,13,14,173
2/24/2023,Wind,6498,11,12,55
10/17/2020,Solar,1367,17,18,291
5/11/2022,Solar,7976,10,11,131
6/20/2023,Wind,3357,19,20,171
5/22/2022,Wind,3313,23,0,142
10/30/2024,Wind,1827,6,7,304
2/20/2020,Wind,10617,19,20,51
6/22/2022,Solar,3779,9,10,173
3/31/2021,Wind,1121,19,20,90
12/30/2024,Wind,709,0,1,365
3/20/2020,Wind,6229,10,11,80
12/25/2021,Wind,1843,6,7,359
3/28/2023,Wind,2283,1,2,87
6/30/2022,Solar,5921,15,16,181
7/24/2025,Wind,2166,23,0,205
2/27/2022,Wind,6011,20,21,58
3/16/2025,Wind,7970,17,18,75
6/15/2024,Wind,10538,11,12,167
1/13/2023,Wind,10798,19,20,13
2/10/2020,Wind,13770,16,17,41
11/8/2021,Wind,1805,17,18,312
1/10/2025,Wind,2433,16,17,10
6/2/2020,Wind,1765,23,0,154
12/18/2022,Wind,5927,4,5,352
11/19/2023,Wind,16559,11,12,323
4/14/2020,Wind,7144,4,5,105
6/21/2024,Solar,5580,10,11,173
5/21/2021,Wind,8861,6,7,141
6/25/2021,Wind,2038,1,2,176
10/9/2023,Solar,5494,11,12,282
4/11/2024,Wind,3540,5,6,102
1/12/2025,Wind,3081,6,7,12
12/28/2024,Wind,354,17,18,363
7/20/2020,Wind,2939,4,5,202
5/18/2020,Wind,1868,5,6,139
2/6/2022,Wind,16044,19,20,37
4/30/2023,Wind,3818,5,6,120
2/29/2024,Wind,12775,13,14,60
8/17/2022,Wind,1406,20,21,229
3/12/2022,Wind,9389,2,3,71
3/21/2020,Wind,11152,15,16,81
2/2/2025,Wind,3472,9,10,33
2/14/2022,Wind,11744,5,6,45
8/9/2023,Wind,1211,20,21,221
2/23/2024,Wind,14058,8,9,54
6/30/2020,Wind,3738,0,1,182
8/14/2023,Solar,7241,17,18,226
4/10/2022,Solar,7678,15,16,100
6/9/2025,Solar,3733,10,11,160
5/7/2024,Solar,7214,12,13,128
5/31/2022,Solar,4174,10,11,151
7/24/2025,Wind,2396,0,1,205
3/14/2024,Wind,9218,16,17,74
5/30/2025,Solar,6501,17,18,150
9/27/2020,Wind,5190,22,23,271
9/27/2022,Wind,13231,14,15,270
1/27/2020,Wind,8486,2,3,27
6/28/2021,Solar,3945,17,18,179
10/3/2020,Wind,3195,0,1,277
6/12/2025,Solar,5733,11,12,163
9/2/2025,Wind,15009,17,18,245
6/4/2023,Wind,7894,17,18,155
12/2/2024,Wind,8193,8,9,337
6/4/2023,Wind,5847,20,21,155
3/25/2023,Wind,14863,5,6,84
5/2/2024,Wind,12077,12,13,123
9/18/2024,Wind,8671,21,22,262
10/9/2025,Wind,2496,8,9,282
9/11/2022,Wind,664,2,3,254
1/29/2025,Wind,12248,15,16,29
3/29/2021,Wind,4622,9,10,88
5/31/2023,Wind,8211,22,23,151
8/31/2024,Wind,5370,23,0,244
11/6/2023,Wind,12102,1,2,310
3/25/2021,Wind,2635,8,9,84
8/5/2024,Solar,2548,8,9,218
7/2/2021,Wind,405,5,6,183
1/27/2025,Wind,18396,4,5,27
5/15/2020,Wind,4342,18,19,136
9/6/2021,Wind,1107,4,5,249
10/24/2021,Wind,3398,20,21,297
12/6/2024,Wind,14357,7,8,341
8/26/2023,Wind,1513,22,23,238
5/4/2020,Solar,5092,16,17,125
10/17/2022,Wind,7554,7,8,290
8/2/2022,Solar,5062,10,11,214
4/13/2025,Wind,4463,15,16,103
4/25/2022,Wind,3208,7,8,115
10/26/2022,Wind,8890,13,14,299
12/7/2022,Wind,2473,4,5,341
10/24/2025,Wind,12506,19,20,297
8/31/2020,Wind,3237,9,10,244
6/30/2022,Wind,5168,17,18,181
11/4/2025,Wind,12341,15,16,308
8/17/2022,Wind,1307,21,22,229
12/8/2020,Wind,2686,11,12,343
3/24/2020,Wind,6628,1,2,84
7/21/2023,Solar,8927,14,15,202
6/28/2023,Wind,2630,0,1,179
9/14/2022,Solar,5716,12,13,257
5/29/2020,Wind,7953,15,16,150
8/19/2022,Wind,7064,17,18,231
8/17/2025,Wind,6032,4,5,229
4/1/2025,Wind,13004,17,18,91
10/13/2024,Wind,2980,9,10,287
4/5/2022,Wind,9346,12,13,95
4/29/2021,Solar,4221,14,15,119
2/25/2023,Wind,9931,14,15,56
7/19/2023,Wind,11158,17,18,200
10/10/2022,Wind,4732,1,2,283
4/17/2021,Wind,4306,0,1,107
12/21/2021,Wind,3015,20,21,355
4/22/2021,Wind,6303,21,22,112
11/23/2025,Wind,10653,17,18,327
6/11/2024,Wind,1874,5,6,163
5/27/2024,Wind,3315,20,21,148
9/28/2020,Wind,4208,19,20,272
8/7/2023,Wind,3593,3,4,219
3/29/2021,Wind,2491,22,23,88
5/22/2021,Wind,5778,21,22,142
11/19/2021,Solar,3318,14,15,323
1/27/2025,Wind,18096,5,6,27
8/13/2025,Solar,4027,9,10,225
9/14/2021,Wind,3219,17,18,257
5/8/2022,Wind,4076,2,3,128
7/3/2022,Wind,1530,2,3,184
7/24/2021,Wind,5890,0,1,205
11/21/2022,Wind,7993,0,1,325
4/5/2023,Solar,5948,10,11,95
8/11/2025,Solar,11543,14,15,223
7/13/2021,Wind,5885,11,12,194
9/19/2022,Wind,2502,6,7,262
12/5/2024,Wind,15699,17,18,340
11/1/2025,Wind,14047,9,10,305
11/17/2025,Wind,5317,3,4,321
8/16/2020,Wind,1759,20,21,229
1/22/2023,Wind,7106,12,13,22
5/24/2025,Wind,13001,17,18,144
1/21/2021,Wind,12248,12,13,21
7/17/2023,Solar,7791,11,12,198
10/28/2022,Wind,8983,10,11,301
7/8/2021,Wind,1738,0,1,189
6/6/2021,Wind,2910,19,20,157
9/12/2025,Wind,10052,2,3,255
10/13/2024,Solar,5251,15,16,287
2/13/2023,Wind,3438,5,6,44
4/21/2023,Solar,7315,16,17,111
12/22/2024,Wind,18507,4,5,357
6/11/2020,Wind,3890,19,20,163
10/17/2021,Wind,1793,4,5,290
4/7/2022,Wind,16777,9,10,97
11/25/2024,Wind,6360,19,20,330
5/30/2024,Wind,11924,14,15,151
11/19/2023,Wind,17043,14,15,323
2/4/2024,Wind,8328,20,21,35
9/23/2022,Wind,505,4,5,266
5/17/2023,Wind,13945,15,16,137
5/2/2024,Wind,9680,23,0,123
9/21/2025,Solar,4035,12,13,264
8/28/2025,Wind,12192,13,14,240
1/15/2023,Wind,14920,18,19,15
3/30/2024,Wind,4270,0,1,90
11/27/2024,Wind,8974,1,2,332
3/11/2022,Wind,12227,8,9,70
8/27/2022,Wind,4610,23,0,239
11/9/2025,Wind,4511,16,17,313
4/3/2021,Wind,9279,2,3,93
7/5/2022,Solar,7173,12,13,186
10/2/2020,Wind,4517,16,17,276
3/3/2024,Wind,4860,19,20,63
10/30/2020,Wind,2173,22,23,304
1/29/2025,Wind,14188,13,14,29
6/7/2025,Wind,5372,2,3,158
7/17/2022,Wind,5437,4,5,198
9/21/2021,Wind,3038,2,3,264
8/21/2022,Solar,5244,15,16,233
10/28/2022,Wind,7785,1,2,301
3/14/2025,Wind,2246,1,2,73
4/22/2024,Wind,4362,23,0,113
8/15/2021,Solar,6192,14,15,227
11/1/2023,Wind,12856,8,9,305
12/19/2024,Wind,17699,5,6,354
9/15/2024,Solar,6259,14,15,259
7/1/2022,Solar,7548,14,15,182
1/11/2020,Wind,2401,4,5,11
9/7/2021,Solar,7947,14,15,250
12/4/2022,Wind,708,23,0,338
7/27/2025,Solar,8163,11,12,208
3/19/2022,Wind,11419,3,4,78
6/13/2023,Solar,7666,12,13,164
10/31/2020,Wind,9419,15,16,305
6/19/2023,Wind,1407,6,7,170
5/15/2023,Wind,7719,23,0,135
3/16/2021,Wind,6005,19,20,75
6/12/2023,Solar,4747,17,18,163
7/3/2020,Wind,2958,21,22,185
6/19/2025,Wind,5164,20,21,170
2/12/2020,Wind,8307,7,8,43
9/7/2024,Wind,4461,19,20,251
12/17/2020,Wind,2892,17,18,352
10/4/2021,Wind,6535,22,23,277
2/27/2021,Wind,5900,6,7,58
12/14/2022,Wind,1972,2,3,348
1/1/2024,Wind,15228,1,2,1
7/25/2023,Wind,2896,22,23,206
7/18/2022,Wind,4324,8,9,199
5/10/2021,Wind,9543,10,11,130
11/8/2021,Solar,4759,12,13,312
12/10/2022,Wind,1514,5,6,344
6/25/2020,Solar,3179,17,18,177
11/29/2020,Wind,4361,2,3,334
8/5/2023,Wind,2376,4,5,217
10/12/2020,Wind,3229,2,3,286
1/13/2021,Wind,9862,17,18,13
4/20/2022,Wind,4403,22,23,110
3/6/2020,Wind,7635,7,8,66
1/15/2021,Wind,8913,0,1,15
2/16/2022,Wind,13892,0,1,47
4/2/2021,Wind,12278,18,19,92
11/24/2021,Wind,2080,20,21,328
9/18/2022,Solar,11642,13,14,261
8/5/2025,Wind,11488,18,19,217
4/16/2022,Solar,9283,11,12,106
5/2/2024,Wind,11202,20,21,123
12/1/2022,Wind,4364,8,9,335
9/17/2023,Solar,7328,12,13,260
6/21/2025,Solar,10245,13,14,172
5/27/2020,Wind,3501,5,6,148
2/27/2021,Wind,10738,16,17,58
3/26/2024,Wind,8154,21,22,86
8/26/2022,Solar,6095,16,17,238
7/13/2022,Wind,1816,21,22,194
1/23/2020,Wind,5026,6,7,23
8/17/2020,Wind,1942,7,8,230
3/26/2020,Wind,7178,9,10,86
3/6/2024,Wind,1843,21,22,66
4/30/2025,Wind,5987,23,0,120
2/14/2020,Wind,3792,7,8,45
8/26/2022,Wind,4553,18,19,238
4/22/2025,Wind,1187,6,7,112
12/1/2022,Wind,3675,17,18,335
2/5/2025,Solar,6610,13,14,36
1/30/2022,Wind,1434,17,18,30
9/29/2021,Wind,3641,21,22,272
5/13/2024,Wind,1884,6,7,134
8/30/2020,Wind,3777,21,22,243
7/11/2020,Solar,5785,16,17,193
9/29/2025,Solar,8857,12,13,272
6/28/2024,Solar,3771,8,9,180
5/9/2020,Solar,3231,11,12,130
5/22/2024,Wind,4870,19,20,143
7/3/2020,Wind,2944,8,9,185
11/23/2020,Solar,1643,15,16,328
2/24/2022,Wind,3851,1,2,55
3/7/2025,Wind,9990,7,8,66
5/26/2020,Wind,3338,6,7,147
1/12/2023,Wind,16699,9,10,12
11/30/2021,Wind,13024,10,11,334
6/19/2022,Wind,10066,3,4,170
12/7/2022,Wind,2196,7,8,341
7/21/2022,Wind,2858,23,0,202
5/17/2025,Wind,3077,22,23,137
12/15/2024,Wind,9775,21,22,350
9/28/2020,Wind,4092,22,23,272
3/5/2022,Solar,5186,11,12,64
7/4/2025,Solar,10562,12,13,185
6/20/2024,Wind,4917,5,6,172
2/4/2022,Wind,6944,19,20,35
1/18/2020,Wind,2843,10,11,18
5/26/2021,Wind,2353,21,22,146
10/30/2024,Wind,2071,7,8,304
8/18/2020,Wind,1283,2,3,231
5/23/2022,Wind,9217,13,14,143
4/28/2025,Wind,3069,3,4,118
7/9/2024,Wind,5209,4,5,191
10/20/2025,Wind,17333,17,18,293
3/9/2020,Wind,9648,12,13,69
3/14/2025,Wind,2194,2,3,73
9/16/2020,Wind,526,6,7,260
6/26/2023,Solar,10618,14,15,177
5/6/2025,Wind,8761,14,15,126
10/27/2024,Wind,1944,3,4,301
9/6/2024,Wind,1511,4,5,250
10/18/2020,Wind,583,3,4,292
8/12/2020,Solar,4536,14,15,225
7/14/2021,Wind,7745,23,0,195
1/21/2024,Wind,14443,10,11,21
6/19/2024,Wind,3425,2,3,171
9/22/2024,Wind,3299,22,23,266
1/6/2022,Wind,7422,21,22,6
1/3/2020,Wind,9189,10,11,3
1/21/2023,Wind,6960,3,4,21
9/4/2021,Solar,3636,16,17,247
6/19/2021,Solar,4390,14,15,170
4/11/2021,Wind,4255,0,1,101
3/13/2021,Wind,17323,13,14,72
9/15/2025,Wind,11011,11,12,258
5/9/2024,Wind,4350,1,2,130
8/31/2024,Solar,8366,14,15,244
5/22/2025,Wind,9293,18,19,142
3/30/2021,Solar,5587,15,16,89
4/29/2022,Wind,4703,21,22,119
6/24/2025,Solar,5446,15,16,175
6/19/2022,Wind,10201,2,3,170
4/1/2020,Wind,3836,17,18,92
6/8/2020,Wind,1414,4,5,160
11/13/2025,Wind,11859,19,20,317
10/3/2023,Wind,4989,19,20,276
1/11/2023,Wind,15556,21,22,11
8/20/2024,Wind,3390,1,2,233
3/1/2020,Wind,8968,14,15,61
8/14/2021,Wind,916,21,22,226
12/14/2021,Wind,587,2,3,348
10/27/2024,Wind,1635,1,2,301
7/30/2021,Wind,1469,1,2,211
4/16/2025,Wind,3691,6,7,106
10/4/2020,Wind,7366,0,1,278
12/18/2022,Wind,6077,6,7,352
7/9/2021,Wind,370,21,22,190
1/17/2022,Wind,1397,17,18,17
2/10/2025,Wind,3221,1,2,41
7/23/2023,Wind,9714,15,16,204
5/1/2020,Wind,6913,5,6,122
5/12/2023,Wind,5556,18,19,132
12/21/2022,Wind,11825,19,20,355
1/4/2020,Wind,4479,10,11,4
7/14/2021,Wind,8231,17,18,195
7/8/2025,Wind,2398,21,22,189
5/31/2025,Wind,837,1,2,151
9/17/2025,Wind,4458,8,9,260
5/10/2022,Wind,2140,21,22,130
3/31/2023,Wind,19093,18,19,90
10/4/2024,Wind,2882,23,0,278
2/4/2021,Wind,4372,2,3,35
1/3/2020,Wind,9534,11,12,3
8/31/2020,Wind,1614,23,0,244
9/8/2025,Solar,3178,9,10,251
11/11/2022,Wind,3699,18,19,315
10/21/2024,Solar,8393,15,16,295
7/4/2022,Solar,6170,15,16,185
2/1/2025,Wind,3863,2,3,32
5/23/2022,Wind,8430,12,13,143
6/20/2025,Solar,5469,8,9,171
5/22/2020,Solar,6982,13,14,143
1/1/2022,Wind,5385,23,0,1
10/29/2022,Wind,7385,8,9,302
1/3/2025,Wind,3446,22,23,3
3/29/2021,Wind,3859,4,5,88
1/24/2021,Wind,9132,13,14,24
10/6/2021,Wind,8232,6,7,279
11/26/2023,Wind,3911,15,16,330
5/28/2022,Solar,5809,9,10,148
2/5/2024,Wind,7263,4,5,36
1/28/2025,Wind,18356,7,8,28
2/22/2023,Wind,2037,17,18,53
2/17/2024,Wind,3267,1,2,48
10/3/2022,Wind,1692,22,23,276
11/25/2021,Wind,2854,17,18,329
2/24/2025,Wind,15434,10,11,55
11/20/2021,Wind,1106,8,9,324
8/20/2025,Wind,2739,2,3,232
11/14/2020,Wind,10406,18,19,319
7/23/2025,Solar,6403,16,17,204
9/29/2021,Wind,3738,20,21,272
1/23/2024,Wind,17177,20,21,23
4/10/2025,Solar,11510,11,12,100
12/24/2024,Wind,4716,0,1,359
8/15/2025,Solar,10700,15,16,227
6/3/2024,Solar,3377,8,9,155
1/10/2025,Wind,4208,0,1,10
5/28/2020,Wind,3834,7,8,149
2/2/2024,Wind,5384,6,7,33
4/15/2021,Wind,5298,1,2,105
7/16/2023,Wind,10971,1,2,197
7/4/2022,Wind,3402,0,1,185
12/15/2022,Wind,8325,18,19,349
5/31/2020,Wind,8072,13,14,152
11/8/2020,Wind,3896,9,10,313
7/25/2021,Wind,5701,10,11,206
2/15/2020,Wind,10164,17,18,46
5/22/2023,Wind,4807,20,21,142
6/20/2024,Wind,2123,21,22,172
1/24/2022,Wind,3018,7,8,24
8/30/2021,Wind,4985,23,0,242
10/7/2021,Solar,5955,14,15,280
6/18/2020,Solar,5121,14,15,170
2/17/2020,Wind,6130,5,6,48
3/30/2020,Wind,11994,1,2,90
7/3/2025,Wind,5437,8,9,184
12/10/2021,Wind,13856,16,17,344
3/8/2023,Wind,15972,11,12,67
7/31/2025,Wind,6732,19,20,212
5/27/2023,Wind,8791,0,1,147
10/29/2023,Wind,14125,5,6,302
4/21/2024,Wind,7076,8,9,112
11/30/2025,Wind,4801,8,9,334
1/23/2022,Wind,4009,19,20,23
12/10/2024,Wind,9960,3,4,345
7/16/2022,Solar,8810,13,14,197
8/23/2020,Wind,8621,15,16,236
10/20/2021,Wind,13349,10,11,293
5/5/2023,Solar,8234,12,13,125
5/28/2020,Solar,7312,13,14,149
12/23/2022,Wind,9829,8,9,357
9/10/2025,Wind,6743,16,17,253
1/1/2023,Wind,12955,22,23,1
5/30/2024,Wind,5756,23,0,151
11/7/2024,Wind,2897,17,18,312
6/30/2024,Wind,4150,19,20,182
7/26/2020,Wind,4286,2,3,208
11/1/2024,Wind,695,2,3,306
4/5/2024,Wind,8961,3,4,96
11/16/2020,Wind,4496,18,19,321
12/15/2022,Wind,6526,13,14,349
10/12/2021,Solar,5020,11,12,285
6/25/2020,Wind,3496,4,5,177
6/21/2023,Solar,2516,18,19,172
4/17/2025,Solar,7819,16,17,107
3/7/2024,Wind,12265,22,23,67
8/1/2025,Wind,4475,21,22,213
9/13/2025,Wind,13818,12,13,256
7/8/2025,Wind,6101,7,8,189
3/14/2023,Wind,16522,7,8,73
7/17/2023,Wind,3144,0,1,198
7/24/2023,Wind,3610,21,22,205
5/1/2022,Solar,6259,15,16,121
10/16/2021,Wind,1687,1,2,289
7/19/2020,Wind,1362,1,2,201
9/22/2024,Wind,3775,8,9,266
7/27/2021,Wind,1578,6,7,208
1/23/2020,Wind,6707,2,3,23
7/7/2023,Solar,8342,11,12,188
1/23/2022,Wind,3207,9,10,23
5/2/2020,Wind,4667,9,10,123
6/22/2022,Wind,3806,2,3,173
8/15/2024,Wind,1851,1,2,228
10/4/2021,Wind,6267,17,18,277
1/21/2023,Wind,10389,14,15,21
10/5/2021,Wind,12707,16,17,278
4/8/2025,Wind,5079,22,23,98
8/16/2021,Wind,4749,6,7,228
1/18/2020,Wind,4645,5,6,18
8/16/2021,Wind,5046,7,8,228
1/5/2025,Wind,18488,18,19,5
10/25/2020,Wind,7800,5,6,299
6/11/2022,Solar,5797,11,12,162
5/9/2024,Wind,3436,6,7,130
7/7/2024,Wind,3000,20,21,189
7/11/2023,Solar,9794,14,15,192
6/16/2020,Wind,1450,21,22,168
10/22/2022,Solar,6219,12,13,295
6/22/2022,Solar,5622,13,14,173
6/12/2020,Wind,4969,18,19,164
3/29/2024,Wind,13290,11,12,89
12/27/2020,Wind,13159,12,13,362
7/1/2021,Solar,5041,14,15,182
8/4/2025,Wind,3303,3,4,216
12/2/2021,Wind,4964,19,20,336
4/24/2023,Wind,10534,14,15,114
9/15/2022,Wind,2156,23,0,258
12/12/2022,Wind,1038,6,7,346
12/11/2022,Wind,2415,6,7,345
5/30/2021,Wind,5191,23,0,150
6/7/2022,Wind,3487,20,21,158
12/20/2021,Wind,3377,23,0,354
10/26/2025,Wind,10453,1,2,299
4/2/2023,Wind,10121,8,9,92
4/26/2020,Wind,466,20,21,117
4/19/2021,Solar,2735,9,10,109
3/1/2021,Wind,5349,8,9,60
8/26/2023,Wind,5041,17,18,238
9/23/2024,Wind,4634,8,9,267
3/21/2023,Wind,8241,16,17,80
7/29/2020,Solar,3483,11,12,211
11/14/2024,Wind,4003,0,1,319
8/5/2020,Wind,1003,2,3,218
7/15/2020,Wind,1905,8,9,197
4/24/2023,Wind,8273,5,6,114
6/13/2020,Wind,2926,8,9,165
1/4/2020,Wind,2983,18,19,4
6/25/2024,Wind,3497,6,7,177
1/12/2022,Solar,4731,14,15,12
8/19/2025,Wind,3579,21,22,231
6/28/2020,Wind,4765,0,1,180
3/8/2025,Wind,10878,6,7,67
9/6/2024,Wind,2426,6,7,250
5/31/2024,Wind,11737,12,13,152
6/1/2020,Wind,4261,17,18,153
11/2/2020,Wind,13394,12,13,307
4/11/2023,Wind,9998,12,13,101
3/1/2021,Wind,5776,1,2,60
2/24/2020,Wind,10814,18,19,55
9/15/2025,Wind,9831,2,3,258
5/23/2023,Wind,10411,18,19,143
3/4/2021,Wind,3114,21,22,63
3/20/2022,Wind,4720,6,7,79
6/21/2025,Solar,9972,14,15,172
8/12/2023,Wind,1660,4,5,224
2/11/2021,Wind,8606,14,15,42
12/16/2020,Wind,6819,8,9,351
1/23/2022,Wind,4428,10,11,23
8/22/2021,Wind,2991,23,0,234
10/27/2024,Solar,3213,14,15,301
9/8/2025,Solar,6498,12,13,251
2/27/2024,Wind,13652,1,2,58
2/2/2025,Wind,1296,19,20,33
11/19/2022,Wind,2689,8,9,323
1/10/2023,Wind,14924,19,20,10
12/26/2021,Wind,4021,10,11,360
7/26/2021,Wind,6326,17,18,207
7/10/2023,Solar,2252,8,9,191
3/18/2022,Wind,6520,1,2,77
3/26/2024,Wind,4088,6,7,86
12/25/2021,Wind,1761,10,11,359
3/9/2025,Wind,9371,4,5,68
11/21/2025,Wind,3561,22,23,325
8/28/2024,Solar,8271,11,12,241
4/9/2022,Wind,3140,7,8,99
8/27/2025,Wind,9935,13,14,239
7/24/2024,Solar,8396,14,15,206
12/1/2021,Wind,13696,3,4,335
10/2/2022,Wind,11081,14,15,275
6/2/2021,Wind,5123,18,19,153
8/25/2025,Wind,4994,0,1,237
6/21/2025,Solar,7971,10,11,172
6/20/2023,Wind,1043,23,0,171
8/9/2022,Solar,9212,11,12,221
5/7/2024,Wind,2917,0,1,128
2/20/2023,Wind,3125,0,1,51
10/17/2023,Wind,7154,7,8,290
12/18/2020,Wind,5875,4,5,353
5/29/2020,Wind,7583,16,17,150
8/14/2023,Solar,9682,14,15,226
5/4/2021,Wind,14449,15,16,124
3/1/2021,Wind,5489,9,10,60
2/4/2025,Wind,4150,17,18,35
5/20/2023,Wind,9396,16,17,140
2/20/2021,Wind,11021,6,7,51
6/8/2023,Wind,4890,23,0,159
8/11/2021,Solar,1398,8,9,223
4/16/2022,Wind,5425,1,2,106
2/22/2020,Wind,11215,15,16,53
9/20/2020,Wind,1430,5,6,264
7/26/2025,Solar,12297,16,17,207
7/7/2020,Solar,4966,16,17,189
10/14/2024,Wind,4181,7,8,288
1/10/2021,Wind,4787,12,13,10
5/26/2020,Solar,7674,13,14,147
6/11/2022,Solar,4978,10,11,162
11/15/2021,Wind,3192,3,4,319
2/17/2024,Wind,2933,2,3,48
8/4/2021,Wind,1904,20,21,216
2/24/2022,Wind,4560,4,5,55
4/25/2021,Wind,10672,16,17,115
10/10/2022,Solar,4814,15,16,283
6/7/2020,Solar,4010,13,14,159
3/20/2023,Wind,1961,21,22,79
4/16/2022,Wind,6468,19,20,106
2/21/2023,Wind,1282,19,20,52
9/16/2025,Wind,13417,10,11,259
10/15/2025,Solar,8271,11,12,288
4/30/2022,Wind,4404,2,3,120
3/16/2023,Wind,12494,13,14,75
6/18/2020,Solar,4693,13,14,170
5/13/2022,Solar,5938,11,12,133
11/5/2020,Wind,6089,11,12,310
4/29/2025,Solar,6311,15,16,119
5/4/2023,Wind,3643,23,0,124
11/17/2025,Wind,5025,0,1,321
7/1/2021,Wind,651,5,6,182
3/15/2023,Solar,6484,11,12,74
9/15/2023,Solar,5974,10,11,258
12/22/2023,Wind,13587,23,0,356
3/22/2021,Wind,4054,4,5,81
12/12/2022,Wind,6733,22,23,346
9/3/2023,Solar,7094,11,12,246
11/9/2021,Wind,1819,0,1,313
1/17/2021,Wind,7552,12,13,17
6/21/2023,Wind,1637,7,8,172
5/20/2021,Wind,9869,18,19,140
4/16/2021,Wind,4456,7,8,106
12/17/2022,Wind,3658,9,10,351
5/8/2022,Wind,3605,6,7,128
12/22/2022,Wind,14188,12,13,356
7/11/2021,Solar,1524,19,20,192
1/27/2020,Wind,11841,23,0,27
6/15/2020,Solar,5662,14,15,167
1/17/2020,Wind,7060,19,20,17
8/8/2025,Wind,1377,21,22,220
12/22/2023,Wind,16098,3,4,356
10/22/2025,Solar,7599,14,15,295
5/21/2023,Wind,5316,11,12,141
6/14/2025,Wind,2727,23,0,165
7/7/2025,Wind,7413,8,9,188
1/9/2024,Wind,7152,13,14,9
1/21/2021,Wind,11117,5,6,21
3/28/2024,Wind,14268,0,1,88
3/24/2024,Wind,14489,9,10,84
5/11/2022,Wind,3997,7,8,131
6/20/2021,Wind,3126,19,20,171
12/23/2020,Wind,11166,13,14,358
4/14/2024,Solar,3777,11,12,105
10/17/2025,Wind,5705,1,2,290
8/24/2023,Wind,3806,5,6,236
10/5/2022,Wind,6523,22,23,278
3/4/2025,Wind,2922,22,23,63
6/15/2021,Wind,2375,1,2,166
6/27/2020,Wind,11830,14,15,179
1/22/2020,Wind,6702,23,0,22
9/1/2023,Wind,4962,0,1,244
7/27/2024,Wind,942,7,8,209
9/12/2024,Solar,11222,13,14,256
9/5/2022,Wind,5367,22,23,248
6/22/2022,Wind,2962,19,20,173
9/6/2023,Wind,2356,7,8,249
8/26/2020,Wind,1950,23,0,239
2/19/2021,Wind,4981,6,7,50
6/14/2022,Solar,6715,14,15,165
2/22/2020,Wind,12629,13,14,53
9/14/2022,Solar,5082,11,12,257
6/15/2024,Wind,11056,13,14,167
1/1/2023,Wind,9266,7,8,1
9/5/2021,Solar,2963,17,18,248
11/24/2023,Wind,9503,23,0,328
5/26/2024,Wind,3450,0,1,147
9/23/2025,Wind,4925,4,5,266
8/28/2022,Wind,3796,5,6,240
11/17/2023,Wind,4902,4,5,321
12/15/2024,Wind,9874,12,13,350
8/22/2020,Wind,10771,17,18,235
10/3/2020,Wind,2954,2,3,277
6/4/2024,Wind,4507,22,23,156
5/3/2024,Solar,10504,15,16,124
2/6/2020,Solar,4762,11,12,37
1/19/2025,Wind,931,3,4,19
7/6/2021,Wind,11191,15,16,187
8/12/2020,Solar,3755,11,12,225
2/3/2024,Wind,7803,12,13,34
10/7/2025,Solar,3821,9,10,280
10/19/2024,Wind,10146,13,14,293
10/28/2025,Wind,11254,3,4,301
8/11/2021,Wind,438,21,22,223
2/5/2024,Wind,8550,22,23,36
9/28/2022,Wind,2524,23,0,271
12/18/2024,Wind,15129,8,9,353
2/6/2022,Wind,13175,2,3,37
10/12/2022,Wind,584,8,9,285
7/26/2022,Wind,2482,21,22,207
5/28/2021,Solar,5503,14,15,148
9/13/2023,Wind,1538,19,20,256
10/29/2025,Wind,7794,11,12,302
7/2/2024,Solar,8030,13,14,184
12/4/2024,Wind,6973,23,0,339
4/14/2021,Wind,4020,1,2,104
2/4/2023,Solar,4372,10,11,35
9/17/2023,Wind,2904,3,4,260
4/19/2023,Wind,7469,4,5,109
5/29/2021,Wind,2960,3,4,149
5/5/2025,Wind,12112,9,10,125
6/22/2024,Wind,4950,0,1,174
5/9/2020,Wind,2119,18,19,130
3/27/2025,Wind,3241,18,19,86
3/5/2022,Wind,2368,7,8,64
5/15/2020,Wind,7692,2,3,136
10/15/2022,Wind,11169,9,10,288
7/5/2023,Wind,9980,5,6,186
3/18/2022,Wind,9550,9,10,77
1/15/2022,Solar,3590,11,12,15
10/21/2022,Wind,8623,12,13,294
10/1/2021,Wind,5384,18,19,274
9/15/2023,Solar,6137,16,17,258
5/18/2022,Wind,1431,6,7,138
1/26/2025,Wind,10617,7,8,26
4/6/2021,Wind,4973,4,5,96
6/5/2024,Solar,8338,15,16,157
5/27/2023,Solar,7001,16,17,147
10/7/2023,Solar,8412,14,15,280
6/19/2025,Wind,6656,23,0,170
7/14/2020,Solar,5502,16,17,196
1/30/2025,Wind,6843,9,10,30
4/18/2020,Solar,2403,10,11,109
5/1/2020,Wind,7607,20,21,122
12/17/2024,Wind,2584,7,8,352
10/20/2021,Wind,11312,2,3,293
1/19/2025,Solar,4287,13,14,19
1/19/2020,Wind,7168,12,13,19
4/3/2022,Wind,8072,12,13,93
11/26/2022,Wind,4098,16,17,330
4/6/2024,Wind,11113,11,12,97
6/29/2024,Wind,4606,9,10,181
6/21/2022,Solar,4725,13,14,172
5/24/2021,Wind,7606,7,8,144
7/19/2025,Wind,3591,22,23,200
1/24/2023,Wind,7138,6,7,24
1/5/2023,Wind,8718,5,6,5
3/31/2024,Wind,12871,15,16,91
10/20/2021,Wind,10723,4,5,293
10/8/2020,Wind,10734,16,17,282
11/22/2025,Wind,4238,4,5,326
2/9/2021,Wind,1690,7,8,40
12/11/2022,Wind,2435,4,5,345
10/2/2022,Wind,8595,10,11,275
12/11/2021,Wind,4734,21,22,345
1/29/2025,Wind,7676,19,20,29
10/17/2024,Wind,3148,16,17,291
2/15/2020,Wind,9345,10,11,46
8/30/2021,Wind,7498,17,18,242
12/1/2022,Wind,3707,2,3,335
9/24/2023,Wind,6907,23,0,267
1/29/2020,Wind,8170,5,6,29
6/27/2025,Wind,3718,0,1,178
3/23/2020,Wind,7815,20,21,83
6/3/2024,Solar,6838,11,12,155
6/3/2020,Wind,4054,21,22,155
3/15/2024,Wind,11551,22,23,75
5/6/2020,Wind,2902,1,2,127
6/20/2022,Wind,4120,8,9,171
8/4/2022,Wind,2352,8,9,216
6/5/2025,Wind,3520,2,3,156
5/22/2024,Wind,3246,21,22,143
5/31/2021,Solar,8251,12,13,151
5/17/2025,Solar,5091,16,17,137
6/8/2023,Wind,4963,3,4,159
6/10/2020,Solar,3476,13,14,162
4/6/2021,Wind,4483,7,8,96
5/12/2020,Wind,5427,13,14,133
10/22/2021,Wind,7756,13,14,295
10/25/2020,Wind,5286,20,21,299
11/10/2024,Solar,2337,9,10,315
8/27/2020,Wind,746,3,4,240
12/8/2020,Wind,2927,13,14,343
2/25/2020,Wind,11340,19,20,56
5/25/2025,Wind,7827,22,23,145
10/29/2024,Wind,2469,8,9,303
6/12/2023,Wind,1550,2,3,163
6/11/2022,Solar,3464,18,19,162
10/14/2024,Wind,4669,9,10,288
11/29/2023,Wind,3138,7,8,333
5/11/2023,Wind,3543,19,20,131
5/30/2022,Wind,3358,5,6,150
4/20/2023,Wind,9578,1,2,110
10/26/2025,Wind,14457,15,16,299
6/3/2021,Solar,4373,12,13,154
5/9/2022,Solar,1377,19,20,129
12/20/2021,Wind,3033,3,4,354
10/9/2023,Wind,1355,6,7,282
9/15/2023,Wind,3113,0,1,258
9/8/2023,Wind,1193,5,6,251
6/24/2020,Wind,4927,3,4,176
11/30/2024,Wind,4784,2,3,335
4/14/2025,Wind,625,4,5,104
8/13/2021,Wind,1385,1,2,225
7/6/2021,Wind,3252,20,21,187
5/2/2020,Wind,4527,6,7,123
9/25/2021,Wind,1626,7,8,268
9/13/2025,Wind,5473,23,0,256
5/3/2022,Wind,3913,20,21,123
5/31/2022,Wind,629,6,7,151
4/4/2021,Wind,1822,20,21,94
5/2/2022,Solar,6399,14,15,122
4/22/2022,Wind,4924,6,7,112
12/6/2021,Wind,6810,13,14,340
12/11/2021,Wind,7205,4,5,345
2/28/2025,Wind,4602,2,3,59
2/9/2023,Wind,2302,0,1,40
10/16/2020,Wind,4771,12,13,290
10/17/2023,Wind,9601,19,20,290
10/21/2025,Wind,16078,0,1,294
11/7/2023,Wind,10062,15,16,311
10/30/2025,Wind,7973,20,21,303
10/19/2020,Wind,1282,1,2,293
9/8/2023,Wind,1364,0,1,251
10/19/2025,Wind,12954,18,19,292
11/13/2022,Solar,2623,15,16,317
2/24/2021,Wind,6614,23,0,55
4/16/2023,Solar,10098,14,15,106
8/19/2024,Wind,2334,21,22,232
3/1/2024,Wind,13391,20,21,61
4/25/2025,Wind,5109,23,0,115
6/5/2025,Wind,2919,0,1,156
5/4/2024,Wind,3018,20,21,125
8/19/2023,Solar,5543,17,18,231
3/21/2024,Solar,3781,9,10,81
4/5/2021,Wind,3111,1,2,95
5/19/2021,Wind,3897,22,23,139
12/21/2023,Wind,14043,3,4,355
2/22/2025,Wind,10381,4,5,53
2/7/2021,Wind,1739,23,0,38
5/10/2025,Wind,7169,6,7,130
2/25/2025,Wind,13221,14,15,56
7/2/2024,Wind,2993,2,3,184
5/25/2023,Wind,7649,6,7,145
4/13/2022,Solar,3243,16,17,103
2/15/2025,Wind,3681,18,19,46
4/19/2022,Wind,2287,5,6,109
2/14/2021,Wind,10047,23,0,45
1/13/2024,Wind,2005,2,3,13
6/23/2024,Wind,1679,21,22,175
6/23/2023,Wind,2045,22,23,174
12/13/2022,Wind,2696,16,17,347
10/3/2023,Wind,4434,20,21,276
7/13/2023,Solar,9653,15,16,194
4/19/2020,Wind,4146,17,18,110
12/1/2022,Wind,3999,19,20,335
6/23/2025,Wind,9992,19,20,174
9/8/2020,Wind,1554,1,2,252
7/3/2024,Wind,9354,18,19,185
7/25/2025,Wind,2035,3,4,206
6/20/2021,Solar,3778,10,11,171
5/31/2023,Wind,7123,8,9,151
5/1/2021,Solar,3323,11,12,121
4/2/2023,Wind,12812,12,13,92
1/8/2022,Wind,10733,10,11,8
2/23/2024,Wind,16191,13,14,54
1/22/2021,Wind,3817,17,18,22
7/5/2025,Wind,2489,4,5,186
4/18/2024,Solar,8623,12,13,109
10/24/2024,Wind,6796,0,1,298
8/8/2023,Wind,2582,22,23,220
1/13/2020,Wind,9926,17,18,13
6/27/2025,Solar,11541,13,14,178
7/1/2024,Wind,1695,5,6,183
5/11/2024,Wind,3472,21,22,132
9/7/2025,Wind,7231,14,15,250
11/19/2023,Wind,17786,13,14,323
12/11/2020,Wind,6188,18,19,346
8/28/2020,Wind,4524,5,6,241
2/4/2025,Solar,8211,13,14,35
2/9/2020,Wind,11052,5,6,40
4/13/2022,Wind,1227,5,6,103
10/24/2021,Wind,3438,22,23,297
10/24/2024,Wind,6302,5,6,298
2/16/2023,Wind,4250,6,7,47
6/11/2024,Wind,1800,4,5,163
10/16/2020,Wind,1207,23,0,290
6/28/2020,Wind,4867,3,4,180
3/23/2024,Wind,12855,11,12,83
8/13/2025,Wind,1056,3,4,225
7/4/2022,Wind,3580,1,2,185
4/18/2022,Solar,5600,15,16,108
8/18/2025,Solar,7367,16,17,230
11/17/2024,Wind,4964,18,19,322
4/30/2023,Wind,1696,23,0,120
3/20/2020,Wind,3316,2,3,80
12/15/2023,Solar,4274,12,13,349
11/28/2021,Wind,10375,13,14,332
10/31/2025,Wind,15246,21,22,304
10/5/2022,Wind,14483,12,13,278
6/23/2025,Wind,11567,10,11,174
3/1/2023,Wind,7450,18,19,60
12/12/2022,Wind,3288,10,11,346
11/12/2021,Wind,3879,15,16,316
12/21/2023,Wind,19358,12,13,355
10/25/2024,Wind,6941,2,3,299
2/24/2023,Wind,3224,18,19,55
7/8/2022,Solar,7531,11,12,189
11/8/2020,Wind,4275,1,2,313
11/1/2021,Wind,9125,0,1,305
11/23/2024,Wind,8044,0,1,328
12/23/2024,Wind,17108,5,6,358
11/15/2023,Wind,4402,21,22,319
7/29/2020,Solar,4027,13,14,211
3/1/2020,Wind,8574,16,17,61
12/16/2020,Wind,8045,10,11,351
11/2/2021,Wind,4888,4,5,306
11/9/2020,Wind,3308,9,10,314
10/4/2023,Wind,2628,4,5,277
2/16/2024,Wind,4567,22,23,47
3/21/2020,Wind,10973,11,12,81
8/8/2021,Wind,5042,5,6,220
5/29/2021,Wind,2581,5,6,149
9/8/2023,Solar,7239,14,15,251
1/16/2024,Wind,1868,2,3,16
6/26/2025,Wind,4580,21,22,177
9/28/2021,Wind,1599,5,6,271
3/6/2020,Wind,10808,2,3,66
10/10/2021,Wind,1374,5,6,283
6/7/2025,Wind,13408,18,19,158
12/2/2023,Solar,4402,11,12,336
6/9/2020,Wind,2462,20,21,161
7/14/2025,Wind,8818,19,20,195
2/5/2021,Wind,2566,21,22,36
2/2/2023,Wind,7011,21,22,33
5/26/2023,Solar,11645,16,17,146
8/3/2024,Solar,10343,14,15,216
10/14/2022,Wind,3451,0,1,287
8/12/2025,Solar,10561,12,13,224
3/28/2022,Wind,1693,7,8,87
5/2/2025,Wind,3410,4,5,122
4/13/2025,Wind,5953,17,18,103
10/9/2020,Wind,3453,21,22,283
8/6/2025,Wind,3916,2,3,218
6/11/2021,Wind,2176,21,22,162
6/19/2020,Solar,3181,9,10,171
1/24/2023,Wind,7104,7,8,24
9/15/2020,Wind,833,21,22,259
7/24/2023,Wind,4430,7,8,205
7/6/2025,Wind,14176,16,17,187
4/15/2021,Wind,9189,12,13,105
3/22/2025,Wind,4464,23,0,81
1/4/2024,Wind,11461,11,12,4
2/17/2023,Wind,8100,7,8,48
5/20/2024,Wind,1616,4,5,141
1/27/2024,Wind,5738,10,11,27
8/31/2023,Wind,10018,15,16,243
2/19/2021,Wind,4793,3,4,50
7/8/2021,Solar,5195,14,15,189
5/19/2023,Wind,6367,1,2,139
1/29/2021,Wind,14125,16,17,29
6/1/2022,Wind,2172,20,21,152
4/30/2020,Wind,14234,16,17,121
9/22/2021,Wind,2338,21,22,265
2/2/2024,Wind,4279,4,5,33
7/24/2022,Solar,7307,15,16,205
5/25/2021,Wind,14393,13,14,145
7/17/2023,Wind,2338,7,8,198
6/8/2024,Solar,4101,9,10,160
7/19/2022,Wind,5523,8,9,200
11/16/2020,Wind,9212,10,11,321
2/2/2024,Wind,6383,23,0,33
6/25/2020,Wind,1654,20,21,177
7/10/2025,Wind,3466,22,23,191
6/3/2022,Wind,2794,5,6,154
6/18/2020,Wind,1786,2,3,170
3/21/2024,Wind,2332,4,5,81
4/25/2023,Wind,2739,1,2,115
1/7/2022,Wind,9573,9,10,7
4/18/2023,Wind,12157,12,13,108
3/26/2023,Wind,14251,8,9,85
12/19/2023,Wind,9075,9,10,353
10/26/2022,Wind,6850,0,1,299
6/3/2025,Wind,5477,8,9,154
6/17/2020,Wind,1304,3,4,169
8/29/2025,Wind,8790,3,4,241
2/16/2020,Wind,13620,15,16,47
9/15/2020,Wind,3135,4,5,259
2/7/2022,Solar,6367,14,15,38
9/18/2021,Wind,2374,21,22,261
5/9/2023,Wind,2754,4,5,129
3/18/2024,Solar,3934,9,10,78
1/10/2024,Wind,2707,12,13,10
12/24/2020,Wind,10311,2,3,359
6/10/2024,Wind,7335,8,9,162
11/9/2022,Wind,9198,1,2,313
11/11/2024,Wind,2550,1,2,316
12/5/2022,Wind,1646,19,20,339
1/6/2020,Wind,6114,22,23,6
8/21/2023,Wind,1791,21,22,233
1/12/2020,Wind,4993,17,18,12
10/12/2024,Wind,6137,18,19,286
11/9/2020,Solar,2889,13,14,314
9/13/2022,Wind,2581,0,1,256
3/29/2020,Wind,13630,16,17,89
2/15/2025,Wind,5661,22,23,46
8/27/2025,Wind,2252,0,1,239
7/12/2023,Wind,3539,22,23,193
1/2/2025,Wind,6369,7,8,2
2/19/2021,Wind,6811,9,10,50
9/23/2025,Wind,7896,2,3,266
7/10/2022,Wind,4514,8,9,191
3/26/2021,Wind,3646,5,6,85
10/15/2021,Wind,1575,6,7,288
2/7/2025,Wind,10457,15,16,38
10/10/2025,Wind,3559,18,19,283
6/22/2023,Wind,9514,15,16,173
2/24/2022,Wind,7938,22,23,55
1/15/2025,Wind,3431,16,17,15
7/28/2021,Wind,3354,4,5,209
5/5/2025,Wind,15064,15,16,125
2/12/2023,Wind,4192,21,22,43
10/5/2021,Wind,10165,8,9,278
7/16/2022,Wind,4533,19,20,197
5/2/2023,Solar,8967,16,17,122
5/22/2021,Wind,12712,9,10,142
4/14/2025,Wind,479,6,7,104
8/19/2022,Solar,6190,11,12,231
11/12/2020,Wind,5261,8,9,317
6/5/2020,Wind,3265,2,3,157
8/10/2021,Wind,1248,5,6,222
2/15/2023,Wind,4757,0,1,46
7/26/2021,Solar,5093,11,12,207
2/6/2022,Wind,17304,10,11,37
12/20/2020,Wind,5429,19,20,355
5/29/2024,Wind,11498,13,14,150
3/14/2023,Wind,6322,19,20,73
3/17/2023,Wind,6610,18,19,76
8/8/2020,Wind,1149,5,6,221
5/2/2021,Wind,2502,2,3,122
1/21/2021,Wind,11579,16,17,21
7/4/2020,Wind,3974,2,3,186
8/7/2020,Solar,4514,14,15,220
4/1/2020,Wind,3851,21,22,92
9/15/2022,Wind,1567,6,7,258
2/16/2023,Wind,7146,10,11,47
5/18/2024,Wind,677,0,1,139
12/30/2020,Wind,2807,6,7,365
4/28/2024,Wind,8476,12,13,119
3/23/2021,Solar,3997,15,16,82
11/26/2023,Wind,2638,1,2,330
4/25/2023,Wind,2248,21,22,115
8/24/2021,Wind,9610,11,12,236
1/27/2025,Wind,17504,21,22,27
1/3/2025,Wind,4264,15,16,3
7/3/2022,Wind,3250,23,0,184
4/27/2022,Wind,7424,18,19,117
10/17/2022,Wind,1731,20,21,290
12/24/2024,Wind,2733,20,21,359
7/5/2025,Wind,3504,7,8,186
3/24/2024,Wind,17542,12,13,84
3/5/2021,Wind,5969,9,10,64
4/18/2023,Wind,7377,0,1,108
2/20/2020,Wind,13570,14,15,51
4/22/2023,Wind,4685,21,22,112
6/30/2021,Wind,1138,22,23,181
9/15/2023,Wind,2859,5,6,258
6/27/2021,Wind,1928,19,20,178
12/18/2023,Wind,1983,6,7,352
1/3/2025,Wind,2458,4,5,3
10/11/2025,Wind,3113,2,3,284
9/17/2022,Wind,10338,16,17,260
10/19/2020,Wind,7098,14,15,293
10/10/2024,Wind,7668,7,8,284
4/26/2022,Wind,2225,5,6,116
5/8/2023,Solar,6648,14,15,128
11/11/2021,Wind,380,17,18,315
11/23/2023,Wind,8437,20,21,327
4/27/2025,Solar,5174,17,18,117
9/27/2025,Wind,2138,21,22,270
10/4/2023,Wind,2050,18,19,277
4/3/2022,Wind,4104,6,7,93
8/25/2020,Wind,723,1,2,238
7/17/2022,Wind,4351,23,0,198
10/3/2025,Wind,11301,13,14,276
8/6/2021,Wind,11666,11,12,218
5/14/2021,Wind,6084,10,11,134
4/22/2024,Wind,11441,15,16,113
9/12/2021,Wind,833,3,4,255
5/21/2025,Solar,9175,12,13,141
9/21/2020,Solar,2049,15,16,265
2/7/2021,Wind,3072,20,21,38
8/27/2022,Solar,4302,18,19,239
11/4/2022,Wind,6595,8,9,308
9/18/2022,Wind,4391,21,22,261
6/18/2022,Solar,5292,10,11,169
10/22/2021,Wind,2015,3,4,295
4/29/2020,Wind,9416,12,13,120
2/13/2023,Wind,3717,3,4,44
5/7/2022,Wind,5564,18,19,127
7/4/2021,Wind,932,6,7,185
1/15/2023,Wind,11169,4,5,15
2/16/2023,Wind,6891,18,19,47
8/5/2024,Wind,776,6,7,218
5/16/2021,Wind,5170,1,2,136
3/8/2023,Wind,15041,10,11,67
10/30/2020,Wind,7334,13,14,304
4/26/2021,Wind,7918,10,11,116
7/7/2025,Wind,5004,6,7,188
8/24/2021,Wind,6030,9,10,236
4/1/2022,Wind,10193,0,1,91
8/21/2024,Wind,1351,23,0,234
1/19/2024,Wind,3386,22,23,19
5/24/2021,Wind,12352,12,13,144
5/18/2021,Wind,5826,1,2,138
11/4/2023,Wind,17543,14,15,308
7/14/2024,Solar,2112,9,10,196
3/10/2022,Wind,5077,9,10,69
3/10/2024,Wind,3791,1,2,70
2/28/2021,Wind,6317,23,0,59
4/23/2025,Wind,4602,0,1,113
6/16/2025,Solar,4345,8,9,167
3/26/2021,Wind,4671,7,8,85
8/3/2022,Wind,1048,7,8,215
11/1/2023,Wind,12440,7,8,305
11/21/2022,Wind,10615,12,13,325
9/23/2020,Wind,7077,21,22,267
7/21/2021,Solar,2455,9,10,202
5/25/2025,Wind,7409,23,0,145
1/20/2020,Wind,5481,18,19,20
7/16/2020,Wind,1793,23,0,198
4/11/2025,Wind,4126,3,4,101
7/30/2023,Wind,5343,2,3,211
12/19/2022,Wind,13567,23,0,353
12/4/2024,Wind,1630,2,3,339
6/10/2022,Solar,7582,11,12,161
11/17/2021,Wind,2394,9,10,321
4/24/2022,Wind,2963,3,4,114
5/28/2023,Wind,5726,0,1,148
1/24/2025,Wind,19742,10,11,24
6/8/2023,Solar,8461,11,12,159
11/19/2024,Wind,18100,7,8,324
7/10/2022,Wind,4280,5,6,191
5/15/2022,Wind,4614,7,8,135
9/28/2022,Wind,4568,9,10,271
2/17/2021,Wind,11639,12,13,48
10/9/2024,Wind,12368,12,13,283
6/4/2025,Solar,8787,14,15,155
11/4/2020,Solar,3051,11,12,309
2/26/2022,Wind,5296,8,9,57
3/17/2024,Solar,8354,12,13,77
2/15/2023,Solar,5873,14,15,46
7/31/2020,Wind,3969,8,9,213
4/15/2022,Solar,3210,9,10,105
12/12/2020,Wind,4914,5,6,347
9/2/2022,Wind,2497,8,9,245
3/16/2020,Wind,3407,7,8,76
11/21/2024,Wind,9569,15,16,326
8/7/2021,Wind,3328,3,4,219
2/28/2025,Solar,10622,12,13,59
4/23/2022,Wind,5891,3,4,113
1/7/2025,Wind,14713,4,5,7
10/25/2021,Wind,3138,23,0,298
11/7/2021,Wind,6691,1,2,311
2/4/2021,Wind,3434,19,20,35
2/22/2020,Wind,8062,4,5,53
10/23/2024,Wind,6864,23,0,297
8/17/2023,Wind,2496,0,1,229
3/2/2025,Solar,12215,13,14,61
2/5/2023,Wind,3594,0,1,36
2/7/2024,Wind,17057,7,8,38
6/20/2023,Solar,7992,13,14,171
1/13/2020,Wind,2614,4,5,13
9/22/2024,Wind,4342,2,3,266
8/27/2025,Wind,2306,23,0,239
11/9/2024,Wind,654,22,23,314
1/28/2021,Wind,10801,5,6,28
11/8/2024,Wind,2745,4,5,313
6/27/2024,Solar,4237,9,10,179
2/5/2025,Solar,5425,15,16,36
2/24/2025,Wind,6233,20,21,55
8/9/2022,Solar,10463,14,15,221
8/6/2020,Wind,1316,0,1,219
12/20/2022,Wind,8489,16,17,354
5/6/2022,Solar,6950,13,14,126
5/23/2025,Wind,3630,2,3,143
1/29/2022,Wind,9050,19,20,29
1/8/2023,Wind,11271,4,5,8
12/7/2024,Wind,18470,7,8,342
1/16/2020,Wind,5457,7,8,16
6/8/2022,Wind,10342,17,18,159
5/20/2021,Wind,11590,14,15,140
7/25/2021,Wind,3518,8,9,206
5/7/2020,Solar,4042,15,16,128
3/26/2021,Wind,8689,18,19,85
6/27/2023,Wind,3541,1,2,178
10/24/2024,Wind,6617,1,2,298
8/24/2020,Solar,6376,15,16,237
10/23/2021,Wind,1627,1,2,296
4/4/2020,Wind,6994,23,0,95
2/2/2023,Wind,6620,22,23,33
11/16/2022,Wind,8639,4,5,320
9/10/2020,Wind,1588,6,7,254
3/9/2022,Wind,5409,19,20,68
7/23/2025,Wind,981,4,5,204
3/10/2022,Wind,6480,15,16,69
12/4/2021,Wind,11148,21,22,338
9/2/2024,Wind,1417,4,5,246
8/5/2025,Wind,4930,7,8,217
2/19/2024,Wind,3561,4,5,50
9/23/2025,Wind,7015,20,21,266
3/17/2025,Wind,5480,5,6,76
12/12/2020,Wind,6148,0,1,347
6/2/2022,Solar,6196,11,12,153
8/11/2024,Wind,4609,20,21,224
7/27/2021,Wind,6091,17,18,208
10/1/2022,Wind,9643,18,19,274
12/12/2023,Wind,12126,20,21,346
3/17/2020,Wind,985,6,7,77
6/5/2024,Wind,2061,21,22,157
6/20/2021,Wind,3261,5,6,171
10/31/2025,Wind,9983,3,4,304
1/3/2024,Wind,16866,22,23,3
4/25/2021,Wind,8382,2,3,115
1/23/2024,Wind,10479,10,11,23
6/12/2023,Wind,1553,5,6,163
2/19/2022,Wind,11830,1,2,50
1/29/2020,Wind,7825,7,8,29
12/20/2020,Wind,5033,18,19,355
6/2/2020,Solar,3567,15,16,154
5/28/2024,Wind,6596,8,9,149
1/30/2023,Wind,7712,9,10,30
5/4/2020,Wind,4761,18,19,125
11/1/2021,Wind,12570,12,13,305
3/26/2020,Wind,6738,17,18,86
3/20/2022,Solar,5199,11,12,79
11/9/2021,Wind,1386,18,19,313
6/2/2020,Wind,1579,6,7,154
3/14/2021,Wind,10061,6,7,73
4/2/2024,Wind,14399,17,18,93
4/4/2025,Solar,8357,10,11,94
1/17/2023,Wind,2989,7,8,17
1/12/2023,Wind,16345,8,9,12
9/22/2022,Wind,2032,4,5,265
5/2/2020,Wind,4238,7,8,123
9/26/2024,Wind,12285,2,3,270
8/15/2024,Solar,9170,16,17,228
12/19/2024,Wind,10852,23,0,354
8/4/2025,Wind,4350,21,22,216
8/27/2023,Wind,4122,20,21,239
5/25/2023,Wind,12510,10,11,145
12/12/2020,Wind,5549,2,3,347
9/11/2023,Wind,1487,7,8,254
2/29/2024,Wind,11785,15,16,60
2/18/2025,Wind,7911,17,18,49
8/11/2020,Wind,789,6,7,224
7/12/2021,Wind,3009,21,22,193
12/10/2022,Wind,2001,9,10,344
9/8/2022,Wind,3781,1,2,251
4/13/2024,Wind,2145,1,2,104
5/19/2022,Wind,8552,11,12,139
5/15/2024,Wind,3240,1,2,136
1/4/2024,Wind,15949,0,1,4
3/16/2024,Wind,7152,4,5,76
4/17/2024,Wind,5485,2,3,108
10/10/2023,Wind,2350,23,0,283
7/20/2021,Solar,5061,17,18,201
6/28/2024,Solar,2931,19,20,180
10/17/2022,Wind,8371,4,5,290
5/4/2024,Wind,7097,16,17,125
11/23/2022,Wind,11998,16,17,327
7/25/2024,Solar,10189,14,15,207
11/22/2023,Wind,7046,0,1,326
5/23/2023,Wind,11450,13,14,143
10/17/2024,Wind,3422,14,15,291
6/18/2020,Solar,5327,15,16,170
9/16/2020,Wind,4286,19,20,260
9/1/2024,Solar,5454,10,11,245
11/29/2022,Wind,2348,1,2,333
7/31/2022,Wind,2172,0,1,212
11/11/2022,Wind,4710,22,23,315
10/24/2024,Solar,8418,13,14,298
9/9/2025,Wind,2328,1,2,252
6/3/2022,Solar,3195,10,11,154
4/11/2020,Solar,4030,12,13,102
3/28/2025,Wind,2900,6,7,87
9/24/2024,Wind,5173,1,2,268
5/29/2021,Wind,2818,8,9,149
12/13/2020,Wind,8724,17,18,348
12/21/2024,Wind,16264,15,16,356
1/30/2021,Wind,7466,9,10,30
4/28/2023,Wind,4416,19,20,118
2/22/2023,Wind,3681,8,9,53
7/4/2024,Wind,4917,2,3,186
8/17/2023,Wind,3285,22,23,229
3/1/2025,Wind,6964,6,7,60
4/5/2021,Wind,11176,17,18,95
4/24/2025,Wind,2874,3,4,114
1/1/2023,Wind,11352,11,12,1
9/21/2024,Wind,3706,18,19,265
2/6/2022,Wind,15231,8,9,37
6/22/2023,Wind,8029,12,13,173
6/19/2022,Wind,6609,23,0,170
12/29/2022,Wind,14628,7,8,363
10/8/2021,Wind,7401,16,17,281
3/3/2021,Solar,2297,15,16,62
8/25/2022,Solar,4102,9,10,237
11/2/2023,Wind,15749,12,13,306
4/28/2023,Wind,11332,15,16,118
3/19/2024,Solar,2995,8,9,79
10/18/2025,Wind,5298,2,3,291
9/9/2025,Wind,3952,18,19,252
2/26/2020,Wind,10052,6,7,57
8/2/2023,Wind,11426,3,4,214
1/27/2024,Wind,2168,4,5,27
12/29/2022,Wind,14107,9,10,363
8/31/2024,Wind,4126,5,6,244
1/12/2025,Wind,2882,4,5,12
10/10/2021,Solar,5083,12,13,283
3/6/2025,Solar,15080,12,13,65
9/27/2023,Wind,6093,20,21,270
3/21/2022,Wind,4047,6,7,80
7/25/2022,Wind,13252,14,15,206
1/7/2020,Wind,5559,20,21,7
6/19/2025,Solar,5699,12,13,170
10/2/2023,Wind,9165,22,23,275
10/22/2025,Wind,4199,6,7,295
8/20/2020,Wind,4652,1,2,233
1/5/2023,Wind,6315,8,9,5
4/15/2021,Wind,4765,8,9,105
4/3/2023,Wind,5730,6,7,93
7/28/2022,Solar,4699,16,17,209
3/16/2022,Wind,4803,22,23,75
2/11/2024,Wind,5948,23,0,42
4/18/2022,Solar,4102,10,11,108
8/20/2020,Wind,4778,0,1,233
5/30/2021,Wind,5283,18,19,150
2/3/2024,Wind,5398,0,1,34
2/2/2022,Wind,7343,12,13,33
8/11/2022,Solar,7985,16,17,223
3/2/2020,Wind,8237,0,1,62
7/20/2020,Solar,6001,12,13,202
2/25/2025,Wind,5499,6,7,56
9/27/2023,Solar,4720,9,10,270
1/28/2021,Wind,13384,7,8,28
4/11/2021,Wind,6470,9,10,101
1/4/2023,Wind,17387,13,14,4
5/22/2023,Wind,2460,7,8,142
6/1/2020,Wind,2810,23,0,153
1/12/2025,Wind,3280,7,8,12
12/28/2020,Wind,9585,14,15,363
3/26/2024,Wind,5113,11,12,86
5/5/2021,Wind,6830,3,4,125
2/3/2022,Wind,3193,8,9,34
11/15/2022,Wind,8025,23,0,319
1/13/2025,Wind,3745,17,18,13
10/29/2021,Wind,12826,11,12,302
2/20/2020,Wind,9235,21,22,51
9/11/2020,Wind,978,20,21,255
4/20/2022,Wind,6149,13,14,110
2/26/2021,Wind,3431,9,10,57
3/21/2023,Wind,3815,2,3,80
8/24/2022,Wind,918,6,7,236
3/4/2023,Wind,4696,3,4,63
7/12/2025,Wind,3675,6,7,193
8/8/2021,Wind,5143,8,9,220
3/26/2020,Wind,9436,11,12,86
4/14/2023,Wind,9132,18,19,104
2/24/2022,Wind,4044,2,3,55
1/19/2020,Wind,7199,21,22,19
9/28/2025,Wind,1930,18,19,271
7/25/2025,Wind,3699,20,21,206
9/21/2022,Solar,7231,15,16,264
3/27/2023,Wind,2171,21,22,86
1/10/2022,Wind,1854,17,18,10
6/15/2025,Solar,3323,11,12,166
9/27/2025,Wind,988,19,20,270
6/5/2024,Solar,5467,16,17,157
1/31/2022,Wind,16588,12,13,31
5/10/2025,Solar,6026,15,16,130
11/9/2020,Solar,3129,12,13,314
12/8/2024,Wind,17595,9,10,343
3/4/2021,Solar,2510,10,11,63
7/10/2020,Wind,2854,6,7,192
3/12/2025,Solar,3819,15,16,71
9/1/2023,Solar,3528,18,19,244
1/12/2024,Wind,6614,7,8,12
7/14/2023,Solar,9021,10,11,195
11/29/2020,Wind,3884,14,15,334
11/3/2023,Wind,11587,20,21,307
7/15/2024,Wind,806,2,3,197
1/13/2021,Wind,10124,21,22,13
5/5/2021,Wind,7103,19,20,125
3/21/2023,Wind,6853,21,22,80
7/3/2024,Wind,12507,16,17,185
7/11/2025,Wind,4561,2,3,192
7/30/2021,Wind,7443,10,11,211
4/6/2022,Wind,5703,8,9,96
11/9/2025,Solar,6137,10,11,313
2/8/2024,Wind,14578,9,10,39
5/6/2021,Wind,2774,23,0,126
10/23/2021,Wind,2533,9,10,296
10/7/2022,Wind,2893,23,0,280
2/2/2024,Wind,7591,20,21,33
12/13/2022,Wind,3271,18,19,347
5/28/2022,Wind,6736,23,0,148
4/8/2023,Solar,8121,15,16,98
6/5/2024,Wind,2600,3,4,157
3/26/2025,Wind,4117,8,9,85
8/27/2024,Wind,4362,7,8,240
3/22/2020,Wind,8012,5,6,82
4/26/2022,Wind,5243,22,23,116
5/19/2023,Wind,10001,15,16,139
1/24/2022,Wind,2969,3,4,24
2/1/2022,Wind,7682,8,9,32
12/16/2024,Wind,7471,4,5,351
12/16/2023,Solar,5289,11,12,350
10/29/2023,Wind,13201,17,18,302
1/6/2022,Wind,6842,20,21,6
4/6/2022,Wind,13079,15,16,96
6/16/2023,Wind,1185,22,23,167
10/26/2021,Wind,3058,1,2,299
11/26/2025,Solar,6697,13,14,330
12/8/2022,Wind,2588,12,13,342
1/25/2021,Wind,5382,7,8,25
3/30/2020,Wind,11078,18,19,90
12/8/2023,Wind,5928,12,13,342
9/3/2022,Wind,1564,7,8,246
5/13/2024,Wind,2486,2,3,134
7/17/2024,Wind,1311,6,7,199
8/1/2021,Solar,6936,14,15,213
7/25/2024,Wind,1757,7,8,207
4/30/2021,Solar,2380,16,17,120
8/23/2025,Solar,7139,17,18,235
10/12/2021,Wind,3745,21,22,285
12/29/2020,Wind,6417,2,3,364
1/6/2023,Wind,7136,1,2,6
4/18/2025,Solar,7510,14,15,108
10/27/2021,Solar,5169,15,16,300
12/9/2023,Wind,8230,0,1,343
12/21/2024,Wind,11974,0,1,356
1/5/2025,Wind,17589,8,9,5
10/6/2021,Wind,2961,22,23,279
1/16/2024,Solar,3645,13,14,16
9/21/2022,Wind,2874,0,1,264
11/8/2024,Wind,2488,5,6,313
1/29/2021,Wind,14288,9,10,29
8/7/2021,Wind,2984,1,2,219
7/23/2024,Wind,4481,20,21,205
6/27/2025,Wind,2148,6,7,178
10/9/2020,Wind,2199,6,7,283
8/15/2020,Solar,3858,13,14,228
10/13/2024,Wind,846,19,20,287
11/18/2021,Wind,1595,0,1,322
4/29/2021,Wind,2584,7,8,119
9/24/2024,Wind,4603,19,20,268
10/13/2020,Wind,6503,15,16,287
9/7/2025,Wind,6502,2,3,250
3/28/2024,Wind,14376,1,2,88
7/7/2020,Wind,2114,20,21,189
5/22/2020,Wind,6372,17,18,143
1/26/2023,Wind,5197,10,11,26
4/25/2020,Solar,4085,13,14,116
7/14/2024,Solar,2634,10,11,196
12/11/2024,Wind,6865,14,15,346
10/20/2023,Wind,7162,18,19,293
7/31/2022,Wind,1873,7,8,212
11/19/2020,Wind,4071,22,23,324
5/13/2023,Wind,9897,13,14,133
1/29/2024,Wind,5859,17,18,29
4/19/2024,Wind,18551,14,15,110
6/9/2020,Wind,5018,16,17,161
3/30/2025,Wind,6026,21,22,89
7/4/2020,Wind,2880,0,1,186
4/21/2023,Solar,7908,12,13,111
3/11/2025,Wind,5850,9,10,70
9/1/2021,Wind,7034,21,22,244
8/18/2025,Wind,5172,5,6,230
1/16/2022,Wind,5504,11,12,16
4/8/2020,Wind,690,22,23,99
3/20/2024,Wind,4474,8,9,80
9/2/2021,Wind,6040,8,9,245
6/6/2025,Wind,8130,5,6,157
4/5/2025,Solar,6317,15,16,95
7/18/2021,Wind,4909,5,6,199
5/30/2020,Wind,3028,8,9,151
1/15/2023,Wind,9467,2,3,15
9/8/2022,Wind,5397,22,23,251
10/22/2025,Wind,10734,20,21,295
12/28/2021,Wind,15685,14,15,362
9/29/2024,Wind,10984,22,23,273
6/14/2020,Solar,5704,13,14,166
12/23/2021,Wind,9426,10,11,357
3/18/2024,Wind,933,23,0,78
8/24/2023,Wind,13574,15,16,236
10/29/2021,Wind,12500,9,10,302
6/16/2025,Solar,8507,17,18,167
10/7/2024,Wind,6327,14,15,281
8/25/2021,Wind,6018,2,3,237
3/3/2023,Wind,4375,6,7,62
7/22/2024,Wind,3692,22,23,204
8/12/2025,Wind,3451,19,20,224
4/18/2023,Wind,7360,1,2,108
3/25/2024,Wind,1955,4,5,85
1/17/2022,Solar,3473,14,15,17
5/5/2024,Wind,3218,0,1,126
4/8/2023,Wind,3198,21,22,98
8/1/2022,Solar,6020,16,17,213
3/5/2024,Wind,9324,10,11,65
6/2/2025,Wind,2418,7,8,153
11/4/2024,Wind,2712,7,8,309
8/11/2025,Wind,5798,4,5,223
12/25/2023,Wind,12549,18,19,359
4/13/2022,Wind,1056,23,0,103
10/13/2024,Solar,5958,12,13,287
7/30/2023,Wind,8854,19,20,211
9/14/2020,Wind,2506,5,6,258
11/14/2023,Wind,12183,23,0,318
8/25/2024,Wind,8078,0,1,238
9/29/2025,Wind,1685,7,8,272
4/23/2024,Wind,4207,22,23,114
11/14/2022,Wind,3756,6,7,318
6/21/2025,Wind,3209,5,6,172
1/2/2024,Wind,17304,22,23,2
4/29/2020,Wind,11037,14,15,120
1/4/2021,Wind,1985,1,2,4
10/26/2025,Wind,14963,22,23,299
6/23/2024,Solar,3443,8,9,175
12/4/2022,Wind,3339,3,4,338
1/20/2022,Wind,3390,5,6,20
6/21/2020,Wind,3262,22,23,173
4/7/2024,Wind,9110,3,4,98
5/21/2024,Wind,1742,6,7,142
3/8/2023,Wind,14517,22,23,67
8/26/2021,Solar,8587,15,16,238
10/16/2025,Wind,4833,1,2,289
11/6/2020,Wind,5205,15,16,311
10/20/2022,Wind,5532,18,19,293
2/22/2025,Wind,8303,16,17,53
11/8/2021,Wind,1830,19,20,312
4/16/2024,Wind,10661,15,16,107
4/7/2022,Wind,13977,20,21,97
11/7/2023,Wind,8342,18,19,311
5/16/2020,Wind,4229,23,0,137
12/8/2021,Wind,4609,17,18,342
4/27/2022,Wind,5412,8,9,117
1/31/2025,Wind,3781,23,0,31
12/26/2022,Wind,8297,15,16,360
5/15/2023,Wind,8937,20,21,135
2/22/2022,Wind,14800,14,15,53
6/3/2023,Wind,4876,8,9,154
3/3/2021,Wind,854,19,20,62
6/18/2020,Wind,1799,21,22,170
9/28/2024,Solar,7308,16,17,272
6/13/2020,Wind,5636,13,14,165
12/26/2024,Wind,2631,7,8,361
7/28/2020,Wind,2945,23,0,210
9/12/2020,Wind,1281,20,21,256
12/1/2023,Wind,1917,4,5,335
2/5/2021,Wind,1882,5,6,36
5/25/2024,Wind,1504,21,22,146
2/8/2023,Wind,4023,0,1,39
